category,condition,brand,price
phone,excellent,Apple,56000
phone,excellent,Apple,52000
phone,excellent,Apple,59000
phone,good,Apple,43000
phone,good,Apple,41000
phone,excellent,Samsung,47000
phone,good,Samsung,39000
phone,fair,Samsung,28000
phone,excellent,Xiaomi,23000
phone,good,Xiaomi,18000
phone,good,Realme,16000
phone,excellent,OnePlus,42000
laptop,excellent,Dell,76000
laptop,excellent,Dell,72000
laptop,good,Dell,60000
laptop,good,HP,52000
laptop,fair,HP,37000
laptop,excellent,Lenovo,69000
laptop,good,Lenovo,54000
laptop,excellent,Apple,115000
laptop,good,Apple,93000
laptop,good,Asus,57000
camera,excellent,Canon,42000
camera,good,Canon,33000
camera,fair,Canon,26000
camera,excellent,Nikon,45000
camera,good,Nikon,35000
camera,excellent,Sony,62000
camera,good,Sony,51000
camera,good,Fujifilm,58000
furniture,excellent,Regal,9000
furniture,good,Regal,5200
furniture,fair,Regal,3500
furniture,excellent,Hatil,16000
furniture,good,Hatil,10500
furniture,good,Otobi,8500
furniture,good,generic,4500
furniture,fair,generic,2800
bicycle,excellent,Phoenix,18000
bicycle,good,Phoenix,13500
bicycle,good,Duranta,11500
bicycle,fair,Duranta,8000
bicycle,good,generic,6500
appliance,excellent,Walton,22000
appliance,good,Walton,16000
appliance,good,Singer,18000
appliance,excellent,Samsung,34000
appliance,good,Samsung,26000
appliance,good,LG,28000
book,excellent,generic,1200
book,good,generic,700
book,fair,generic,350
game,excellent,Sony,48000
game,good,Sony,39000
game,good,Microsoft,36000
phone,new,Realme,36150
laptop,new,Dell,48350
camera,new,Nikon,30300
furniture,new,Otobi,19450
bicycle,new,Hero,29450
appliance,new,Whirlpool,27550
fashion,new,Aarong,7000
books,new,Cambridge,6250
gaming,new,Razer,51050
accessories,new,Generic,17700
phone,excellent,Realme,88500
laptop,excellent,Acer,140350
camera,excellent,Sony,71800
furniture,excellent,Local,33450
bicycle,excellent,Phoenix,38400
appliance,excellent,LG,58550
fashion,excellent,Sailor,9950
books,excellent,Pearson,1500
gaming,excellent,Nintendo,27350
accessories,excellent,Baseus,6900
phone,good,Xiaomi,45900
laptop,good,Asus,26250
camera,good,Nikon,77950
furniture,good,Local,16350
bicycle,good,Giant,38700
appliance,good,Samsung,28700
fashion,good,Yellow,2650
books,good,Cambridge,2850
gaming,good,Nintendo,25600
accessories,good,Samsung,10050
phone,fair,Realme,35750
laptop,fair,Lenovo,49350
camera,fair,Panasonic,7350
furniture,fair,Hatil,2900
bicycle,fair,Giant,4450
appliance,fair,Walton,27950
fashion,fair,Generic,6800
books,fair,Pearson,2250
gaming,fair,Razer,3150
accessories,fair,Apple,3850
phone,poor,Xiaomi,23650
laptop,poor,HP,11200
camera,poor,Canon,30300
furniture,poor,IKEA,550
bicycle,poor,Phoenix,13300
appliance,poor,LG,17800
fashion,poor,Aarong,2500
books,poor,Cambridge,900
gaming,poor,Nintendo,9750
accessories,poor,Generic,3150
phone,new,OnePlus,120750
laptop,new,Lenovo,51450
camera,new,Panasonic,44400
furniture,new,Regal,2900
bicycle,new,Hero,51100
appliance,new,Samsung,78150
fashion,new,Sailor,9800
books,new,OReilly,450
gaming,new,Nintendo,39900
accessories,new,Apple,20250
phone,excellent,Samsung,65250
laptop,excellent,Asus,75600
camera,excellent,Sony,78950
furniture,excellent,IKEA,26600
bicycle,excellent,Trek,62550
appliance,excellent,Singer,34950
fashion,excellent,Sailor,6650
books,excellent,Penguin,3800
gaming,excellent,Nintendo,3750
accessories,excellent,Apple,7600
phone,good,Apple,73700
laptop,good,Apple,36500
camera,good,Fujifilm,63250
furniture,good,Hatil,25800
bicycle,good,Giant,28200
appliance,good,LG,26650
fashion,good,Yellow,1600
books,good,Pearson,3500
gaming,good,Sony,35800
accessories,good,Apple,10950
phone,fair,Realme,15650
laptop,fair,Asus,40050
camera,fair,Nikon,35900
furniture,fair,Regal,5500
bicycle,fair,Duranta,11550
appliance,fair,Walton,21000
fashion,fair,Generic,4100
books,fair,Nilkhet,1100
gaming,fair,Microsoft,37400
accessories,fair,Samsung,1450
phone,poor,OnePlus,19300
laptop,poor,Asus,20700
camera,poor,Panasonic,30950
furniture,poor,Otobi,10250
bicycle,poor,Trek,12400
appliance,poor,Singer,14150
fashion,poor,Ecstasy,1850
books,poor,OReilly,1300
gaming,poor,Microsoft,13450
accessories,poor,Baseus,3600
phone,new,Apple,84600
laptop,new,Apple,55250
camera,new,Fujifilm,153100
furniture,new,Otobi,7650
bicycle,new,Trek,15450
appliance,new,Whirlpool,84850
fashion,new,Generic,17200
books,new,OReilly,2050
gaming,new,Microsoft,41350
accessories,new,Samsung,9900
phone,excellent,Apple,52850
laptop,excellent,HP,37550
camera,excellent,Sony,27050
furniture,excellent,Hatil,32950
bicycle,excellent,Trek,63750
appliance,excellent,Whirlpool,56100
fashion,excellent,Generic,11150
books,excellent,OReilly,2550
gaming,excellent,Logitech,22900
accessories,excellent,Samsung,7100
phone,good,Google,64400
laptop,good,Apple,78100
camera,good,Fujifilm,83000
furniture,good,Otobi,12200
bicycle,good,Trek,7850
appliance,good,Walton,6100
fashion,good,Aarong,5800
books,good,OReilly,3350
gaming,good,Microsoft,56150
accessories,good,Apple,11100
phone,fair,Samsung,21050
laptop,fair,Dell,75000
camera,fair,Fujifilm,18200
furniture,fair,Otobi,2900
bicycle,fair,Trek,16400
appliance,fair,Samsung,16000
fashion,fair,Sailor,7300
books,fair,Nilkhet,2400
gaming,fair,Nintendo,39350
accessories,fair,Baseus,5600
phone,poor,Apple,21450
laptop,poor,Lenovo,21000
camera,poor,Sony,37100
furniture,poor,Hatil,3300
bicycle,poor,Duranta,2500
appliance,poor,Singer,17350
fashion,poor,Yellow,150
books,poor,Pearson,1300
gaming,poor,Microsoft,3800
accessories,poor,Anker,4450
phone,new,Google,40500
laptop,new,Dell,51650
camera,new,Nikon,86400
furniture,new,Hatil,10900
bicycle,new,Duranta,16950
appliance,new,Walton,55400
fashion,new,Generic,4400
books,new,Pearson,4850
gaming,new,Logitech,20400
accessories,new,Samsung,1200
phone,excellent,Realme,74400
laptop,excellent,Apple,88200
camera,excellent,Fujifilm,80650
furniture,excellent,IKEA,9750
bicycle,excellent,Hero,31750
appliance,excellent,Samsung,68650
fashion,excellent,Generic,14650
books,excellent,OReilly,2100
gaming,excellent,Razer,44350
accessories,excellent,Samsung,14600
phone,good,Google,12050
laptop,good,Lenovo,22100
camera,good,Fujifilm,72000
furniture,good,IKEA,29700
bicycle,good,Duranta,56750
appliance,good,Singer,20900
fashion,good,Sailor,700
books,good,Pearson,3350
gaming,good,Nintendo,47550
accessories,good,Samsung,6350
phone,fair,Realme,25550
laptop,fair,Asus,49600
camera,fair,Nikon,56200
furniture,fair,Regal,16900
bicycle,fair,Hero,17000
appliance,fair,Singer,12750
fashion,fair,Sailor,1000
books,fair,Pearson,1700
gaming,fair,Microsoft,30350
accessories,fair,Apple,1050
phone,poor,Xiaomi,11750
laptop,poor,Lenovo,23300
camera,poor,Panasonic,13800
furniture,poor,Otobi,650
bicycle,poor,Hero,20350
appliance,poor,Walton,2250
fashion,poor,Sailor,3350
books,poor,Pearson,1400
gaming,poor,Microsoft,4750
accessories,poor,Baseus,2200
phone,new,Google,27450
laptop,new,Apple,136550
camera,new,Canon,60100
furniture,new,IKEA,26300
bicycle,new,Hero,34550
appliance,new,Walton,27150
fashion,new,Yellow,14450
books,new,Penguin,1250
gaming,new,Sony,32850
accessories,new,Baseus,15850
phone,excellent,Xiaomi,95100
laptop,excellent,Lenovo,115450
camera,excellent,Sony,76350
furniture,excellent,IKEA,36500
bicycle,excellent,Duranta,43100
appliance,excellent,LG,37050
fashion,excellent,Generic,1750
books,excellent,Nilkhet,1450
gaming,excellent,Sony,24700
accessories,excellent,Baseus,5000
phone,good,Apple,18150
laptop,good,Acer,85550
camera,good,Fujifilm,17050
furniture,good,Regal,2900
bicycle,good,Hero,17750
appliance,good,Whirlpool,3750
fashion,good,Sailor,6750
books,good,Nilkhet,250
gaming,good,Logitech,25700
accessories,good,Anker,9750
phone,fair,Google,30100
laptop,fair,Acer,66150
camera,fair,Fujifilm,53100
furniture,fair,Hatil,14950
bicycle,fair,Giant,19300
appliance,fair,Walton,21400
fashion,fair,Generic,7400
books,fair,Nilkhet,1150
gaming,fair,Sony,24750
accessories,fair,Apple,5050
phone,poor,Xiaomi,26450
laptop,poor,Lenovo,32700
camera,poor,Sony,16600
furniture,poor,IKEA,6700
bicycle,poor,Hero,11200
appliance,poor,Whirlpool,8450
fashion,poor,Yellow,2100
books,poor,Nilkhet,800
gaming,poor,Nintendo,4500
accessories,poor,Anker,5750
phone,new,Xiaomi,102900
laptop,new,Lenovo,74450
camera,new,Panasonic,19000
furniture,new,IKEA,23500
bicycle,new,Giant,68550
appliance,new,Whirlpool,56700
fashion,new,Generic,5700
books,new,Cambridge,5700
gaming,new,Nintendo,65500
accessories,new,Baseus,3350
phone,excellent,Realme,62100
laptop,excellent,Acer,101500
camera,excellent,Canon,41150
furniture,excellent,Regal,31550
bicycle,excellent,Hero,12650
appliance,excellent,Whirlpool,59600
fashion,excellent,Yellow,7400
books,excellent,Cambridge,1000
gaming,excellent,Sony,23450
accessories,excellent,Anker,15300
phone,good,OnePlus,68950
laptop,good,Asus,37700
camera,good,Sony,45850
furniture,good,Hatil,12350
bicycle,good,Duranta,21700
appliance,good,LG,30050
fashion,good,Generic,7300
books,good,OReilly,2650
gaming,good,Razer,26900
accessories,good,Generic,2900
phone,fair,OnePlus,37000
laptop,fair,Asus,20950
camera,fair,Fujifilm,32500
furniture,fair,Local,3500
bicycle,fair,Giant,16850
appliance,fair,Samsung,7500
fashion,fair,Ecstasy,5900
books,fair,Pearson,600
gaming,fair,Nintendo,28350
accessories,fair,Generic,6350
phone,poor,Apple,14750
laptop,poor,Acer,35700
camera,poor,Nikon,14500
furniture,poor,Hatil,3700
bicycle,poor,Duranta,1500
appliance,poor,Singer,10450
fashion,poor,Ecstasy,1450
books,poor,Pearson,300
gaming,poor,Nintendo,10700
accessories,poor,Apple,1350
phone,new,Samsung,74500
laptop,new,Asus,89600
camera,new,Nikon,50200
furniture,new,Local,16950
bicycle,new,Phoenix,24650
appliance,new,Walton,36100
fashion,new,Aarong,9950
books,new,Pearson,5450
gaming,new,Razer,74900
accessories,new,Anker,4500
phone,excellent,Realme,64750
laptop,excellent,Dell,123950
camera,excellent,Fujifilm,18550
furniture,excellent,Local,24450
bicycle,excellent,Giant,28850
appliance,excellent,Singer,29400
fashion,excellent,Ecstasy,12200
books,excellent,Cambridge,4350
gaming,excellent,Microsoft,56100
accessories,excellent,Generic,3850
phone,good,Apple,53450
laptop,good,Lenovo,65650
camera,good,Canon,49400
furniture,good,IKEA,32900
bicycle,good,Duranta,6400
appliance,good,Whirlpool,20100
fashion,good,Sailor,3200
books,good,OReilly,3950
gaming,good,Microsoft,3000
accessories,good,Baseus,7700
phone,fair,Realme,36300
laptop,fair,Dell,49100
camera,fair,Fujifilm,11550
furniture,fair,Otobi,20250
bicycle,fair,Giant,20550
appliance,fair,Samsung,16650
fashion,fair,Sailor,4450
books,fair,Pearson,2250
gaming,fair,Nintendo,17700
accessories,fair,Apple,5400
phone,poor,Samsung,14600
laptop,poor,Lenovo,31150
camera,poor,Panasonic,19500
furniture,poor,Otobi,3500
bicycle,poor,Trek,6400
appliance,poor,Walton,6700
fashion,poor,Aarong,900
books,poor,Nilkhet,800
gaming,poor,Sony,23300
accessories,poor,Apple,4000
phone,new,Google,71100
laptop,new,Apple,46000
camera,new,Panasonic,73350
furniture,new,Hatil,52850
bicycle,new,Phoenix,26150
appliance,new,LG,30550
fashion,new,Aarong,15000
books,new,Penguin,3750
gaming,new,Razer,47800
accessories,new,Samsung,2500
phone,excellent,OnePlus,80850
laptop,excellent,HP,65650
camera,excellent,Panasonic,23000
furniture,excellent,Otobi,8950
bicycle,excellent,Trek,15750
appliance,excellent,LG,3150
fashion,excellent,Generic,9250
books,excellent,Pearson,2850
gaming,excellent,Nintendo,48500
accessories,excellent,Baseus,9900
phone,good,Google,68700
laptop,good,Lenovo,106900
camera,good,Fujifilm,29650
furniture,good,Otobi,20650
bicycle,good,Duranta,34100
appliance,good,Samsung,57850
fashion,good,Generic,6700
books,good,Penguin,2350
gaming,good,Sony,13250
accessories,good,Generic,4300
phone,fair,Apple,36450
laptop,fair,Lenovo,32250
camera,fair,Canon,7450
furniture,fair,Otobi,12700
bicycle,fair,Trek,7150
appliance,fair,Singer,31000
fashion,fair,Aarong,5300
books,fair,OReilly,2850
gaming,fair,Razer,3200
accessories,fair,Samsung,7950
phone,poor,OnePlus,14500
laptop,poor,Acer,20300
camera,poor,Canon,10100
furniture,poor,Otobi,11000
bicycle,poor,Giant,3000
appliance,poor,LG,7250
fashion,poor,Yellow,3800
books,poor,OReilly,200
gaming,poor,Logitech,2250
accessories,poor,Baseus,2650
phone,new,Google,42450
laptop,new,Asus,116600
camera,new,Canon,138800
furniture,new,Local,53150
bicycle,new,Trek,41250
appliance,new,LG,26450
fashion,new,Sailor,15750
books,new,Pearson,6250
gaming,new,Logitech,42400
accessories,new,Samsung,15800
phone,excellent,Apple,30000
laptop,excellent,Dell,97600
camera,excellent,Nikon,74000
furniture,excellent,Hatil,5850
bicycle,excellent,Phoenix,21600
appliance,excellent,Whirlpool,4450
fashion,excellent,Aarong,1800
books,excellent,Pearson,2550
gaming,excellent,Nintendo,68050
accessories,excellent,Baseus,3050
phone,good,Xiaomi,55700
laptop,good,HP,96800
camera,good,Panasonic,60600
furniture,good,IKEA,16150
bicycle,good,Giant,17500
appliance,good,Samsung,23200
fashion,good,Generic,2100
books,good,Penguin,900
gaming,good,Logitech,12200
accessories,good,Samsung,4550
phone,fair,Samsung,44050
laptop,fair,HP,26850
camera,fair,Fujifilm,41100
furniture,fair,Otobi,11050
bicycle,fair,Trek,9900
appliance,fair,LG,15100
fashion,fair,Generic,7450
books,fair,Penguin,1950
gaming,fair,Logitech,22900
accessories,fair,Samsung,3600
phone,poor,Samsung,14300
laptop,poor,HP,22500
camera,poor,Panasonic,30950
furniture,poor,Otobi,6500
bicycle,poor,Hero,17600
appliance,poor,Whirlpool,22850
fashion,poor,Yellow,750
books,poor,OReilly,650
gaming,poor,Nintendo,3900
accessories,poor,Apple,1850
phone,new,Apple,56850
laptop,new,Asus,24550
camera,new,Canon,125700
furniture,new,IKEA,42400
bicycle,new,Giant,47750
appliance,new,LG,27750
fashion,new,Sailor,7900
books,new,Cambridge,4550
gaming,new,Nintendo,3350
accessories,new,Apple,16100
phone,excellent,Apple,62300
laptop,excellent,Acer,64850
camera,excellent,Nikon,58800
furniture,excellent,Regal,23150
bicycle,excellent,Giant,28400
appliance,excellent,LG,26450
fashion,excellent,Ecstasy,7800
books,excellent,OReilly,2250
gaming,excellent,Logitech,66900
accessories,excellent,Anker,13300
phone,good,Apple,49150
laptop,good,HP,38850
camera,good,Panasonic,73550
furniture,good,Regal,9900
bicycle,good,Hero,46650
appliance,good,Whirlpool,16700
fashion,good,Ecstasy,8250
books,good,Cambridge,3200
gaming,good,Sony,39050
accessories,good,Anker,9100
phone,fair,Apple,11000
laptop,fair,Lenovo,47500
camera,fair,Nikon,34300
furniture,fair,Regal,11000
bicycle,fair,Trek,23200
appliance,fair,Whirlpool,37400
fashion,fair,Generic,1250
books,fair,OReilly,750
gaming,fair,Microsoft,33700
accessories,fair,Generic,5200
phone,poor,Realme,25300
laptop,poor,HP,14050
camera,poor,Nikon,30800
furniture,poor,Regal,8250
bicycle,poor,Trek,14100
appliance,poor,Walton,10900
fashion,poor,Aarong,3850
books,poor,OReilly,300
gaming,poor,Nintendo,7350
accessories,poor,Generic,200
phone,new,OnePlus,31600
laptop,new,Dell,141150
camera,new,Nikon,41850
furniture,new,Hatil,25600
bicycle,new,Trek,68050
appliance,new,LG,61400
fashion,new,Yellow,15950
books,new,Cambridge,3200
gaming,new,Microsoft,58800
accessories,new,Samsung,16150
phone,excellent,OnePlus,88150
laptop,excellent,HP,129500
camera,excellent,Fujifilm,46550
furniture,excellent,Local,8700
bicycle,excellent,Trek,4400
appliance,excellent,LG,20250
fashion,excellent,Sailor,8200
books,excellent,Pearson,3800
gaming,excellent,Nintendo,25600
accessories,excellent,Generic,7700
phone,good,Xiaomi,15100
laptop,good,Apple,53200
camera,good,Fujifilm,45950
furniture,good,IKEA,10250
bicycle,good,Duranta,39000
appliance,good,Samsung,24300
fashion,good,Yellow,6700
books,good,Nilkhet,2900
gaming,good,Logitech,37650
accessories,good,Generic,13050
phone,fair,Google,57950
laptop,fair,Acer,50800
camera,fair,Fujifilm,64800
furniture,fair,Regal,3750
bicycle,fair,Phoenix,7750
appliance,fair,Whirlpool,12500
fashion,fair,Ecstasy,6450
books,fair,Penguin,2250
gaming,fair,Razer,30800
accessories,fair,Generic,2750
phone,poor,Realme,18200
laptop,poor,HP,39050
camera,poor,Sony,10850
furniture,poor,Otobi,8200
bicycle,poor,Giant,10700
appliance,poor,LG,850
fashion,poor,Aarong,3700
books,poor,OReilly,1250
gaming,poor,Razer,1350
accessories,poor,Baseus,1350
phone,new,Xiaomi,44050
laptop,new,Dell,54900
camera,new,Canon,70750
furniture,new,Otobi,47400
bicycle,new,Trek,52100
appliance,new,Samsung,79800
fashion,new,Ecstasy,4350
books,new,Nilkhet,500
gaming,new,Microsoft,56150
accessories,new,Anker,11200
phone,excellent,Apple,67450
laptop,excellent,Lenovo,69550
camera,excellent,Panasonic,32250
furniture,excellent,IKEA,22150
bicycle,excellent,Phoenix,39250
appliance,excellent,Samsung,45500
fashion,excellent,Yellow,1050
books,excellent,Penguin,150
gaming,excellent,Sony,7450
accessories,excellent,Apple,1600
phone,good,Samsung,35950
laptop,good,Lenovo,102150
camera,good,Canon,54050
furniture,good,Local,24450
bicycle,good,Phoenix,25850
appliance,good,Whirlpool,49600
fashion,good,Ecstasy,1850
books,good,Penguin,2200
gaming,good,Sony,25800
accessories,good,Samsung,10900
phone,fair,Xiaomi,35800
laptop,fair,Asus,75700
camera,fair,Sony,65950
furniture,fair,Otobi,14500
bicycle,fair,Duranta,25200
appliance,fair,Walton,16550
fashion,fair,Generic,5050
books,fair,OReilly,3000
gaming,fair,Microsoft,2700
accessories,fair,Anker,9350
phone,poor,Xiaomi,8000
laptop,poor,Asus,20950
camera,poor,Panasonic,10300
furniture,poor,Regal,11200
bicycle,poor,Hero,13650
appliance,poor,LG,22550
fashion,poor,Aarong,200
books,poor,OReilly,200
gaming,poor,Razer,9850
accessories,poor,Generic,2100
phone,new,OnePlus,79500
laptop,new,Asus,125900
camera,new,Nikon,44450
furniture,new,IKEA,34900
bicycle,new,Trek,34450
appliance,new,Whirlpool,10250
fashion,new,Yellow,6350
books,new,Nilkhet,950
gaming,new,Nintendo,13100
accessories,new,Apple,7750
phone,excellent,Apple,23800
laptop,excellent,Asus,112800
camera,excellent,Sony,38450
furniture,excellent,Otobi,21750
bicycle,excellent,Hero,63700
appliance,excellent,Walton,32300
fashion,excellent,Ecstasy,6250
books,excellent,OReilly,1100
gaming,excellent,Razer,12200
accessories,excellent,Samsung,13850
phone,good,Realme,75550
laptop,good,Lenovo,48400
camera,good,Nikon,18400
furniture,good,Hatil,33950
bicycle,good,Phoenix,28950
appliance,good,Walton,4400
fashion,good,Aarong,1250
books,good,Nilkhet,3800
gaming,good,Nintendo,27250
accessories,good,Baseus,6900
phone,fair,OnePlus,14600
laptop,fair,Acer,66700
camera,fair,Sony,12950
furniture,fair,Otobi,13600
bicycle,fair,Giant,25300
appliance,fair,Singer,23050
fashion,fair,Ecstasy,5150
books,fair,Pearson,1050
gaming,fair,Microsoft,29000
accessories,fair,Apple,6250
phone,poor,OnePlus,18700
laptop,poor,Dell,7650
camera,poor,Canon,26350
furniture,poor,Otobi,8100
bicycle,poor,Hero,19850
appliance,poor,Singer,11100
fashion,poor,Yellow,1000
books,poor,Pearson,200
gaming,poor,Sony,1450
accessories,poor,Anker,4900
phone,new,Apple,46050
laptop,new,Dell,173500
camera,new,Panasonic,109450
furniture,new,Regal,45750
bicycle,new,Trek,19700
appliance,new,Walton,81850
fashion,new,Sailor,11050
books,new,Nilkhet,950
gaming,new,Sony,34350
accessories,new,Generic,6600
phone,excellent,OnePlus,93500
laptop,excellent,HP,84700
camera,excellent,Fujifilm,25400
furniture,excellent,Otobi,35350
bicycle,excellent,Giant,13850
appliance,excellent,LG,64550
fashion,excellent,Aarong,8650
books,excellent,Nilkhet,1400
gaming,excellent,Nintendo,42500
accessories,excellent,Anker,2800
phone,good,Apple,21850
laptop,good,Acer,113950
camera,good,Sony,78700
furniture,good,Hatil,26950
bicycle,good,Giant,28600
appliance,good,Whirlpool,8800
fashion,good,Ecstasy,8000
books,good,Pearson,2100
gaming,good,Razer,15900
accessories,good,Samsung,2350
phone,fair,Samsung,30100
laptop,fair,Apple,34900
camera,fair,Fujifilm,39900
furniture,fair,Regal,9300
bicycle,fair,Hero,30200
appliance,fair,Walton,19900
fashion,fair,Ecstasy,8700
books,fair,OReilly,2050
gaming,fair,Nintendo,4800
accessories,fair,Apple,400
phone,poor,Xiaomi,26900
laptop,poor,Dell,31350
camera,poor,Sony,22350
furniture,poor,Regal,10550
bicycle,poor,Trek,2050
appliance,poor,Singer,5950
fashion,poor,Yellow,2700
books,poor,Nilkhet,1200
gaming,poor,Razer,19750
accessories,poor,Generic,4250
phone,new,Xiaomi,92100
laptop,new,Acer,40350
camera,new,Nikon,96450
furniture,new,Regal,41000
bicycle,new,Trek,52800
appliance,new,LG,38250
fashion,new,Sailor,9100
books,new,Cambridge,1200
gaming,new,Microsoft,66000
accessories,new,Generic,6400
phone,excellent,Realme,78150
laptop,excellent,Acer,130900
camera,excellent,Panasonic,58500
furniture,excellent,Otobi,6650
bicycle,excellent,Duranta,41600
appliance,excellent,Whirlpool,12100
fashion,excellent,Sailor,13300
books,excellent,Cambridge,2300
gaming,excellent,Logitech,71650
accessories,excellent,Apple,16250
phone,good,Apple,81350
laptop,good,Asus,39600
camera,good,Canon,30250
furniture,good,Otobi,16050
bicycle,good,Giant,46000
appliance,good,Samsung,50700
fashion,good,Aarong,10300
books,good,Penguin,1150
gaming,good,Nintendo,22000
accessories,good,Baseus,6700
phone,fair,Google,39750
laptop,fair,Acer,17300
camera,fair,Fujifilm,11600
furniture,fair,Hatil,8050
bicycle,fair,Giant,15550
appliance,fair,LG,9200
fashion,fair,Ecstasy,4250
books,fair,Cambridge,350
gaming,fair,Razer,43400
accessories,fair,Baseus,4800
phone,poor,Apple,28850
laptop,poor,Acer,6100
camera,poor,Fujifilm,29850
furniture,poor,Otobi,6900
bicycle,poor,Trek,18450
appliance,poor,Walton,16600
fashion,poor,Yellow,950
books,poor,Nilkhet,500
gaming,poor,Nintendo,1650
accessories,poor,Baseus,4600
phone,new,Realme,53900
laptop,new,HP,111850
camera,new,Panasonic,81350
furniture,new,Regal,24050
bicycle,new,Phoenix,35350
appliance,new,Samsung,79650
fashion,new,Sailor,5450
books,new,OReilly,2600
gaming,new,Microsoft,86100
accessories,new,Anker,2700
phone,excellent,Google,79900
laptop,excellent,Acer,79350
camera,excellent,Fujifilm,107050
furniture,excellent,Otobi,35000
bicycle,excellent,Duranta,38300
appliance,excellent,Samsung,2750
fashion,excellent,Ecstasy,4750
books,excellent,Pearson,5050
gaming,excellent,Razer,41850
accessories,excellent,Generic,16850
phone,good,Apple,52000
laptop,good,Dell,67700
camera,good,Fujifilm,63650
furniture,good,IKEA,10200
bicycle,good,Trek,8350
appliance,good,Singer,12250
fashion,good,Aarong,350
books,good,Cambridge,550
gaming,good,Sony,15150
accessories,good,Anker,3350
phone,fair,Google,42900
laptop,fair,Dell,36800
camera,fair,Nikon,68200
furniture,fair,Hatil,11550
bicycle,fair,Trek,10700
appliance,fair,Singer,35100
fashion,fair,Ecstasy,3300
books,fair,Cambridge,2800
gaming,fair,Logitech,8300
accessories,fair,Baseus,2600
phone,poor,OnePlus,14150
laptop,poor,Acer,12050
camera,poor,Canon,16650
furniture,poor,Regal,7600
bicycle,poor,Hero,11300
appliance,poor,Whirlpool,3100
fashion,poor,Sailor,3800
books,poor,Pearson,300
gaming,poor,Microsoft,20750
accessories,poor,Generic,5350
phone,new,Xiaomi,126750
laptop,new,Acer,78800
camera,new,Fujifilm,65350
furniture,new,Regal,14400
bicycle,new,Phoenix,25500
appliance,new,Whirlpool,77350
fashion,new,Yellow,16550
books,new,OReilly,1450
gaming,new,Logitech,75200
accessories,new,Anker,16600
phone,excellent,Xiaomi,69000
laptop,excellent,HP,60850
camera,excellent,Canon,94700
furniture,excellent,Local,37000
bicycle,excellent,Giant,52250
appliance,excellent,Whirlpool,53950
fashion,excellent,Generic,5800
books,excellent,OReilly,5300
gaming,excellent,Nintendo,4850
accessories,excellent,Generic,1800
phone,good,Apple,14250
laptop,good,Lenovo,91100
camera,good,Sony,66450
furniture,good,Regal,12200
bicycle,good,Giant,39550
appliance,good,Walton,30450
fashion,good,Sailor,9100
books,good,Pearson,2250
gaming,good,Sony,32700
accessories,good,Anker,5500
phone,fair,OnePlus,22150
laptop,fair,Apple,34600
camera,fair,Fujifilm,49650
furniture,fair,Regal,3300
bicycle,fair,Duranta,5350
appliance,fair,Singer,6700
fashion,fair,Generic,5600
books,fair,Penguin,2600
gaming,fair,Sony,43800
accessories,fair,Anker,1050
phone,poor,Samsung,8550
laptop,poor,Apple,23350
camera,poor,Fujifilm,12600
furniture,poor,Otobi,5550
bicycle,poor,Phoenix,9200
appliance,poor,Samsung,19950
fashion,poor,Yellow,1300
books,poor,Pearson,1100
gaming,poor,Razer,14800
accessories,poor,Samsung,1850
phone,new,Samsung,57650
laptop,new,Asus,134400
camera,new,Sony,21450
furniture,new,Regal,15900
bicycle,new,Phoenix,54550
appliance,new,LG,23550
fashion,new,Ecstasy,16200
books,new,Cambridge,6550
gaming,new,Nintendo,41100
accessories,new,Apple,15300
phone,excellent,Samsung,20450
laptop,excellent,Dell,77650
camera,excellent,Canon,123900
furniture,excellent,Otobi,12700
bicycle,excellent,Phoenix,20650
appliance,excellent,Samsung,77900
fashion,excellent,Ecstasy,11000
books,excellent,Pearson,3700
gaming,excellent,Microsoft,14500
accessories,excellent,Anker,4200
phone,good,Xiaomi,28550
laptop,good,Apple,46000
camera,good,Nikon,72650
furniture,good,Regal,31900
bicycle,good,Trek,6350
appliance,good,Whirlpool,36250
fashion,good,Ecstasy,2500
books,good,Pearson,350
gaming,good,Logitech,40700
accessories,good,Apple,3500
phone,fair,Realme,22500
laptop,fair,Asus,60550
camera,fair,Sony,10200
furniture,fair,Regal,5350
bicycle,fair,Giant,19250
appliance,fair,Whirlpool,15100
fashion,fair,Ecstasy,6300
books,fair,OReilly,2250
gaming,fair,Microsoft,19650
accessories,fair,Samsung,5000
phone,poor,Realme,5950
laptop,poor,Apple,27250
camera,poor,Sony,24050
furniture,poor,Local,10350
bicycle,poor,Duranta,6050
appliance,poor,Walton,18900
fashion,poor,Sailor,1150
books,poor,Cambridge,1500
gaming,poor,Logitech,1600
accessories,poor,Generic,3150
phone,new,Google,36150
laptop,new,Lenovo,63800
camera,new,Nikon,73050
furniture,new,Hatil,25850
bicycle,new,Giant,75250
appliance,new,Whirlpool,38950
fashion,new,Aarong,750
books,new,Penguin,3550
gaming,new,Sony,65600
accessories,new,Generic,10300
phone,excellent,Xiaomi,83950
laptop,excellent,Acer,132150
camera,excellent,Nikon,83850
furniture,excellent,Local,8500
bicycle,excellent,Phoenix,64000
appliance,excellent,Samsung,74350
fashion,excellent,Ecstasy,2650
books,excellent,Cambridge,1750
gaming,excellent,Sony,3150
accessories,excellent,Baseus,19150
phone,good,Google,54200
laptop,good,HP,21750
camera,good,Fujifilm,28450
furniture,good,IKEA,8650
bicycle,good,Trek,35050
appliance,good,Whirlpool,7400
fashion,good,Generic,2900
books,good,Cambridge,150
gaming,good,Logitech,27050
accessories,good,Apple,13100
phone,fair,Realme,49650
laptop,fair,HP,46700
camera,fair,Sony,59700
furniture,fair,Otobi,20100
bicycle,fair,Duranta,23600
appliance,fair,Walton,34700
fashion,fair,Sailor,2250
books,fair,Nilkhet,800
gaming,fair,Logitech,8350
accessories,fair,Baseus,1400
phone,poor,Samsung,17300
laptop,poor,Asus,13350
camera,poor,Fujifilm,33250
furniture,poor,Hatil,11750
bicycle,poor,Phoenix,17100
appliance,poor,LG,2100
fashion,poor,Generic,1700
books,poor,Pearson,400
gaming,poor,Sony,3700
accessories,poor,Generic,4100
phone,new,Xiaomi,96100
laptop,new,Lenovo,103350
camera,new,Canon,28200
furniture,new,IKEA,40250
bicycle,new,Phoenix,46400
appliance,new,Samsung,12600
fashion,new,Sailor,16650
books,new,Penguin,5250
gaming,new,Microsoft,37250
accessories,new,Baseus,6300
phone,excellent,Apple,87800
laptop,excellent,Lenovo,23200
camera,excellent,Sony,40500
furniture,excellent,Otobi,26200
bicycle,excellent,Phoenix,37800
appliance,excellent,Walton,63800
fashion,excellent,Sailor,6700
books,excellent,Pearson,3950
gaming,excellent,Microsoft,75400
accessories,excellent,Baseus,19450
phone,good,OnePlus,51450
laptop,good,Apple,82800
camera,good,Panasonic,11250
furniture,good,Regal,22250
bicycle,good,Hero,23050
appliance,good,Singer,11800
fashion,good,Ecstasy,3250
books,good,Penguin,1300
gaming,good,Razer,34650
accessories,good,Samsung,350
phone,fair,Apple,16750
laptop,fair,Apple,81250
camera,fair,Fujifilm,32550
furniture,fair,Regal,17350
bicycle,fair,Giant,5350
appliance,fair,Whirlpool,14200
fashion,fair,Ecstasy,3850
books,fair,Penguin,1150
gaming,fair,Nintendo,28800
accessories,fair,Generic,4200
phone,poor,Apple,10800
laptop,poor,Dell,27300
camera,poor,Nikon,20400
furniture,poor,Local,2550
bicycle,poor,Duranta,12800
appliance,poor,Walton,17950
fashion,poor,Generic,700
books,poor,Penguin,1000
gaming,poor,Microsoft,8650
accessories,poor,Baseus,5200
phone,new,OnePlus,18800
laptop,new,Acer,156150
camera,new,Nikon,92050
furniture,new,Local,28350
bicycle,new,Trek,9300
appliance,new,LG,86700
fashion,new,Aarong,9150
books,new,OReilly,250
gaming,new,Logitech,29450
accessories,new,Baseus,13900
phone,excellent,Samsung,13500
laptop,excellent,Acer,34550
camera,excellent,Sony,121650
furniture,excellent,Regal,30550
bicycle,excellent,Hero,44350
appliance,excellent,Walton,74850
fashion,excellent,Ecstasy,9800
books,excellent,Cambridge,4700
gaming,excellent,Microsoft,28200
accessories,excellent,Generic,12250
phone,good,Xiaomi,27750
laptop,good,Lenovo,74100
camera,good,Sony,11000
furniture,good,Hatil,8500
bicycle,good,Hero,37550
appliance,good,Walton,16450
fashion,good,Generic,3850
books,good,Penguin,2800
gaming,good,Microsoft,57100
accessories,good,Generic,11700
phone,fair,Google,37700
laptop,fair,Lenovo,45250
camera,fair,Canon,60350
furniture,fair,Regal,23450
bicycle,fair,Duranta,27250
appliance,fair,LG,15300
fashion,fair,Ecstasy,7500
books,fair,Pearson,200
gaming,fair,Nintendo,21000
accessories,fair,Anker,7000
phone,poor,Realme,19700
laptop,poor,Lenovo,10100
camera,poor,Fujifilm,23300
furniture,poor,Regal,9850
bicycle,poor,Giant,11950
appliance,poor,Whirlpool,3150
fashion,poor,Generic,4100
books,poor,Penguin,550
gaming,poor,Razer,13700
accessories,poor,Apple,4000
phone,new,Samsung,115500
laptop,new,Acer,139750
camera,new,Sony,130100
furniture,new,Local,35600
bicycle,new,Duranta,57100
appliance,new,Samsung,22700
fashion,new,Ecstasy,17750
books,new,Penguin,3750
gaming,new,Logitech,22450
accessories,new,Anker,12900
phone,excellent,Google,15000
laptop,excellent,Asus,54950
camera,excellent,Nikon,107150
furniture,excellent,Otobi,17900
bicycle,excellent,Trek,67100
appliance,excellent,Samsung,15000
fashion,excellent,Sailor,7250
books,excellent,Cambridge,3850
gaming,excellent,Nintendo,12600
accessories,excellent,Apple,10100
phone,good,Apple,14350
laptop,good,Asus,40900
camera,good,Sony,38550
furniture,good,Local,21200
bicycle,good,Trek,3650
appliance,good,Singer,23450
fashion,good,Ecstasy,9900
books,good,Penguin,2350
gaming,good,Nintendo,30550
accessories,good,Generic,13200
phone,fair,Xiaomi,21000
laptop,fair,HP,13450
camera,fair,Panasonic,53700
furniture,fair,Regal,13650
bicycle,fair,Phoenix,11850
appliance,fair,Walton,26150
fashion,fair,Aarong,3100
books,fair,Pearson,1300
gaming,fair,Logitech,22700
accessories,fair,Anker,5750
phone,poor,Xiaomi,25850
laptop,poor,Apple,10750
camera,poor,Fujifilm,16450
furniture,poor,Otobi,1750
bicycle,poor,Duranta,6700
appliance,poor,Singer,7550
fashion,poor,Yellow,2700
books,poor,OReilly,1600
gaming,poor,Razer,9950
accessories,poor,Baseus,2450
phone,new,Samsung,87800
laptop,new,HP,90300
camera,new,Canon,86450
furniture,new,Regal,7700
bicycle,new,Giant,14950
appliance,new,Samsung,86900
fashion,new,Yellow,7100
books,new,Pearson,4500
gaming,new,Nintendo,58950
accessories,new,Samsung,10500
phone,excellent,Samsung,88000
laptop,excellent,HP,39750
camera,excellent,Canon,54600
furniture,excellent,Hatil,4200
bicycle,excellent,Giant,44900
appliance,excellent,Whirlpool,52750
fashion,excellent,Ecstasy,7700
books,excellent,Nilkhet,5150
gaming,excellent,Logitech,13450
accessories,excellent,Baseus,17800
phone,good,Samsung,47050
laptop,good,Acer,50800
camera,good,Panasonic,25700
furniture,good,Hatil,7500
bicycle,good,Giant,46100
appliance,good,Walton,5900
fashion,good,Sailor,8300
books,good,Penguin,3550
gaming,good,Microsoft,19400
accessories,good,Apple,5550
phone,fair,Google,28350
laptop,fair,Dell,69400
camera,fair,Canon,65650
furniture,fair,Local,15400
bicycle,fair,Trek,26600
appliance,fair,Whirlpool,43250
fashion,fair,Yellow,2050
books,fair,OReilly,750
gaming,fair,Nintendo,17100
accessories,fair,Anker,4900
phone,poor,Apple,7900
laptop,poor,HP,22800
camera,poor,Sony,20600
furniture,poor,Hatil,11750
bicycle,poor,Phoenix,15150
appliance,poor,Singer,6750
fashion,poor,Aarong,1100
books,poor,Nilkhet,600
gaming,poor,Microsoft,10150
accessories,poor,Generic,4100
phone,new,Realme,52000
laptop,new,HP,90450
camera,new,Nikon,102950
furniture,new,Hatil,7750
bicycle,new,Duranta,6150
appliance,new,LG,11950
fashion,new,Sailor,1450
books,new,Penguin,2150
gaming,new,Razer,58650
accessories,new,Apple,17700
phone,excellent,Realme,37250
laptop,excellent,Lenovo,32300
camera,excellent,Canon,72900
furniture,excellent,Hatil,13250
bicycle,excellent,Trek,53750
appliance,excellent,Walton,68800
fashion,excellent,Ecstasy,1700
books,excellent,Cambridge,2350
gaming,excellent,Nintendo,26050
accessories,excellent,Anker,11600
phone,good,Apple,75250
laptop,good,Lenovo,98700
camera,good,Sony,82550
furniture,good,Regal,16750
bicycle,good,Duranta,33600
appliance,good,LG,45300
fashion,good,Ecstasy,3500
books,good,Cambridge,1300
gaming,good,Nintendo,13200
accessories,good,Anker,7300
phone,fair,Xiaomi,47250
laptop,fair,HP,29800
camera,fair,Nikon,23150
furniture,fair,Local,3100
bicycle,fair,Hero,22250
appliance,fair,Samsung,7800
fashion,fair,Sailor,4400
books,fair,OReilly,1100
gaming,fair,Microsoft,21750
accessories,fair,Apple,6600
phone,poor,Realme,7700
laptop,poor,Dell,34300
camera,poor,Canon,4600
furniture,poor,Regal,3350
bicycle,poor,Phoenix,7250
appliance,poor,Whirlpool,17700
fashion,poor,Generic,1950
books,poor,OReilly,450
gaming,poor,Microsoft,17750
accessories,poor,Baseus,4850
phone,new,Google,105350
laptop,new,Asus,92400
camera,new,Sony,89250
furniture,new,Otobi,41650
bicycle,new,Trek,53900
appliance,new,Samsung,24900
fashion,new,Yellow,10550
books,new,Pearson,6500
gaming,new,Microsoft,39650
accessories,new,Apple,17150
phone,excellent,Xiaomi,49400
laptop,excellent,Apple,84200
camera,excellent,Nikon,53750
furniture,excellent,Otobi,16050
bicycle,excellent,Trek,7400
appliance,excellent,LG,75450
fashion,excellent,Generic,12050
books,excellent,OReilly,3500
gaming,excellent,Microsoft,4450
accessories,excellent,Apple,5700
phone,good,OnePlus,12150
laptop,good,Lenovo,38550
camera,good,Sony,83300
furniture,good,Hatil,11500
bicycle,good,Trek,14000
appliance,good,Walton,49700
fashion,good,Ecstasy,5800
books,good,Cambridge,1350
gaming,good,Sony,57300
accessories,good,Anker,6400
phone,fair,Apple,17450
laptop,fair,Dell,37500
camera,fair,Nikon,29600
furniture,fair,IKEA,20500
bicycle,fair,Phoenix,30950
appliance,fair,Samsung,10450
fashion,fair,Ecstasy,1300
books,fair,Cambridge,2550
gaming,fair,Sony,20550
accessories,fair,Generic,5750
phone,poor,Realme,20500
laptop,poor,Dell,20600
camera,poor,Nikon,16550
furniture,poor,Hatil,9050
bicycle,poor,Phoenix,5300
appliance,poor,Singer,5450
fashion,poor,Aarong,3400
books,poor,Penguin,450
gaming,poor,Logitech,1300
accessories,poor,Baseus,3950
phone,new,Google,77500
laptop,new,Asus,80500
camera,new,Fujifilm,107900
furniture,new,Hatil,46850
bicycle,new,Phoenix,73600
appliance,new,Singer,6900
fashion,new,Generic,10100
books,new,OReilly,2850
gaming,new,Razer,59150
accessories,new,Baseus,14300
phone,excellent,OnePlus,86950
laptop,excellent,Asus,21850
camera,excellent,Nikon,90850
furniture,excellent,IKEA,8300
bicycle,excellent,Hero,18800
appliance,excellent,Walton,65400
fashion,excellent,Aarong,750
books,excellent,Pearson,5100
gaming,excellent,Logitech,20550
accessories,excellent,Anker,3750
phone,good,Apple,66050
laptop,good,Acer,54000
camera,good,Nikon,34050
furniture,good,Otobi,3600
bicycle,good,Duranta,38150
appliance,good,Whirlpool,35700
fashion,good,Generic,10050
books,good,Penguin,3400
gaming,good,Nintendo,28850
accessories,good,Anker,9150
phone,fair,Samsung,8750
laptop,fair,Dell,39400
camera,fair,Nikon,56250
furniture,fair,Local,15000
bicycle,fair,Hero,32150
appliance,fair,Walton,6700
fashion,fair,Yellow,3250
books,fair,Cambridge,2000
gaming,fair,Nintendo,36000
accessories,fair,Baseus,1550
phone,poor,Apple,5350
laptop,poor,Apple,27950
camera,poor,Canon,5600
furniture,poor,Local,9850
bicycle,poor,Phoenix,14550
appliance,poor,Whirlpool,11750
fashion,poor,Generic,2550
books,poor,Pearson,1500
gaming,poor,Logitech,14000
accessories,poor,Samsung,550
phone,new,Realme,62950
laptop,new,Dell,101850
camera,new,Canon,100500
furniture,new,Local,51700
bicycle,new,Phoenix,33700
appliance,new,Whirlpool,37500
fashion,new,Sailor,3250
books,new,OReilly,4250
gaming,new,Razer,9600
accessories,new,Generic,4150
phone,excellent,Realme,40800
laptop,excellent,HP,31200
camera,excellent,Panasonic,90200
furniture,excellent,Regal,9350
bicycle,excellent,Phoenix,46950
appliance,excellent,Walton,74850
fashion,excellent,Generic,7350
books,excellent,OReilly,750
gaming,excellent,Razer,53850
accessories,excellent,Baseus,17500
phone,good,OnePlus,28300
laptop,good,Acer,34450
camera,good,Panasonic,68600
furniture,good,Regal,29350
bicycle,good,Trek,34050
appliance,good,Samsung,42650
fashion,good,Ecstasy,8150
books,good,Cambridge,3100
gaming,good,Nintendo,18350
accessories,good,Generic,10800
phone,fair,Samsung,21250
laptop,fair,HP,65700
camera,fair,Nikon,34400
furniture,fair,IKEA,3800
bicycle,fair,Hero,5800
appliance,fair,Whirlpool,23100
fashion,fair,Yellow,6150
books,fair,Cambridge,1050
gaming,fair,Microsoft,35950
accessories,fair,Baseus,7650
phone,poor,Apple,16500
laptop,poor,Apple,31100
camera,poor,Fujifilm,5000
furniture,poor,Hatil,1450
bicycle,poor,Hero,19800
appliance,poor,Whirlpool,18300
fashion,poor,Aarong,2550
books,poor,OReilly,1350
gaming,poor,Razer,2400
accessories,poor,Samsung,3300
phone,new,Xiaomi,67000
laptop,new,Acer,142950
camera,new,Canon,79200
furniture,new,IKEA,42850
bicycle,new,Phoenix,50550
appliance,new,Walton,32450
fashion,new,Sailor,11400
books,new,OReilly,950
gaming,new,Razer,59750
accessories,new,Baseus,8300
phone,excellent,Samsung,74100
laptop,excellent,Asus,107100
camera,excellent,Sony,17600
furniture,excellent,Local,6750
bicycle,excellent,Hero,11350
appliance,excellent,Whirlpool,15150
fashion,excellent,Generic,13700
books,excellent,Cambridge,5050
gaming,excellent,Nintendo,72450
accessories,excellent,Baseus,17600
phone,good,Xiaomi,24050
laptop,good,HP,80550
camera,good,Fujifilm,36050
furniture,good,IKEA,34150
bicycle,good,Phoenix,26900
appliance,good,Samsung,11850
fashion,good,Generic,400
books,good,Pearson,3100
gaming,good,Razer,41400
accessories,good,Anker,7400
phone,fair,Apple,41050
laptop,fair,Asus,48550
camera,fair,Canon,53650
furniture,fair,Regal,14450
bicycle,fair,Phoenix,27400
appliance,fair,Walton,19150
fashion,fair,Yellow,5200
books,fair,Nilkhet,250
gaming,fair,Razer,23550
accessories,fair,Apple,6550
phone,poor,Realme,11600
laptop,poor,Lenovo,29350
camera,poor,Fujifilm,12750
furniture,poor,IKEA,6550
bicycle,poor,Trek,5200
appliance,poor,Walton,6550
fashion,poor,Generic,1700
books,poor,Pearson,1100
gaming,poor,Sony,5400
accessories,poor,Apple,4500
phone,new,Google,114250
laptop,new,Asus,111150
camera,new,Fujifilm,44900
furniture,new,Otobi,8700
bicycle,new,Hero,5400
appliance,new,Singer,14200
fashion,new,Sailor,15450
books,new,Cambridge,4250
gaming,new,Microsoft,69100
accessories,new,Anker,9600
phone,excellent,Samsung,63600
laptop,excellent,Acer,63000
camera,excellent,Nikon,77350
furniture,excellent,Local,29550
bicycle,excellent,Hero,56950
appliance,excellent,Samsung,53150
fashion,excellent,Ecstasy,600
books,excellent,OReilly,3400
gaming,excellent,Sony,5650
accessories,excellent,Samsung,14100
phone,good,Xiaomi,70600
laptop,good,Apple,57250
camera,good,Sony,61650
furniture,good,Hatil,17650
bicycle,good,Hero,40950
appliance,good,Walton,40450
fashion,good,Sailor,5950
books,good,Nilkhet,1900
gaming,good,Microsoft,20000
accessories,good,Baseus,1150
phone,fair,Samsung,18750
laptop,fair,Apple,16450
camera,fair,Canon,22500
furniture,fair,Local,4600
bicycle,fair,Giant,14550
appliance,fair,Samsung,1650
fashion,fair,Sailor,4250
books,fair,Cambridge,1600
gaming,fair,Microsoft,33650
accessories,fair,Generic,1950
phone,poor,Realme,13050
laptop,poor,Apple,30950
camera,poor,Sony,33300
furniture,poor,Otobi,6600
bicycle,poor,Trek,19050
appliance,poor,Singer,15550
fashion,poor,Yellow,3050
books,poor,Nilkhet,750
gaming,poor,Nintendo,17250
accessories,poor,Anker,2150
phone,new,Realme,112900
laptop,new,Asus,55150
camera,new,Sony,51050
furniture,new,Regal,8550
bicycle,new,Duranta,19400
appliance,new,Singer,77800
fashion,new,Aarong,10200
books,new,OReilly,1100
gaming,new,Sony,81250
accessories,new,Baseus,9400
phone,excellent,Apple,21450
laptop,excellent,HP,109850
camera,excellent,Sony,50400
furniture,excellent,Otobi,14050
bicycle,excellent,Giant,39600
appliance,excellent,Walton,12350
fashion,excellent,Generic,8950
books,excellent,OReilly,1350
gaming,excellent,Nintendo,28400
accessories,excellent,Generic,11100
phone,good,Samsung,45400
laptop,good,HP,75050
camera,good,Canon,72950
furniture,good,IKEA,22300
bicycle,good,Trek,49750
appliance,good,Whirlpool,23000
fashion,good,Ecstasy,2550
books,good,Pearson,650
gaming,good,Sony,47450
accessories,good,Generic,8450
phone,fair,Samsung,28700
laptop,fair,Asus,25600
camera,fair,Fujifilm,6600
furniture,fair,Otobi,15800
bicycle,fair,Giant,27750
appliance,fair,Samsung,33400
fashion,fair,Aarong,5850
books,fair,OReilly,1350
gaming,fair,Microsoft,17650
accessories,fair,Apple,4800
phone,poor,Xiaomi,24250
laptop,poor,Apple,25250
camera,poor,Canon,23350
furniture,poor,Local,5000
bicycle,poor,Hero,3750
appliance,poor,Singer,10800
fashion,poor,Generic,3100
books,poor,Penguin,1450
gaming,poor,Microsoft,6200
accessories,poor,Samsung,4450
phone,new,Google,32250
laptop,new,Lenovo,72250
camera,new,Sony,27650
furniture,new,Regal,9750
bicycle,new,Duranta,77000
appliance,new,Whirlpool,29500
fashion,new,Sailor,8150
books,new,Cambridge,1050
gaming,new,Razer,26100
accessories,new,Generic,17750
phone,excellent,Realme,73650
laptop,excellent,Dell,119450
camera,excellent,Nikon,68950
furniture,excellent,Local,3950
bicycle,excellent,Hero,29150
appliance,excellent,Singer,33150
fashion,excellent,Ecstasy,9000
books,excellent,Penguin,850
gaming,excellent,Sony,46950
accessories,excellent,Apple,12450
phone,good,Xiaomi,45750
laptop,good,Lenovo,64650
camera,good,Sony,29300
furniture,good,IKEA,17800
bicycle,good,Hero,16750
appliance,good,Walton,36650
fashion,good,Ecstasy,4900
books,good,OReilly,2400
gaming,good,Nintendo,24000
accessories,good,Baseus,11450
phone,fair,Apple,9550
laptop,fair,HP,66350
camera,fair,Canon,13050
furniture,fair,Hatil,1450
bicycle,fair,Phoenix,32250
appliance,fair,LG,38250
fashion,fair,Sailor,1800
books,fair,Nilkhet,1550
gaming,fair,Sony,36450
accessories,fair,Generic,7750
phone,poor,Samsung,22100
laptop,poor,Lenovo,28550
camera,poor,Canon,22250
furniture,poor,Regal,2500
bicycle,poor,Giant,12250
appliance,poor,LG,14100
fashion,poor,Ecstasy,700
books,poor,OReilly,1000
gaming,poor,Sony,14150
accessories,poor,Anker,1350
phone,new,Apple,34150
laptop,new,Acer,65500
camera,new,Fujifilm,61150
furniture,new,IKEA,28800
bicycle,new,Phoenix,34000
appliance,new,Samsung,38350
fashion,new,Yellow,4550
books,new,Nilkhet,4550
gaming,new,Nintendo,9100
accessories,new,Baseus,21050
phone,excellent,Samsung,31350
laptop,excellent,Lenovo,143400
camera,excellent,Nikon,117800
furniture,excellent,Hatil,4500
bicycle,excellent,Duranta,45250
appliance,excellent,LG,41300
fashion,excellent,Yellow,8150
books,excellent,Pearson,1550
gaming,excellent,Logitech,70550
accessories,excellent,Anker,13300
phone,good,Apple,71600
laptop,good,Lenovo,50150
camera,good,Canon,83000
furniture,good,Regal,16000
bicycle,good,Trek,45750
appliance,good,Samsung,57800
fashion,good,Yellow,5300
books,good,Cambridge,2600
gaming,good,Sony,2750
accessories,good,Generic,12450
phone,fair,Google,16550
laptop,fair,HP,18950
camera,fair,Canon,54100
furniture,fair,Hatil,15000
bicycle,fair,Phoenix,3400
appliance,fair,LG,19400
fashion,fair,Yellow,2750
books,fair,OReilly,1600
gaming,fair,Logitech,37950
accessories,fair,Samsung,3200
phone,poor,Realme,5850
laptop,poor,Asus,9050
camera,poor,Panasonic,21050
furniture,poor,Local,11650
bicycle,poor,Giant,7900
appliance,poor,Walton,750
fashion,poor,Generic,3350
books,poor,Nilkhet,700
gaming,poor,Nintendo,2100
accessories,poor,Samsung,4900
phone,new,Apple,25400
laptop,new,Dell,56300
camera,new,Canon,96000
furniture,new,Hatil,54750
bicycle,new,Duranta,52400
appliance,new,LG,43350
fashion,new,Ecstasy,13700
books,new,Penguin,450
gaming,new,Logitech,60800
accessories,new,Generic,9850
phone,excellent,Xiaomi,61550
laptop,excellent,Lenovo,51250
camera,excellent,Nikon,47300
furniture,excellent,Hatil,1650
bicycle,excellent,Giant,4850
appliance,excellent,Singer,47100
fashion,excellent,Aarong,900
books,excellent,OReilly,2650
gaming,excellent,Microsoft,23300
accessories,excellent,Anker,1550
phone,good,Google,55300
laptop,good,Dell,40000
camera,good,Nikon,33000
furniture,good,Local,17550
bicycle,good,Duranta,49750
appliance,good,Singer,28950
fashion,good,Sailor,4500
books,good,Cambridge,1850
gaming,good,Razer,5250
accessories,good,Generic,4400
phone,fair,OnePlus,33050
laptop,fair,Asus,12050
camera,fair,Fujifilm,58800
furniture,fair,Hatil,8600
bicycle,fair,Hero,26800
appliance,fair,LG,32350
fashion,fair,Ecstasy,5450
books,fair,OReilly,2150
gaming,fair,Logitech,4600
accessories,fair,Apple,3400
phone,poor,Realme,6200
laptop,poor,HP,22550
camera,poor,Panasonic,38450
furniture,poor,Hatil,13450
bicycle,poor,Trek,11100
appliance,poor,Singer,18850
fashion,poor,Yellow,3150
books,poor,OReilly,1400
gaming,poor,Sony,3600
accessories,poor,Apple,4200
phone,new,Google,34300
laptop,new,Lenovo,89000
camera,new,Panasonic,131350
furniture,new,IKEA,50150
bicycle,new,Trek,5650
appliance,new,Walton,4550
fashion,new,Sailor,12750
books,new,Cambridge,2450
gaming,new,Razer,14550
accessories,new,Anker,14700
phone,excellent,Realme,52650
laptop,excellent,Asus,97200
camera,excellent,Nikon,27900
furniture,excellent,Regal,31550
bicycle,excellent,Hero,65700
appliance,excellent,Walton,46900
fashion,excellent,Aarong,1300
books,excellent,Cambridge,1350
gaming,excellent,Sony,75200
accessories,excellent,Baseus,9050
phone,good,Realme,53500
laptop,good,Acer,49450
camera,good,Panasonic,71750
furniture,good,Regal,23350
bicycle,good,Giant,29050
appliance,good,Singer,41700
fashion,good,Ecstasy,4550
books,good,Pearson,850
gaming,good,Logitech,9950
accessories,good,Baseus,550
phone,fair,Samsung,35800
laptop,fair,Dell,67200
camera,fair,Canon,49050
furniture,fair,Local,5750
bicycle,fair,Duranta,5200
appliance,fair,Whirlpool,34300
fashion,fair,Sailor,6600
books,fair,Pearson,2850
gaming,fair,Nintendo,11950
accessories,fair,Baseus,4700
phone,poor,OnePlus,26600
laptop,poor,Lenovo,29450
camera,poor,Nikon,15700
furniture,poor,Local,8250
bicycle,poor,Hero,15900
appliance,poor,Walton,7450
fashion,poor,Sailor,1150
books,poor,Penguin,500
gaming,poor,Sony,3650
accessories,poor,Samsung,4400
phone,new,Realme,61950
laptop,new,Acer,116550
camera,new,Sony,58600
furniture,new,Regal,35050
bicycle,new,Giant,91700
appliance,new,Singer,6300
fashion,new,Generic,7400
books,new,Pearson,200
gaming,new,Sony,51650
accessories,new,Anker,20700
phone,excellent,Realme,60800
laptop,excellent,Apple,52250
camera,excellent,Nikon,15150
furniture,excellent,IKEA,13800
bicycle,excellent,Duranta,27850
appliance,excellent,Singer,35100
fashion,excellent,Ecstasy,4950
books,excellent,Cambridge,3400
gaming,excellent,Nintendo,3200
accessories,excellent,Samsung,1600
phone,good,Xiaomi,42800
laptop,good,Dell,56850
camera,good,Fujifilm,67400
furniture,good,Otobi,28950
bicycle,good,Phoenix,4050
appliance,good,LG,55050
fashion,good,Yellow,3100
books,good,Nilkhet,300
gaming,good,Logitech,57450
accessories,good,Samsung,1600
phone,fair,Xiaomi,26450
laptop,fair,Asus,59100
camera,fair,Canon,21400
furniture,fair,Otobi,23200
bicycle,fair,Giant,31800
appliance,fair,LG,28350
fashion,fair,Aarong,4350
books,fair,OReilly,500
gaming,fair,Logitech,26100
accessories,fair,Anker,5100
phone,poor,Google,10700
laptop,poor,Dell,26250
camera,poor,Sony,9100
furniture,poor,IKEA,7650
bicycle,poor,Hero,12850
appliance,poor,LG,3800
fashion,poor,Generic,4050
books,poor,Cambridge,1500
gaming,poor,Logitech,7900
accessories,poor,Samsung,300
phone,new,Samsung,69900
laptop,new,Apple,84900
camera,new,Canon,40750
furniture,new,Hatil,9100
bicycle,new,Trek,62750
appliance,new,Whirlpool,48400
fashion,new,Yellow,14300
books,new,Pearson,6400
gaming,new,Sony,21700
accessories,new,Generic,8150
phone,excellent,OnePlus,60450
laptop,excellent,HP,79050
camera,excellent,Canon,42050
furniture,excellent,IKEA,27200
bicycle,excellent,Trek,31300
appliance,excellent,Samsung,26100
fashion,excellent,Aarong,15950
books,excellent,Nilkhet,3750
gaming,excellent,Nintendo,37800
accessories,excellent,Samsung,16650
phone,good,Apple,37500
laptop,good,Lenovo,37250
camera,good,Canon,10700
furniture,good,Local,7350
bicycle,good,Giant,13100
appliance,good,Walton,47400
fashion,good,Sailor,9250
books,good,Penguin,3750
gaming,good,Logitech,24450
accessories,good,Apple,2700
phone,fair,Apple,28850
laptop,fair,Apple,25350
camera,fair,Panasonic,65400
furniture,fair,IKEA,9300
bicycle,fair,Phoenix,32950
appliance,fair,Samsung,2850
fashion,fair,Ecstasy,4450
books,fair,OReilly,550
gaming,fair,Sony,3500
accessories,fair,Baseus,6350
phone,poor,Apple,16750
laptop,poor,Apple,12600
camera,poor,Nikon,34050
furniture,poor,Hatil,3500
bicycle,poor,Duranta,4000
appliance,poor,Samsung,18000
fashion,poor,Yellow,2950
books,poor,Penguin,1250
gaming,poor,Sony,11400
accessories,poor,Anker,4300
phone,new,Samsung,106450
laptop,new,Apple,129400
camera,new,Sony,81950
furniture,new,Regal,29850
bicycle,new,Duranta,36050
appliance,new,LG,49700
fashion,new,Ecstasy,4850
books,new,Nilkhet,4450
gaming,new,Nintendo,65300
accessories,new,Samsung,14500
phone,excellent,Realme,77000
laptop,excellent,Dell,82400
camera,excellent,Sony,82350
furniture,excellent,Regal,26750
bicycle,excellent,Duranta,68000
appliance,excellent,LG,20750
fashion,excellent,Yellow,13050
books,excellent,Pearson,950
gaming,excellent,Logitech,69150
accessories,excellent,Generic,5850
phone,good,Xiaomi,23400
laptop,good,Asus,93700
camera,good,Canon,63750
furniture,good,Otobi,20400
bicycle,good,Trek,6650
appliance,good,Samsung,6100
fashion,good,Ecstasy,4250
books,good,Pearson,1350
gaming,good,Logitech,42450
accessories,good,Apple,700
phone,fair,Realme,23400
laptop,fair,Apple,50300
camera,fair,Fujifilm,40550
furniture,fair,Hatil,17100
bicycle,fair,Trek,11200
appliance,fair,Walton,10800
fashion,fair,Aarong,3250
books,fair,Pearson,1500
gaming,fair,Razer,9900
accessories,fair,Baseus,4200
phone,poor,Xiaomi,16400
laptop,poor,Acer,11900
camera,poor,Sony,38150
furniture,poor,Regal,10750
bicycle,poor,Trek,7600
appliance,poor,Samsung,3900
fashion,poor,Yellow,3050
books,poor,OReilly,800
gaming,poor,Sony,7650
accessories,poor,Baseus,200
phone,new,Google,22700
laptop,new,Acer,165550
camera,new,Panasonic,133950
furniture,new,IKEA,29000
bicycle,new,Duranta,46350
appliance,new,Walton,14450
fashion,new,Sailor,3750
books,new,Penguin,2700
gaming,new,Nintendo,78750
accessories,new,Samsung,18450
phone,excellent,Realme,103850
laptop,excellent,Asus,101600
camera,excellent,Sony,117100
furniture,excellent,IKEA,3300
bicycle,excellent,Phoenix,49400
appliance,excellent,Singer,15000
fashion,excellent,Ecstasy,8550
books,excellent,Pearson,3700
gaming,excellent,Razer,45800
accessories,excellent,Apple,15800
phone,good,OnePlus,52100
laptop,good,HP,28650
camera,good,Panasonic,63850
furniture,good,IKEA,21800
bicycle,good,Phoenix,47400
appliance,good,Samsung,45900
fashion,good,Sailor,6600
books,good,Cambridge,600
gaming,good,Nintendo,45450
accessories,good,Samsung,6700
phone,fair,OnePlus,35100
laptop,fair,Asus,16500
camera,fair,Sony,11850
furniture,fair,Local,5950
bicycle,fair,Trek,26650
appliance,fair,Walton,31700
fashion,fair,Sailor,5000
books,fair,OReilly,2300
gaming,fair,Logitech,12800
accessories,fair,Generic,7950
phone,poor,Apple,15950
laptop,poor,Lenovo,32250
camera,poor,Sony,19600
furniture,poor,Regal,7500
bicycle,poor,Duranta,15400
appliance,poor,Whirlpool,13650
fashion,poor,Aarong,1900
books,poor,OReilly,450
gaming,poor,Microsoft,1400
accessories,poor,Baseus,4950
phone,new,OnePlus,78750
laptop,new,Apple,144050
camera,new,Fujifilm,111950
furniture,new,Local,46700
bicycle,new,Phoenix,84450
appliance,new,Samsung,96200
fashion,new,Sailor,15250
books,new,Penguin,5650
gaming,new,Nintendo,54200
accessories,new,Samsung,1550
phone,excellent,Xiaomi,92550
laptop,excellent,Asus,78300
camera,excellent,Panasonic,35650
furniture,excellent,Hatil,39050
bicycle,excellent,Hero,31800
appliance,excellent,Walton,50100
fashion,excellent,Sailor,14450
books,excellent,Nilkhet,3950
gaming,excellent,Logitech,68300
accessories,excellent,Generic,4800
phone,good,Samsung,70450
laptop,good,Apple,34200
camera,good,Nikon,47200
furniture,good,IKEA,21450
bicycle,good,Giant,9150
appliance,good,Singer,3250
fashion,good,Yellow,10300
books,good,Pearson,850
gaming,good,Logitech,46400
accessories,good,Anker,3550
phone,fair,Google,42700
laptop,fair,HP,48800
camera,fair,Canon,38300
furniture,fair,IKEA,6650
bicycle,fair,Phoenix,21100
appliance,fair,Walton,8850
fashion,fair,Aarong,1300
books,fair,Pearson,2100
gaming,fair,Microsoft,21200
accessories,fair,Baseus,5250
phone,poor,Apple,13600
laptop,poor,Asus,34000
camera,poor,Canon,37350
furniture,poor,IKEA,11600
bicycle,poor,Giant,17600
appliance,poor,LG,3900
fashion,poor,Ecstasy,450
books,poor,Pearson,1050
gaming,poor,Microsoft,4800
accessories,poor,Apple,5200
phone,new,Google,29450
laptop,new,Asus,97000
camera,new,Fujifilm,22650
furniture,new,Hatil,23100
bicycle,new,Trek,48450
appliance,new,Whirlpool,66750
fashion,new,Yellow,10400
books,new,Pearson,2400
gaming,new,Logitech,10100
accessories,new,Apple,11900
phone,excellent,Realme,78550
laptop,excellent,HP,101350
camera,excellent,Nikon,62800
furniture,excellent,Regal,28500
bicycle,excellent,Trek,13950
appliance,excellent,Samsung,15000
fashion,excellent,Aarong,11450
books,excellent,Pearson,1250
gaming,excellent,Microsoft,65600
accessories,excellent,Apple,17550
phone,good,Xiaomi,12850
laptop,good,Acer,94250
camera,good,Fujifilm,85200
furniture,good,Hatil,10400
bicycle,good,Giant,7600
appliance,good,Walton,11550
fashion,good,Yellow,5850
books,good,Penguin,3150
gaming,good,Nintendo,39300
accessories,good,Samsung,14050
phone,fair,Google,25350
laptop,fair,Asus,34250
camera,fair,Panasonic,58900
furniture,fair,Regal,2100
bicycle,fair,Phoenix,13200
appliance,fair,LG,12450
fashion,fair,Generic,8200
books,fair,OReilly,1600
gaming,fair,Nintendo,28250
accessories,fair,Generic,4850
phone,poor,OnePlus,6450
laptop,poor,Acer,25600
camera,poor,Nikon,39300
furniture,poor,Local,10400
bicycle,poor,Hero,6650
appliance,poor,Samsung,8150
fashion,poor,Sailor,1150
books,poor,OReilly,500
gaming,poor,Sony,9050
accessories,poor,Generic,2100
phone,new,OnePlus,28550
laptop,new,Asus,140800
camera,new,Panasonic,24900
furniture,new,Regal,11550
bicycle,new,Hero,56750
appliance,new,LG,87600
fashion,new,Yellow,12250
books,new,Cambridge,2800
gaming,new,Razer,37750
accessories,new,Samsung,13950
phone,excellent,OnePlus,65650
laptop,excellent,HP,116250
camera,excellent,Fujifilm,94200
furniture,excellent,Otobi,21000
bicycle,excellent,Trek,34800
appliance,excellent,Singer,48100
fashion,excellent,Generic,6300
books,excellent,Cambridge,2450
gaming,excellent,Logitech,34000
accessories,excellent,Baseus,8250
phone,good,Xiaomi,29750
laptop,good,Asus,32150
camera,good,Panasonic,15900
furniture,good,IKEA,24850
bicycle,good,Duranta,5850
appliance,good,Whirlpool,18350
fashion,good,Generic,3050
books,good,Penguin,1900
gaming,good,Logitech,29750
accessories,good,Apple,5300
phone,fair,Apple,16900
laptop,fair,Dell,29450
camera,fair,Fujifilm,54000
furniture,fair,Hatil,19900
bicycle,fair,Phoenix,39350
appliance,fair,Whirlpool,3950
fashion,fair,Aarong,1900
books,fair,Cambridge,1950
gaming,fair,Microsoft,39600
accessories,fair,Anker,4900
phone,poor,Apple,12750
laptop,poor,Apple,32700
camera,poor,Sony,22150
furniture,poor,Otobi,2050
bicycle,poor,Trek,17400
appliance,poor,Whirlpool,1650
fashion,poor,Generic,2850
books,poor,OReilly,1000
gaming,poor,Sony,17700
accessories,poor,Baseus,350
phone,new,Google,57950
laptop,new,Asus,51350
camera,new,Panasonic,44400
furniture,new,Otobi,17050
bicycle,new,Hero,24850
appliance,new,Whirlpool,95800
fashion,new,Ecstasy,7200
books,new,Pearson,1450
gaming,new,Microsoft,73900
accessories,new,Apple,17750
phone,excellent,OnePlus,44350
laptop,excellent,Dell,89100
camera,excellent,Fujifilm,67550
furniture,excellent,Local,17700
bicycle,excellent,Duranta,44850
appliance,excellent,Singer,63250
fashion,excellent,Aarong,4550
books,excellent,Penguin,1400
gaming,excellent,Sony,13800
accessories,excellent,Baseus,2200
phone,good,Apple,61550
laptop,good,Apple,18450
camera,good,Fujifilm,29650
furniture,good,IKEA,34600
bicycle,good,Phoenix,4400
appliance,good,Singer,40950
fashion,good,Yellow,950
books,good,Penguin,4300
gaming,good,Logitech,32600
accessories,good,Apple,9500
phone,fair,Samsung,27900
laptop,fair,Apple,49000
camera,fair,Fujifilm,41900
furniture,fair,Hatil,14800
bicycle,fair,Duranta,8100
appliance,fair,Whirlpool,12100
fashion,fair,Generic,1500
books,fair,Cambridge,2800
gaming,fair,Sony,7300
accessories,fair,Baseus,2400
phone,poor,Apple,26700
laptop,poor,Apple,24350
camera,poor,Fujifilm,12350
furniture,poor,Regal,4250
bicycle,poor,Hero,3000
appliance,poor,Walton,6600
fashion,poor,Aarong,500
books,poor,Pearson,300
gaming,poor,Nintendo,5700
accessories,poor,Baseus,3550
phone,new,OnePlus,72350
laptop,new,Acer,155900
camera,new,Panasonic,66250
furniture,new,Local,48550
bicycle,new,Phoenix,62300
appliance,new,Samsung,52200
fashion,new,Ecstasy,3550
books,new,Penguin,5950
gaming,new,Microsoft,26850
accessories,new,Samsung,15850
phone,excellent,Samsung,20100
laptop,excellent,Lenovo,45750
camera,excellent,Panasonic,80350
furniture,excellent,Hatil,35900
bicycle,excellent,Phoenix,9500
appliance,excellent,Whirlpool,30750
fashion,excellent,Generic,14050
books,excellent,Penguin,4550
gaming,excellent,Razer,24000
accessories,excellent,Samsung,18800
phone,good,Google,54550
laptop,good,Asus,60450
camera,good,Canon,93250
furniture,good,Local,25700
bicycle,good,Hero,20850
appliance,good,Walton,45850
fashion,good,Ecstasy,4750
books,good,Pearson,1250
gaming,good,Logitech,56850
accessories,good,Anker,7000
phone,fair,Apple,26400
laptop,fair,Asus,29150
camera,fair,Canon,46850
furniture,fair,IKEA,2250
bicycle,fair,Phoenix,12150
appliance,fair,Singer,29600
fashion,fair,Ecstasy,3400
books,fair,Cambridge,1150
gaming,fair,Razer,24700
accessories,fair,Anker,5900
phone,poor,Google,10250
laptop,poor,Acer,16450
camera,poor,Panasonic,22850
furniture,poor,Otobi,2300
bicycle,poor,Trek,7850
appliance,poor,Singer,4750
fashion,poor,Yellow,2800
books,poor,Penguin,650
gaming,poor,Logitech,10550
accessories,poor,Generic,1750
phone,new,Google,113000
laptop,new,Acer,44450
camera,new,Canon,75450
furniture,new,Hatil,31350
bicycle,new,Duranta,42350
appliance,new,Singer,81800
fashion,new,Yellow,15850
books,new,Pearson,2400
gaming,new,Sony,59250
accessories,new,Samsung,6350
phone,excellent,OnePlus,98500
laptop,excellent,Apple,126050
camera,excellent,Fujifilm,92300
furniture,excellent,IKEA,17150
bicycle,excellent,Trek,20750
appliance,excellent,Singer,8700
fashion,excellent,Yellow,12400
books,excellent,Nilkhet,2900
gaming,excellent,Razer,22850
accessories,excellent,Samsung,13200
phone,good,Apple,36350
laptop,good,Lenovo,103800
camera,good,Sony,87800
furniture,good,Regal,14600
bicycle,good,Hero,34300
appliance,good,Walton,46200
fashion,good,Sailor,6400
books,good,Cambridge,4000
gaming,good,Logitech,32700
accessories,good,Generic,13350
phone,fair,Xiaomi,19050
laptop,fair,Lenovo,55550
camera,fair,Panasonic,28750
furniture,fair,Regal,7700
bicycle,fair,Trek,16600
appliance,fair,Whirlpool,20600
fashion,fair,Generic,6000
books,fair,OReilly,1400
gaming,fair,Razer,40400
accessories,fair,Apple,10850
phone,poor,Realme,26100
laptop,poor,Lenovo,14850
camera,poor,Sony,23000
furniture,poor,Otobi,11850
bicycle,poor,Trek,1550
appliance,poor,Walton,8750
fashion,poor,Ecstasy,1950
books,poor,Penguin,1600
gaming,poor,Nintendo,15900
accessories,poor,Anker,1600
phone,new,Xiaomi,112100
laptop,new,Apple,94200
camera,new,Nikon,24550
furniture,new,Regal,26850
bicycle,new,Trek,88250
appliance,new,Walton,73600
fashion,new,Sailor,12650
books,new,Cambridge,5300
gaming,new,Logitech,7350
accessories,new,Generic,2200
phone,excellent,Xiaomi,89300
laptop,excellent,Lenovo,95700
camera,excellent,Canon,110750
furniture,excellent,Hatil,15450
bicycle,excellent,Phoenix,8100
appliance,excellent,Whirlpool,53850
fashion,excellent,Sailor,2350
books,excellent,Pearson,350
gaming,excellent,Nintendo,59400
accessories,excellent,Baseus,18300
phone,good,Google,53950
laptop,good,Apple,86100
camera,good,Panasonic,30050
furniture,good,Regal,16700
bicycle,good,Duranta,16400
appliance,good,Singer,4900
fashion,good,Generic,1950
books,good,Nilkhet,250
gaming,good,Sony,26050
accessories,good,Generic,3150
phone,fair,Realme,11450
laptop,fair,Apple,49800
camera,fair,Fujifilm,19650
furniture,fair,Local,7550
bicycle,fair,Phoenix,8400
appliance,fair,Singer,4150
fashion,fair,Yellow,5300
books,fair,Cambridge,600
gaming,fair,Logitech,30550
accessories,fair,Apple,4150
phone,poor,OnePlus,9750
laptop,poor,Acer,39700
camera,poor,Fujifilm,17550
furniture,poor,IKEA,10450
bicycle,poor,Phoenix,3900
appliance,poor,Walton,15700
fashion,poor,Sailor,2950
books,poor,Pearson,450
gaming,poor,Razer,4500
accessories,poor,Anker,100
phone,new,OnePlus,86850
laptop,new,Asus,75500
camera,new,Nikon,63650
furniture,new,Regal,1550
bicycle,new,Duranta,71000
appliance,new,Singer,54150
fashion,new,Aarong,15300
books,new,Penguin,1750
gaming,new,Razer,10400
accessories,new,Apple,17250
phone,excellent,Samsung,48600
laptop,excellent,Dell,92200
camera,excellent,Canon,15700
furniture,excellent,Local,7050
bicycle,excellent,Duranta,56750
appliance,excellent,Singer,2850
fashion,excellent,Sailor,1850
books,excellent,OReilly,2850
gaming,excellent,Sony,60650
accessories,excellent,Samsung,13950
phone,good,Xiaomi,65100
laptop,good,Asus,83950
camera,good,Sony,33850
furniture,good,IKEA,22900
bicycle,good,Phoenix,9500
appliance,good,Samsung,21250
fashion,good,Sailor,7500
books,good,Pearson,3850
gaming,good,Razer,12050
accessories,good,Baseus,5500
phone,fair,Samsung,16850
laptop,fair,Dell,70200
camera,fair,Fujifilm,25450
furniture,fair,Regal,10350
bicycle,fair,Duranta,18950
appliance,fair,Singer,38650
fashion,fair,Aarong,1400
books,fair,OReilly,1750
gaming,fair,Razer,37400
accessories,fair,Anker,1000
phone,poor,Google,11450
laptop,poor,Acer,20400
camera,poor,Sony,11200
furniture,poor,Local,7200
bicycle,poor,Giant,19650
appliance,poor,Samsung,17450
fashion,poor,Generic,200
books,poor,Penguin,300
gaming,poor,Razer,18950
accessories,poor,Samsung,850
phone,new,OnePlus,79800
laptop,new,Acer,62400
camera,new,Canon,114200
furniture,new,IKEA,41500
bicycle,new,Duranta,38150
appliance,new,LG,38200
fashion,new,Sailor,14250
books,new,Cambridge,4850
gaming,new,Logitech,59300
accessories,new,Baseus,3650
phone,excellent,OnePlus,75200
laptop,excellent,Acer,108150
camera,excellent,Sony,105400
furniture,excellent,Hatil,18650
bicycle,excellent,Giant,30300
appliance,excellent,Samsung,72450
fashion,excellent,Generic,5250
books,excellent,Nilkhet,2850
gaming,excellent,Microsoft,21900
accessories,excellent,Baseus,10800
phone,good,Samsung,77150
laptop,good,Dell,35000
camera,good,Nikon,12100
furniture,good,Hatil,23050
bicycle,good,Trek,39400
appliance,good,LG,53350
fashion,good,Sailor,7050
books,good,Penguin,2850
gaming,good,Sony,10800
accessories,good,Baseus,6900
phone,fair,Apple,37800
laptop,fair,HP,57850
camera,fair,Sony,49100
furniture,fair,Otobi,14800
bicycle,fair,Phoenix,6900
appliance,fair,Walton,16300
fashion,fair,Aarong,4500
books,fair,OReilly,350
gaming,fair,Microsoft,16750
accessories,fair,Baseus,4750
phone,poor,Realme,19300
laptop,poor,Acer,21150
camera,poor,Canon,25050
furniture,poor,IKEA,12900
bicycle,poor,Phoenix,10500
appliance,poor,LG,850
fashion,poor,Aarong,2200
books,poor,Penguin,1050
gaming,poor,Microsoft,3300
accessories,poor,Apple,3500
phone,new,Xiaomi,23350
laptop,new,Lenovo,112800
camera,new,Panasonic,58500
furniture,new,Hatil,33350
bicycle,new,Duranta,51500
appliance,new,Samsung,82100
fashion,new,Yellow,11900
books,new,OReilly,5000
gaming,new,Logitech,6500
accessories,new,Samsung,11300
phone,excellent,OnePlus,55000
laptop,excellent,Dell,24900
camera,excellent,Nikon,28300
furniture,excellent,Local,11150
bicycle,excellent,Duranta,47500
appliance,excellent,Whirlpool,44350
fashion,excellent,Generic,10350
books,excellent,Nilkhet,2150
gaming,excellent,Logitech,33000
accessories,excellent,Anker,8750
phone,good,OnePlus,47550
laptop,good,Asus,73850
camera,good,Sony,88100
furniture,good,Local,31800
bicycle,good,Duranta,40350
appliance,good,Samsung,3950
fashion,good,Aarong,4750
books,good,OReilly,600
gaming,good,Razer,40350
accessories,good,Apple,6400
phone,fair,OnePlus,47350
laptop,fair,Lenovo,54800
camera,fair,Nikon,23200
furniture,fair,Hatil,3700
bicycle,fair,Giant,36350
appliance,fair,LG,21850
fashion,fair,Aarong,6050
books,fair,Cambridge,750
gaming,fair,Sony,17500
accessories,fair,Apple,6000
phone,poor,OnePlus,15200
laptop,poor,Lenovo,19950
camera,poor,Canon,26900
furniture,poor,Local,8400
bicycle,poor,Phoenix,5800
appliance,poor,LG,22100
fashion,poor,Aarong,1200
books,poor,OReilly,1450
gaming,poor,Logitech,15650
accessories,poor,Baseus,4750
phone,new,Apple,73200
laptop,new,HP,52000
camera,new,Nikon,18100
furniture,new,IKEA,47150
bicycle,new,Duranta,51950
appliance,new,Walton,30250
fashion,new,Ecstasy,11650
books,new,Pearson,3400
gaming,new,Razer,11650
accessories,new,Apple,5550
phone,excellent,Apple,93250
laptop,excellent,Acer,41100
camera,excellent,Canon,65700
furniture,excellent,Otobi,21500
bicycle,excellent,Giant,49350
appliance,excellent,Walton,2600
fashion,excellent,Generic,3800
books,excellent,Penguin,2000
gaming,excellent,Sony,61850
accessories,excellent,Apple,13200
phone,good,Samsung,14000
laptop,good,Acer,82050
camera,good,Fujifilm,52700
furniture,good,Local,32850
bicycle,good,Hero,15950
appliance,good,Samsung,35200
fashion,good,Sailor,3950
books,good,OReilly,250
gaming,good,Sony,29500
accessories,good,Generic,4600
phone,fair,Google,23600
laptop,fair,Dell,63200
camera,fair,Panasonic,36000
furniture,fair,Otobi,1800
bicycle,fair,Hero,31850
appliance,fair,Singer,5400
fashion,fair,Yellow,3700
books,fair,OReilly,750
gaming,fair,Nintendo,13900
accessories,fair,Anker,8650
phone,poor,Google,11750
laptop,poor,Apple,23750
camera,poor,Fujifilm,6400
furniture,poor,Otobi,1600
bicycle,poor,Duranta,18450
appliance,poor,LG,10200
fashion,poor,Generic,3250
books,poor,Pearson,800
gaming,poor,Nintendo,4950
accessories,poor,Samsung,2650
phone,new,Apple,33100
laptop,new,Apple,108500
camera,new,Sony,52950
furniture,new,Hatil,25150
bicycle,new,Hero,52450
appliance,new,LG,38400
fashion,new,Yellow,4350
books,new,OReilly,300
gaming,new,Logitech,46800
accessories,new,Apple,12050
phone,excellent,Xiaomi,14500
laptop,excellent,Dell,82200
camera,excellent,Canon,13750
furniture,excellent,Local,24000
bicycle,excellent,Hero,29750
appliance,excellent,LG,38350
fashion,excellent,Ecstasy,10400
books,excellent,OReilly,4600
gaming,excellent,Nintendo,6900
accessories,excellent,Generic,4050
phone,good,Samsung,56500
laptop,good,Acer,60700
camera,good,Panasonic,63250
furniture,good,Local,21300
bicycle,good,Giant,14500
appliance,good,LG,16450
fashion,good,Sailor,7250
books,good,Nilkhet,600
gaming,good,Microsoft,1800
accessories,good,Baseus,7600
phone,fair,Apple,9800
laptop,fair,Dell,30700
camera,fair,Nikon,15600
furniture,fair,Local,8550
bicycle,fair,Trek,5200
appliance,fair,Whirlpool,19450
fashion,fair,Sailor,7700
books,fair,Cambridge,250
gaming,fair,Razer,20550
accessories,fair,Samsung,7400
phone,poor,Xiaomi,21700
laptop,poor,HP,6200
camera,poor,Sony,19500
furniture,poor,Local,6750
bicycle,poor,Duranta,9100
appliance,poor,Singer,2900
fashion,poor,Sailor,2650
books,poor,Penguin,100
gaming,poor,Microsoft,9950
accessories,poor,Samsung,2350
phone,new,OnePlus,29350
laptop,new,Lenovo,93650
camera,new,Fujifilm,153450
furniture,new,Local,24300
bicycle,new,Phoenix,33100
appliance,new,Samsung,23300
fashion,new,Sailor,9550
books,new,Cambridge,2800
gaming,new,Logitech,17900
accessories,new,Generic,15750
phone,excellent,OnePlus,36050
laptop,excellent,Lenovo,116350
camera,excellent,Canon,31050
furniture,excellent,IKEA,30050
bicycle,excellent,Giant,44400
appliance,excellent,Samsung,23750
fashion,excellent,Aarong,8400
books,excellent,Cambridge,750
gaming,excellent,Logitech,83000
accessories,excellent,Apple,14250
phone,good,OnePlus,43050
laptop,good,HP,39000
camera,good,Sony,75150
furniture,good,IKEA,12400
bicycle,good,Phoenix,32250
appliance,good,Samsung,35850
fashion,good,Ecstasy,4600
books,good,Cambridge,3450
gaming,good,Nintendo,33150
accessories,good,Baseus,9900
phone,fair,Samsung,32750
laptop,fair,Asus,40450
camera,fair,Canon,39650
furniture,fair,Regal,17050
bicycle,fair,Phoenix,32900
appliance,fair,Singer,15100
fashion,fair,Generic,3850
books,fair,Cambridge,300
gaming,fair,Microsoft,32000
accessories,fair,Generic,4450
phone,poor,Samsung,28200
laptop,poor,Apple,29900
camera,poor,Sony,6200
furniture,poor,IKEA,6950
bicycle,poor,Trek,14250
appliance,poor,Singer,21400
fashion,poor,Generic,900
books,poor,OReilly,300
gaming,poor,Nintendo,9750
accessories,poor,Anker,2900
phone,new,OnePlus,89500
laptop,new,Acer,95950
camera,new,Fujifilm,97200
furniture,new,Regal,34800
bicycle,new,Phoenix,8200
appliance,new,Singer,69200
fashion,new,Aarong,17350
books,new,Nilkhet,3900
gaming,new,Razer,48900
accessories,new,Generic,9400
phone,excellent,OnePlus,21950
laptop,excellent,Dell,118000
camera,excellent,Canon,57000
furniture,excellent,Local,37300
bicycle,excellent,Trek,4100
appliance,excellent,Singer,66900
fashion,excellent,Ecstasy,10950
books,excellent,Nilkhet,300
gaming,excellent,Sony,3400
accessories,excellent,Generic,12250
phone,good,OnePlus,43250
laptop,good,Lenovo,84200
camera,good,Fujifilm,58400
furniture,good,Local,3050
bicycle,good,Trek,15750
appliance,good,Samsung,4250
fashion,good,Aarong,550
books,good,OReilly,2300
gaming,good,Sony,41700
accessories,good,Anker,7000
phone,fair,Apple,35100
laptop,fair,Lenovo,43400
camera,fair,Sony,8950
furniture,fair,Hatil,18550
bicycle,fair,Hero,24800
appliance,fair,Whirlpool,24750
fashion,fair,Aarong,1450
books,fair,OReilly,650
gaming,fair,Logitech,13950
accessories,fair,Samsung,4650
phone,poor,Apple,11050
laptop,poor,Acer,12900
camera,poor,Canon,24250
furniture,poor,Regal,11250
bicycle,poor,Duranta,16050
appliance,poor,Singer,18950
fashion,poor,Ecstasy,2650
books,poor,Pearson,600
gaming,poor,Razer,14200
accessories,poor,Apple,1050
phone,new,Xiaomi,43850
laptop,new,Lenovo,33600
camera,new,Panasonic,139050
furniture,new,Otobi,34350
bicycle,new,Duranta,13350
appliance,new,Singer,90150
fashion,new,Yellow,17800
books,new,Nilkhet,2850
gaming,new,Sony,56050
accessories,new,Baseus,16900
phone,excellent,OnePlus,78200
laptop,excellent,Acer,45000
camera,excellent,Canon,54900
furniture,excellent,Local,22150
bicycle,excellent,Trek,12550
appliance,excellent,Whirlpool,35500
fashion,excellent,Sailor,4350
books,excellent,OReilly,2950
gaming,excellent,Nintendo,49950
accessories,excellent,Generic,8650
phone,good,Samsung,10950
laptop,good,Lenovo,90150
camera,good,Panasonic,38900
furniture,good,Otobi,7850
bicycle,good,Duranta,30050
appliance,good,Samsung,24850
fashion,good,Generic,11150
books,good,Cambridge,3050
gaming,good,Microsoft,17250
accessories,good,Samsung,3450
phone,fair,Apple,20300
laptop,fair,Dell,29950
camera,fair,Nikon,43050
furniture,fair,Otobi,6750
bicycle,fair,Hero,3650
appliance,fair,Whirlpool,26200
fashion,fair,Aarong,5250
books,fair,OReilly,250
gaming,fair,Nintendo,35850
accessories,fair,Generic,1100
phone,poor,Xiaomi,23450
laptop,poor,Dell,24500
camera,poor,Fujifilm,24300
furniture,poor,Hatil,2050
bicycle,poor,Giant,8950
appliance,poor,Singer,15150
fashion,poor,Aarong,1250
books,poor,Cambridge,600
gaming,poor,Sony,10700
accessories,poor,Samsung,3450
phone,new,Realme,73700
laptop,new,HP,53050
camera,new,Nikon,34250
furniture,new,IKEA,30450
bicycle,new,Duranta,59700
appliance,new,Singer,97600
fashion,new,Generic,6300
books,new,Pearson,2450
gaming,new,Logitech,32750
accessories,new,Apple,9850
phone,excellent,Apple,93700
laptop,excellent,Lenovo,88250
camera,excellent,Sony,56950
furniture,excellent,IKEA,47650
bicycle,excellent,Trek,71100
appliance,excellent,Whirlpool,15850
fashion,excellent,Aarong,12950
books,excellent,Penguin,2900
gaming,excellent,Sony,53600
accessories,excellent,Samsung,8850
phone,good,Realme,28900
laptop,good,Dell,75700
camera,good,Sony,68250
furniture,good,Otobi,5350
bicycle,good,Trek,50350
appliance,good,Singer,11550
fashion,good,Aarong,5450
books,good,OReilly,3100
gaming,good,Microsoft,16150
accessories,good,Apple,13500
phone,fair,Google,25950
laptop,fair,Apple,42000
camera,fair,Nikon,13100
furniture,fair,Local,6550
bicycle,fair,Giant,6650
appliance,fair,Whirlpool,13900
fashion,fair,Ecstasy,5050
books,fair,Pearson,2500
gaming,fair,Microsoft,5150
accessories,fair,Generic,1500
phone,poor,Xiaomi,5200
laptop,poor,Asus,11650
camera,poor,Panasonic,8150
furniture,poor,IKEA,3150
bicycle,poor,Phoenix,8050
appliance,poor,Walton,15050
fashion,poor,Generic,1300
books,poor,Cambridge,550
gaming,poor,Microsoft,20850
accessories,poor,Samsung,1650
phone,new,OnePlus,59850
laptop,new,Asus,62950
camera,new,Canon,56500
furniture,new,IKEA,33100
bicycle,new,Giant,91700
appliance,new,Samsung,78600
fashion,new,Ecstasy,2250
books,new,Nilkhet,1100
gaming,new,Logitech,69950
accessories,new,Baseus,1100
phone,excellent,Xiaomi,48450
laptop,excellent,Lenovo,38600
camera,excellent,Panasonic,16850
furniture,excellent,Local,3450
bicycle,excellent,Trek,33050
appliance,excellent,LG,72550
fashion,excellent,Sailor,2950
books,excellent,Pearson,950
gaming,excellent,Nintendo,18000
accessories,excellent,Anker,200
phone,good,Google,31100
laptop,good,Dell,90300
camera,good,Fujifilm,78400
furniture,good,Hatil,1950
bicycle,good,Hero,42000
appliance,good,Singer,39200
fashion,good,Ecstasy,9650
books,good,OReilly,2400
gaming,good,Razer,38350
accessories,good,Samsung,5450
phone,fair,Samsung,39050
laptop,fair,Asus,44800
camera,fair,Nikon,10150
furniture,fair,Regal,8850
bicycle,fair,Hero,3400
appliance,fair,Singer,35050
fashion,fair,Generic,3600
books,fair,Pearson,1150
gaming,fair,Sony,16100
accessories,fair,Anker,7450
phone,poor,Samsung,12300
laptop,poor,Lenovo,9700
camera,poor,Panasonic,4350
furniture,poor,Otobi,11650
bicycle,poor,Phoenix,2200
appliance,poor,Whirlpool,12200
fashion,poor,Sailor,1800
books,poor,Nilkhet,750
gaming,poor,Microsoft,10850
accessories,poor,Baseus,2650
phone,new,Samsung,74700
laptop,new,Apple,31000
camera,new,Nikon,72450
furniture,new,Otobi,35550
bicycle,new,Duranta,22200
appliance,new,LG,6050
fashion,new,Generic,650
books,new,OReilly,2000
gaming,new,Sony,19900
accessories,new,Generic,5900
phone,excellent,Google,47750
laptop,excellent,Acer,125200
camera,excellent,Nikon,45850
furniture,excellent,Regal,13400
bicycle,excellent,Phoenix,36850
appliance,excellent,Samsung,8050
fashion,excellent,Generic,4300
books,excellent,OReilly,5850
gaming,excellent,Nintendo,48500
accessories,excellent,Baseus,900
phone,good,Xiaomi,13400
laptop,good,Apple,76100
camera,good,Nikon,18100
furniture,good,Hatil,3750
bicycle,good,Hero,16150
appliance,good,Samsung,54300
fashion,good,Yellow,1200
books,good,Cambridge,2800
gaming,good,Microsoft,53000
accessories,good,Generic,2300
phone,fair,Google,24000
laptop,fair,Apple,26050
camera,fair,Nikon,21500
furniture,fair,Hatil,24200
bicycle,fair,Hero,8750
appliance,fair,LG,31550
fashion,fair,Generic,950
books,fair,Pearson,750
gaming,fair,Sony,16350
accessories,fair,Apple,10200
phone,poor,Apple,19200
laptop,poor,Asus,14250
camera,poor,Panasonic,6450
furniture,poor,Otobi,8650
bicycle,poor,Duranta,1900
appliance,poor,Singer,9200
fashion,poor,Yellow,3600
books,poor,Nilkhet,1300
gaming,poor,Logitech,12200
accessories,poor,Anker,4150
phone,new,Samsung,46100
laptop,new,Apple,86900
camera,new,Panasonic,91200
furniture,new,IKEA,41900
bicycle,new,Duranta,14250
appliance,new,Singer,82350
fashion,new,Generic,13800
books,new,OReilly,4700
gaming,new,Microsoft,58800
accessories,new,Anker,5050
phone,excellent,Realme,77150
laptop,excellent,HP,33700
camera,excellent,Fujifilm,106700
furniture,excellent,Local,23000
bicycle,excellent,Hero,55850
appliance,excellent,Samsung,60500
fashion,excellent,Sailor,15200
books,excellent,Penguin,1600
gaming,excellent,Sony,47400
accessories,excellent,Generic,4400
phone,good,Apple,35950
laptop,good,HP,70800
camera,good,Nikon,27300
furniture,good,Regal,7400
bicycle,good,Trek,42600
appliance,good,Singer,13850
fashion,good,Generic,10850
books,good,Nilkhet,3100
gaming,good,Microsoft,27050
accessories,good,Samsung,11900
phone,fair,Xiaomi,11600
laptop,fair,Lenovo,41300
camera,fair,Sony,59150
furniture,fair,Otobi,10700
bicycle,fair,Phoenix,14850
appliance,fair,Samsung,35550
fashion,fair,Generic,300
books,fair,Penguin,1500
gaming,fair,Microsoft,35100
accessories,fair,Apple,2850
phone,poor,Realme,27050
laptop,poor,Dell,10950
camera,poor,Fujifilm,9350
furniture,poor,Local,2650
bicycle,poor,Duranta,5000
appliance,poor,Samsung,11500
fashion,poor,Yellow,3250
books,poor,Nilkhet,150
gaming,poor,Nintendo,11650
accessories,poor,Baseus,3500
phone,new,Xiaomi,51400
laptop,new,Acer,108150
camera,new,Nikon,60150
furniture,new,Local,45000
bicycle,new,Phoenix,17100
appliance,new,Whirlpool,47650
fashion,new,Ecstasy,2400
books,new,Penguin,3200
gaming,new,Logitech,90700
accessories,new,Generic,16200
phone,excellent,Apple,56300
laptop,excellent,Apple,90400
camera,excellent,Sony,107100
furniture,excellent,Local,22700
bicycle,excellent,Hero,40300
appliance,excellent,Whirlpool,24800
fashion,excellent,Yellow,10850
books,excellent,OReilly,1800
gaming,excellent,Microsoft,26250
accessories,excellent,Generic,15800
phone,good,Google,18200
laptop,good,Apple,101100
camera,good,Fujifilm,13500
furniture,good,Regal,31650
bicycle,good,Hero,38950
appliance,good,Walton,32050
fashion,good,Generic,1550
books,good,Nilkhet,3700
gaming,good,Microsoft,5750
accessories,good,Anker,1800
phone,fair,Apple,42250
laptop,fair,HP,47150
camera,fair,Fujifilm,55050
furniture,fair,IKEA,11800
bicycle,fair,Duranta,8200
appliance,fair,Whirlpool,14350
fashion,fair,Generic,4250
books,fair,OReilly,350
gaming,fair,Razer,2200
accessories,fair,Baseus,3800
phone,poor,Samsung,7450
laptop,poor,Dell,10950
camera,poor,Panasonic,27350
furniture,poor,Otobi,4750
bicycle,poor,Giant,21600
appliance,poor,LG,12800
fashion,poor,Aarong,1300
books,poor,Pearson,100
gaming,poor,Nintendo,1750
accessories,poor,Samsung,3450
phone,new,Apple,71150
laptop,new,Asus,154650
camera,new,Nikon,89350
furniture,new,Hatil,49800
bicycle,new,Duranta,86700
appliance,new,Walton,26300
fashion,new,Yellow,16100
books,new,Cambridge,850
gaming,new,Microsoft,25650
accessories,new,Samsung,16050
phone,excellent,Google,90100
laptop,excellent,Lenovo,100500
camera,excellent,Fujifilm,104550
furniture,excellent,Hatil,1800
bicycle,excellent,Phoenix,61400
appliance,excellent,Samsung,69200
fashion,excellent,Aarong,1000
books,excellent,Nilkhet,3850
gaming,excellent,Logitech,23200
accessories,excellent,Apple,4450
phone,good,Apple,11550
laptop,good,Asus,75450
camera,good,Sony,86600
furniture,good,Otobi,25450
bicycle,good,Phoenix,47000
appliance,good,LG,62500
fashion,good,Sailor,5450
books,good,Pearson,2650
gaming,good,Microsoft,8700
accessories,good,Samsung,11800
phone,fair,Apple,38050
laptop,fair,Dell,59150
camera,fair,Nikon,17650
furniture,fair,Local,15500
bicycle,fair,Trek,32100
appliance,fair,LG,35950
fashion,fair,Aarong,900
books,fair,Nilkhet,2100
gaming,fair,Razer,38900
accessories,fair,Anker,6500
phone,poor,Samsung,20150
laptop,poor,HP,21850
camera,poor,Canon,4550
furniture,poor,IKEA,9900
bicycle,poor,Giant,1200
appliance,poor,Whirlpool,8650
fashion,poor,Aarong,3600
books,poor,Cambridge,150
gaming,poor,Microsoft,20200
accessories,poor,Baseus,4000
phone,new,Xiaomi,118650
laptop,new,Dell,31950
camera,new,Panasonic,48800
furniture,new,IKEA,22200
bicycle,new,Duranta,64700
appliance,new,Walton,53200
fashion,new,Generic,3900
books,new,Pearson,5850
gaming,new,Nintendo,28650
accessories,new,Baseus,18700
phone,excellent,Samsung,82900
laptop,excellent,Lenovo,136450
camera,excellent,Nikon,114400
furniture,excellent,Regal,16700
bicycle,excellent,Giant,15000
appliance,excellent,Singer,53300
fashion,excellent,Aarong,13050
books,excellent,Penguin,1400
gaming,excellent,Razer,32900
accessories,excellent,Baseus,10550
phone,good,Realme,37350
laptop,good,Apple,20300
camera,good,Nikon,11900
furniture,good,Hatil,18250
bicycle,good,Trek,47850
appliance,good,LG,12000
fashion,good,Yellow,6350
books,good,Pearson,2500
gaming,good,Nintendo,29150
accessories,good,Generic,200
phone,fair,Google,55150
laptop,fair,Apple,20850
camera,fair,Sony,23500
furniture,fair,IKEA,12000
bicycle,fair,Phoenix,15550
appliance,fair,Singer,2000
fashion,fair,Yellow,4650
books,fair,Nilkhet,1250
gaming,fair,Sony,20900
accessories,fair,Baseus,2750
phone,poor,Samsung,17750
laptop,poor,Asus,34350
camera,poor,Canon,18250
furniture,poor,Otobi,4150
bicycle,poor,Trek,12500
appliance,poor,Singer,7550
fashion,poor,Yellow,3300
books,poor,Cambridge,400
gaming,poor,Sony,3550
accessories,poor,Apple,3800
phone,new,OnePlus,59800
laptop,new,Asus,55950
camera,new,Sony,76200
furniture,new,Otobi,30050
bicycle,new,Hero,34050
appliance,new,Whirlpool,6150
fashion,new,Generic,12100
books,new,Cambridge,950
gaming,new,Microsoft,70950
accessories,new,Baseus,9400
phone,excellent,Samsung,70300
laptop,excellent,Lenovo,114750
camera,excellent,Panasonic,68550
furniture,excellent,Local,28200
bicycle,excellent,Phoenix,23800
appliance,excellent,LG,66550
fashion,excellent,Sailor,5050
books,excellent,Pearson,5150
gaming,excellent,Microsoft,45000
accessories,excellent,Apple,7900
phone,good,OnePlus,36800
laptop,good,Asus,65550
camera,good,Canon,19950
furniture,good,Otobi,20800
bicycle,good,Trek,30150
appliance,good,Walton,37500
fashion,good,Aarong,2850
books,good,Penguin,1950
gaming,good,Logitech,13400
accessories,good,Generic,9300
phone,fair,Samsung,21200
laptop,fair,HP,28250
camera,fair,Canon,30900
furniture,fair,IKEA,6500
bicycle,fair,Duranta,9000
appliance,fair,Whirlpool,34700
fashion,fair,Generic,2050
books,fair,Penguin,2900
gaming,fair,Logitech,16350
accessories,fair,Apple,9500
phone,poor,Xiaomi,13450
laptop,poor,Acer,36400
camera,poor,Sony,19900
furniture,poor,IKEA,1350
bicycle,poor,Duranta,6550
appliance,poor,Singer,19050
fashion,poor,Aarong,1450
books,poor,OReilly,550
gaming,poor,Razer,20750
accessories,poor,Baseus,400
phone,new,Google,37050
laptop,new,Apple,44650
camera,new,Canon,47000
furniture,new,IKEA,6800
bicycle,new,Hero,38200
appliance,new,Whirlpool,59050
fashion,new,Ecstasy,2400
books,new,Penguin,750
gaming,new,Logitech,64250
accessories,new,Generic,8050
phone,excellent,Samsung,36200
laptop,excellent,Lenovo,102650
camera,excellent,Nikon,69000
furniture,excellent,Hatil,8300
bicycle,excellent,Phoenix,51250
appliance,excellent,LG,10050
fashion,excellent,Aarong,4050
books,excellent,Cambridge,4300
gaming,excellent,Microsoft,29600
accessories,excellent,Baseus,14950
phone,good,Xiaomi,67300
laptop,good,Lenovo,99700
camera,good,Fujifilm,18100
furniture,good,Otobi,18050
bicycle,good,Giant,30750
appliance,good,Singer,27500
fashion,good,Generic,8050
books,good,Pearson,3100
gaming,good,Microsoft,59700
accessories,good,Baseus,2500
phone,fair,Realme,44000
laptop,fair,Acer,67250
camera,fair,Sony,8000
furniture,fair,Otobi,8950
bicycle,fair,Hero,23100
appliance,fair,Walton,39000
fashion,fair,Ecstasy,6250
books,fair,OReilly,2200
gaming,fair,Nintendo,34100
accessories,fair,Generic,1150
phone,poor,Samsung,28900
laptop,poor,Apple,35500
camera,poor,Fujifilm,27950
furniture,poor,Hatil,11000
bicycle,poor,Trek,10050
appliance,poor,Whirlpool,4850
fashion,poor,Sailor,1550
books,poor,Nilkhet,700
gaming,poor,Logitech,8700
accessories,poor,Baseus,2000
phone,new,Realme,55250
laptop,new,HP,36850
camera,new,Canon,102500
furniture,new,Regal,33900
bicycle,new,Phoenix,45600
appliance,new,Walton,24300
fashion,new,Sailor,3550
books,new,Nilkhet,5650
gaming,new,Nintendo,21000
accessories,new,Generic,7350
phone,excellent,OnePlus,18400
laptop,excellent,Apple,127050
camera,excellent,Canon,64900
furniture,excellent,Local,24100
bicycle,excellent,Trek,33850
appliance,excellent,Samsung,44950
fashion,excellent,Sailor,2750
books,excellent,Pearson,3750
gaming,excellent,Sony,23400
accessories,excellent,Anker,14050
phone,good,Google,33300
laptop,good,Apple,18350
camera,good,Canon,76650
furniture,good,Otobi,17750
bicycle,good,Giant,43400
appliance,good,Singer,40800
fashion,good,Aarong,500
books,good,OReilly,3150
gaming,good,Sony,50900
accessories,good,Samsung,10100
phone,fair,Apple,47000
laptop,fair,Asus,70300
camera,fair,Panasonic,38850
furniture,fair,IKEA,19200
bicycle,fair,Hero,28500
appliance,fair,LG,18400
fashion,fair,Generic,6300
books,fair,Cambridge,1100
gaming,fair,Microsoft,27000
accessories,fair,Generic,1350
phone,poor,OnePlus,19750
laptop,poor,Acer,37850
camera,poor,Canon,27050
furniture,poor,Otobi,7200
bicycle,poor,Phoenix,16700
appliance,poor,Samsung,3900
fashion,poor,Generic,1700
books,poor,Nilkhet,600
gaming,poor,Logitech,18000
accessories,poor,Samsung,2400
phone,new,Xiaomi,107300
laptop,new,Apple,113000
camera,new,Nikon,43650
furniture,new,Local,47900
bicycle,new,Hero,72550
appliance,new,LG,65100
fashion,new,Generic,2500
books,new,Penguin,2650
gaming,new,Logitech,6350
accessories,new,Anker,2100
phone,excellent,Realme,83450
laptop,excellent,Dell,45150
camera,excellent,Fujifilm,101900
furniture,excellent,Hatil,21200
bicycle,excellent,Duranta,22350
appliance,excellent,Whirlpool,49800
fashion,excellent,Yellow,3550
books,excellent,Cambridge,3550
gaming,excellent,Sony,38750
accessories,excellent,Generic,350
phone,good,OnePlus,73700
laptop,good,Apple,49100
camera,good,Fujifilm,11350
furniture,good,IKEA,5500
bicycle,good,Phoenix,6200
appliance,good,Walton,25500
fashion,good,Yellow,3650
books,good,OReilly,700
gaming,good,Logitech,33100
accessories,good,Anker,9000
phone,fair,Samsung,25000
laptop,fair,Dell,42350
camera,fair,Sony,46550
furniture,fair,Otobi,14850
bicycle,fair,Duranta,10500
appliance,fair,Walton,39700
fashion,fair,Sailor,7100
books,fair,Pearson,1500
gaming,fair,Logitech,19500
accessories,fair,Samsung,8000
phone,poor,Samsung,9250
laptop,poor,Dell,27050
camera,poor,Fujifilm,25800
furniture,poor,Local,5700
bicycle,poor,Giant,18050
appliance,poor,Whirlpool,13600
fashion,poor,Generic,3150
books,poor,Penguin,1050
gaming,poor,Sony,11100
accessories,poor,Baseus,4100
phone,new,Realme,82050
laptop,new,Asus,148450
camera,new,Sony,62750
furniture,new,Otobi,40600
bicycle,new,Trek,28800
appliance,new,LG,89750
fashion,new,Sailor,10000
books,new,Nilkhet,2900
gaming,new,Nintendo,44800
accessories,new,Generic,11800
phone,excellent,Google,91700
laptop,excellent,Lenovo,31550
camera,excellent,Panasonic,50800
furniture,excellent,Regal,8600
bicycle,excellent,Hero,57200
appliance,excellent,Walton,58700
fashion,excellent,Generic,12950
books,excellent,OReilly,4650
gaming,excellent,Microsoft,59050
accessories,excellent,Baseus,10200
phone,good,Xiaomi,41350
laptop,good,HP,72850
camera,good,Fujifilm,34600
furniture,good,Regal,26650
bicycle,good,Hero,25150
appliance,good,LG,14800
fashion,good,Aarong,6900
books,good,OReilly,1600
gaming,good,Sony,6050
accessories,good,Baseus,9200
phone,fair,Xiaomi,41850
laptop,fair,Asus,74900
camera,fair,Panasonic,30400
furniture,fair,Otobi,13400
bicycle,fair,Duranta,36700
appliance,fair,Whirlpool,26500
fashion,fair,Yellow,5150
books,fair,Penguin,1150
gaming,fair,Sony,39000
accessories,fair,Generic,1300
phone,poor,Realme,26450
laptop,poor,Lenovo,32550
camera,poor,Nikon,32950
furniture,poor,Otobi,7400
bicycle,poor,Duranta,19250
appliance,poor,Whirlpool,19750
fashion,poor,Yellow,4150
books,poor,Nilkhet,1000
gaming,poor,Nintendo,17950
accessories,poor,Baseus,700
phone,new,Samsung,59300
laptop,new,Apple,114500
camera,new,Panasonic,146950
furniture,new,Local,23450
bicycle,new,Hero,85200
appliance,new,Samsung,79800
fashion,new,Yellow,14600
books,new,Cambridge,2200
gaming,new,Sony,40150
accessories,new,Generic,3000
phone,excellent,Realme,60100
laptop,excellent,Acer,134850
camera,excellent,Sony,71400
furniture,excellent,IKEA,16850
bicycle,excellent,Giant,31650
appliance,excellent,Singer,4300
fashion,excellent,Aarong,3750
books,excellent,Pearson,5050
gaming,excellent,Razer,23800
accessories,excellent,Samsung,12100
phone,good,Google,72750
laptop,good,Dell,54100
camera,good,Panasonic,85000
furniture,good,Hatil,8950
bicycle,good,Giant,14350
appliance,good,Singer,27000
fashion,good,Ecstasy,6850
books,good,Cambridge,350
gaming,good,Microsoft,49500
accessories,good,Anker,6600
phone,fair,Google,22750
laptop,fair,Acer,72950
camera,fair,Sony,8500
furniture,fair,Regal,21000
bicycle,fair,Giant,16800
appliance,fair,Whirlpool,30150
fashion,fair,Aarong,1050
books,fair,Penguin,800
gaming,fair,Logitech,14750
accessories,fair,Anker,6000
phone,poor,Samsung,30300
laptop,poor,Lenovo,28400
camera,poor,Canon,31700
furniture,poor,Otobi,5250
bicycle,poor,Trek,15550
appliance,poor,Whirlpool,6600
fashion,poor,Aarong,850
books,poor,Pearson,1550
gaming,poor,Nintendo,12400
accessories,poor,Apple,3100
phone,new,Apple,27900
laptop,new,Acer,27400
camera,new,Canon,105050
furniture,new,IKEA,37050
bicycle,new,Giant,58200
appliance,new,Whirlpool,87550
fashion,new,Ecstasy,16450
books,new,OReilly,1900
gaming,new,Sony,69500
accessories,new,Samsung,1500
phone,excellent,Google,76400
laptop,excellent,Apple,86550
camera,excellent,Canon,76800
furniture,excellent,Local,28150
bicycle,excellent,Hero,41150
appliance,excellent,Walton,58400
fashion,excellent,Generic,2000
books,excellent,OReilly,1100
gaming,excellent,Microsoft,24550
accessories,excellent,Anker,12700
phone,good,Google,13550
laptop,good,Dell,71350
camera,good,Nikon,66100
furniture,good,Hatil,20400
bicycle,good,Trek,41850
appliance,good,Singer,9750
fashion,good,Aarong,1250
books,good,Pearson,750
gaming,good,Logitech,42000
accessories,good,Samsung,11600
phone,fair,Samsung,24250
laptop,fair,Dell,16850
camera,fair,Canon,55300
furniture,fair,Otobi,6000
bicycle,fair,Duranta,33300
appliance,fair,Whirlpool,25450
fashion,fair,Sailor,1850
books,fair,Cambridge,1500
gaming,fair,Logitech,14500
accessories,fair,Samsung,6000
phone,poor,Realme,12600
laptop,poor,Acer,26250
camera,poor,Fujifilm,5550
furniture,poor,Local,8400
bicycle,poor,Hero,16250
appliance,poor,LG,12200
fashion,poor,Aarong,2550
books,poor,Pearson,900
gaming,poor,Nintendo,9700
accessories,poor,Generic,1450
phone,new,Apple,74150
laptop,new,Asus,36050
camera,new,Sony,31550
furniture,new,Regal,5750
bicycle,new,Trek,56300
appliance,new,Singer,52750
fashion,new,Ecstasy,7900
books,new,Pearson,1800
gaming,new,Microsoft,17750
accessories,new,Apple,1100
phone,excellent,Samsung,85050
laptop,excellent,Acer,57650
camera,excellent,Sony,95100
furniture,excellent,Hatil,20950
bicycle,excellent,Giant,42650
appliance,excellent,Walton,22250
fashion,excellent,Generic,6900
books,excellent,Penguin,4200
gaming,excellent,Microsoft,39600
accessories,excellent,Baseus,9700
phone,good,Apple,31850
laptop,good,Lenovo,40500
camera,good,Canon,58500
furniture,good,IKEA,3450
bicycle,good,Duranta,9750
appliance,good,Singer,6400
fashion,good,Generic,4650
books,good,Cambridge,1850
gaming,good,Sony,16250
accessories,good,Generic,13450
phone,fair,Apple,35900
laptop,fair,Acer,67500
camera,fair,Panasonic,52900
furniture,fair,Regal,18150
bicycle,fair,Trek,32400
appliance,fair,LG,14800
fashion,fair,Ecstasy,4500
books,fair,Penguin,1700
gaming,fair,Logitech,17100
accessories,fair,Apple,8200
phone,poor,Samsung,23500
laptop,poor,Acer,22700
camera,poor,Panasonic,24650
furniture,poor,Local,4300
bicycle,poor,Hero,12800
appliance,poor,Whirlpool,15600
fashion,poor,Generic,1950
books,poor,Nilkhet,1300
gaming,poor,Nintendo,2100
accessories,poor,Apple,1100
phone,new,Google,55000
laptop,new,Lenovo,127150
camera,new,Nikon,74550
furniture,new,Hatil,37100
bicycle,new,Trek,50200
appliance,new,Samsung,7000
fashion,new,Sailor,12100
books,new,Nilkhet,4500
gaming,new,Microsoft,4700
accessories,new,Anker,18600
phone,excellent,Apple,56200
laptop,excellent,Lenovo,114150
camera,excellent,Nikon,54550
furniture,excellent,Otobi,12150
bicycle,excellent,Hero,57600
appliance,excellent,LG,70200
fashion,excellent,Sailor,4700
books,excellent,Cambridge,2250
gaming,excellent,Logitech,27900
accessories,excellent,Samsung,7300
phone,good,Xiaomi,57950
laptop,good,Lenovo,31050
camera,good,Panasonic,80500
furniture,good,Otobi,6200
bicycle,good,Phoenix,23700
appliance,good,Samsung,51850
fashion,good,Yellow,8650
books,good,Cambridge,2750
gaming,good,Nintendo,50350
accessories,good,Baseus,5550
phone,fair,Google,39500
laptop,fair,Lenovo,72050
camera,fair,Sony,49300
furniture,fair,Local,2500
bicycle,fair,Trek,20150
appliance,fair,Whirlpool,19300
fashion,fair,Sailor,5850
books,fair,Nilkhet,1350
gaming,fair,Sony,1950
accessories,fair,Apple,200
phone,poor,Apple,19200
laptop,poor,Asus,14900
camera,poor,Fujifilm,20950
furniture,poor,Local,2600
bicycle,poor,Phoenix,19050
appliance,poor,Singer,15350
fashion,poor,Generic,450
books,poor,Nilkhet,700
gaming,poor,Sony,13050
accessories,poor,Samsung,4400
phone,new,Google,79600
laptop,new,Asus,128800
camera,new,Nikon,130050
furniture,new,Regal,20250
bicycle,new,Phoenix,57450
appliance,new,Walton,48300
fashion,new,Generic,3450
books,new,Nilkhet,650
gaming,new,Logitech,38250
accessories,new,Baseus,11700
phone,excellent,Realme,36850
laptop,excellent,Lenovo,79350
camera,excellent,Panasonic,89000
furniture,excellent,Hatil,19900
bicycle,excellent,Duranta,41600
appliance,excellent,Whirlpool,24000
fashion,excellent,Ecstasy,2350
books,excellent,Cambridge,4350
gaming,excellent,Razer,20050
accessories,excellent,Baseus,3100
phone,good,OnePlus,39150
laptop,good,Lenovo,80550
camera,good,Panasonic,44650
furniture,good,IKEA,3200
bicycle,good,Hero,47950
appliance,good,LG,2600
fashion,good,Ecstasy,2650
books,good,Penguin,3900
gaming,good,Razer,22550
accessories,good,Samsung,9900
phone,fair,Samsung,14050
laptop,fair,HP,57900
camera,fair,Fujifilm,27900
furniture,fair,Local,7700
bicycle,fair,Phoenix,26750
appliance,fair,Whirlpool,13400
fashion,fair,Aarong,6200
books,fair,Pearson,450
gaming,fair,Microsoft,6500
accessories,fair,Apple,4050
phone,poor,Xiaomi,24000
laptop,poor,Dell,24800
camera,poor,Panasonic,8950
furniture,poor,Otobi,11000
bicycle,poor,Phoenix,3600
appliance,poor,LG,8200
fashion,poor,Sailor,3600
books,poor,Cambridge,350
gaming,poor,Logitech,8450
accessories,poor,Baseus,2250
phone,new,Google,60850
laptop,new,Asus,176350
camera,new,Fujifilm,97800
furniture,new,Local,39950
bicycle,new,Giant,55150
appliance,new,Whirlpool,81450
fashion,new,Sailor,500
books,new,Nilkhet,1500
gaming,new,Nintendo,61500
accessories,new,Generic,5950
phone,excellent,Samsung,58000
laptop,excellent,Lenovo,121750
camera,excellent,Canon,102300
furniture,excellent,Hatil,13000
bicycle,excellent,Hero,26150
appliance,excellent,LG,72900
fashion,excellent,Sailor,10000
books,excellent,Nilkhet,4750
gaming,excellent,Logitech,6300
accessories,excellent,Baseus,2800
phone,good,OnePlus,41750
laptop,good,Acer,27850
camera,good,Sony,30850
furniture,good,Otobi,29350
bicycle,good,Phoenix,18250
appliance,good,Walton,33600
fashion,good,Generic,9650
books,good,Penguin,3150
gaming,good,Razer,9100
accessories,good,Anker,6200
phone,fair,OnePlus,50000
laptop,fair,HP,60200
camera,fair,Canon,12500
furniture,fair,IKEA,10300
bicycle,fair,Duranta,7300
appliance,fair,Samsung,26200
fashion,fair,Generic,6900
books,fair,OReilly,400
gaming,fair,Microsoft,2200
accessories,fair,Samsung,9450
phone,poor,Samsung,30150
laptop,poor,HP,27000
camera,poor,Sony,14500
furniture,poor,Otobi,11400
bicycle,poor,Hero,5400
appliance,poor,Whirlpool,5500
fashion,poor,Sailor,1000
books,poor,Nilkhet,1550
gaming,poor,Razer,11300
accessories,poor,Generic,3550
phone,new,Realme,115000
laptop,new,Asus,89100
camera,new,Canon,71950
furniture,new,Local,54350
bicycle,new,Trek,75050
appliance,new,LG,85450
fashion,new,Aarong,5100
books,new,Nilkhet,4350
gaming,new,Sony,97750
accessories,new,Baseus,3800
phone,excellent,Samsung,62950
laptop,excellent,Asus,33100
camera,excellent,Sony,133050
furniture,excellent,Otobi,12550
bicycle,excellent,Trek,71900
appliance,excellent,Whirlpool,22000
fashion,excellent,Ecstasy,7450
books,excellent,OReilly,2950
gaming,excellent,Nintendo,46450
accessories,excellent,Samsung,16650
phone,good,Xiaomi,35350
laptop,good,Acer,42500
camera,good,Panasonic,12400
furniture,good,Regal,3400
bicycle,good,Phoenix,15150
appliance,good,Samsung,37500
fashion,good,Generic,9100
books,good,Pearson,850
gaming,good,Microsoft,30100
accessories,good,Generic,14000
phone,fair,Xiaomi,29050
laptop,fair,Dell,26400
camera,fair,Nikon,57400
furniture,fair,IKEA,14250
bicycle,fair,Hero,13850
appliance,fair,Singer,31250
fashion,fair,Aarong,5000
books,fair,OReilly,1500
gaming,fair,Nintendo,35300
accessories,fair,Samsung,100
phone,poor,Apple,4450
laptop,poor,Dell,7650
camera,poor,Panasonic,17850
furniture,poor,IKEA,3150
bicycle,poor,Duranta,1300
appliance,poor,Singer,6950
fashion,poor,Sailor,1200
books,poor,Cambridge,250
gaming,poor,Microsoft,14900
accessories,poor,Samsung,1850
phone,new,Google,72800
laptop,new,Dell,50200
camera,new,Panasonic,100400
furniture,new,IKEA,32000
bicycle,new,Phoenix,70500
appliance,new,Walton,21700
fashion,new,Generic,8900
books,new,OReilly,3800
gaming,new,Microsoft,62400
accessories,new,Apple,4050
phone,excellent,Samsung,43800
laptop,excellent,Asus,33750
camera,excellent,Nikon,22050
furniture,excellent,IKEA,37950
bicycle,excellent,Phoenix,50300
appliance,excellent,Samsung,3900
fashion,excellent,Generic,10500
books,excellent,Penguin,4650
gaming,excellent,Logitech,14950
accessories,excellent,Anker,10800
phone,good,Xiaomi,71500
laptop,good,Lenovo,24750
camera,good,Panasonic,13650
furniture,good,Hatil,14750
bicycle,good,Phoenix,32400
appliance,good,LG,4250
fashion,good,Yellow,950
books,good,Nilkhet,2900
gaming,good,Razer,48900
accessories,good,Baseus,500
phone,fair,Xiaomi,38200
laptop,fair,Lenovo,51200
camera,fair,Nikon,29700
furniture,fair,Regal,21600
bicycle,fair,Hero,27900
appliance,fair,Walton,23200
fashion,fair,Ecstasy,1300
books,fair,OReilly,2350
gaming,fair,Logitech,20750
accessories,fair,Baseus,10000
phone,poor,OnePlus,30400
laptop,poor,Acer,21650
camera,poor,Fujifilm,27950
furniture,poor,Otobi,8150
bicycle,poor,Hero,11050
appliance,poor,Whirlpool,7200
fashion,poor,Aarong,2300
books,poor,Nilkhet,550
gaming,poor,Microsoft,14200
accessories,poor,Generic,100
phone,new,OnePlus,34950
laptop,new,Apple,27000
camera,new,Nikon,36800
furniture,new,Regal,42600
bicycle,new,Hero,13500
appliance,new,Samsung,46550
fashion,new,Generic,3100
books,new,Pearson,1100
gaming,new,Logitech,44500
accessories,new,Samsung,9950
phone,excellent,Realme,48150
laptop,excellent,Lenovo,29450
camera,excellent,Panasonic,75350
furniture,excellent,Regal,22950
bicycle,excellent,Trek,69000
appliance,excellent,LG,5050
fashion,excellent,Generic,5500
books,excellent,Pearson,2500
gaming,excellent,Logitech,28200
accessories,excellent,Generic,10200
phone,good,Samsung,15450
laptop,good,Apple,53000
camera,good,Canon,79350
furniture,good,Regal,26300
bicycle,good,Hero,32650
appliance,good,Singer,45500
fashion,good,Yellow,9700
books,good,Penguin,200
gaming,good,Razer,41650
accessories,good,Apple,10300
phone,fair,Google,15050
laptop,fair,Lenovo,55100
camera,fair,Sony,55700
furniture,fair,IKEA,12050
bicycle,fair,Hero,5750
appliance,fair,Whirlpool,18950
fashion,fair,Yellow,2100
books,fair,Nilkhet,150
gaming,fair,Logitech,14400
accessories,fair,Generic,2150
phone,poor,OnePlus,11100
laptop,poor,Lenovo,35550
camera,poor,Nikon,32100
furniture,poor,Regal,8350
bicycle,poor,Giant,9150
appliance,poor,LG,16900
fashion,poor,Generic,2650
books,poor,OReilly,1050
gaming,poor,Sony,12950
accessories,poor,Samsung,2050
phone,new,Samsung,110250
laptop,new,Apple,129850
camera,new,Panasonic,57950
furniture,new,Otobi,6350
bicycle,new,Duranta,16600
appliance,new,Samsung,5850
fashion,new,Sailor,7450
books,new,Penguin,3550
gaming,new,Logitech,62750
accessories,new,Baseus,20350
phone,excellent,Google,24700
laptop,excellent,Asus,40600
camera,excellent,Fujifilm,77400
furniture,excellent,IKEA,20550
bicycle,excellent,Trek,34550
appliance,excellent,Singer,35550
fashion,excellent,Ecstasy,7700
books,excellent,Nilkhet,4200
gaming,excellent,Razer,35050
accessories,excellent,Generic,10800
phone,good,Google,75300
laptop,good,Apple,43650
camera,good,Canon,55200
furniture,good,Local,20450
bicycle,good,Giant,3350
appliance,good,Samsung,3450
fashion,good,Aarong,500
books,good,Pearson,1600
gaming,good,Sony,34800
accessories,good,Apple,14050
phone,fair,Xiaomi,18950
laptop,fair,Asus,55350
camera,fair,Sony,19150
furniture,fair,Hatil,15850
bicycle,fair,Phoenix,3250
appliance,fair,Whirlpool,3850
fashion,fair,Yellow,5100
books,fair,Pearson,2100
gaming,fair,Sony,22600
accessories,fair,Samsung,1750
phone,poor,Google,14650
laptop,poor,Asus,36550
camera,poor,Canon,9250
furniture,poor,IKEA,8000
bicycle,poor,Phoenix,10700
appliance,poor,Singer,18550
fashion,poor,Generic,1750
books,poor,Cambridge,1000
gaming,poor,Sony,2200
accessories,poor,Samsung,4100
phone,new,Samsung,16650
laptop,new,Asus,148500
camera,new,Nikon,122800
furniture,new,Hatil,6150
bicycle,new,Duranta,16150
appliance,new,Whirlpool,27450
fashion,new,Generic,17750
books,new,Cambridge,4100
gaming,new,Nintendo,12600
accessories,new,Samsung,11050
phone,excellent,Google,64400
laptop,excellent,Acer,83100
camera,excellent,Sony,25900
furniture,excellent,Local,36200
bicycle,excellent,Hero,63150
appliance,excellent,Walton,4000
fashion,excellent,Yellow,1750
books,excellent,Pearson,4050
gaming,excellent,Microsoft,53000
accessories,excellent,Generic,3350
phone,good,Samsung,46250
laptop,good,Asus,75750
camera,good,Nikon,31050
furniture,good,IKEA,35750
bicycle,good,Duranta,17000
appliance,good,Walton,36000
fashion,good,Yellow,9750
books,good,Nilkhet,300
gaming,good,Nintendo,20400
accessories,good,Anker,6300
phone,fair,Apple,17800
laptop,fair,Acer,54250
camera,fair,Panasonic,42700
furniture,fair,Otobi,16200
bicycle,fair,Phoenix,13250
appliance,fair,Whirlpool,5500
fashion,fair,Sailor,4800
books,fair,Pearson,2300
gaming,fair,Microsoft,4650
accessories,fair,Samsung,7900
phone,poor,Apple,18850
laptop,poor,Asus,36750
camera,poor,Panasonic,19000
furniture,poor,IKEA,3650
bicycle,poor,Giant,16000
appliance,poor,LG,11050
fashion,poor,Aarong,800
books,poor,Penguin,1400
gaming,poor,Sony,800
accessories,poor,Baseus,450
phone,new,OnePlus,34500
laptop,new,Dell,132050
camera,new,Canon,119150
furniture,new,Hatil,6150
bicycle,new,Trek,23450
appliance,new,LG,51550
fashion,new,Yellow,3000
books,new,Nilkhet,2300
gaming,new,Nintendo,49300
accessories,new,Generic,15000
phone,excellent,OnePlus,35950
laptop,excellent,Lenovo,95000
camera,excellent,Fujifilm,37350
furniture,excellent,IKEA,12750
bicycle,excellent,Trek,32450
appliance,excellent,Walton,21900
fashion,excellent,Sailor,14350
books,excellent,Pearson,650
gaming,excellent,Logitech,57700
accessories,excellent,Generic,19050
phone,good,Samsung,31550
laptop,good,Lenovo,63100
camera,good,Nikon,86900
furniture,good,Local,27800
bicycle,good,Giant,13800
appliance,good,Singer,12800
fashion,good,Sailor,9100
books,good,Cambridge,1850
gaming,good,Microsoft,52700
accessories,good,Generic,4900
phone,fair,OnePlus,32350
laptop,fair,HP,59400
camera,fair,Sony,19500
furniture,fair,Regal,4700
bicycle,fair,Giant,25200
appliance,fair,Whirlpool,18450
fashion,fair,Generic,6350
books,fair,Pearson,1400
gaming,fair,Microsoft,16550
accessories,fair,Baseus,8700
phone,poor,OnePlus,19400
laptop,poor,Lenovo,7900
camera,poor,Sony,11550
furniture,poor,Hatil,10750
bicycle,poor,Giant,10550
appliance,poor,Walton,5650
fashion,poor,Aarong,3000
books,poor,Nilkhet,150
gaming,poor,Nintendo,14550
accessories,poor,Apple,3150
phone,new,Realme,121100
laptop,new,HP,68600
camera,new,Nikon,60850
furniture,new,IKEA,20800
bicycle,new,Duranta,37750
appliance,new,LG,73250
fashion,new,Yellow,2300
books,new,Penguin,2200
gaming,new,Microsoft,87200
accessories,new,Anker,23700
phone,excellent,Realme,63950
laptop,excellent,Dell,28000
camera,excellent,Nikon,35650
furniture,excellent,Regal,16800
bicycle,excellent,Duranta,55050
appliance,excellent,LG,15800
fashion,excellent,Aarong,1200
books,excellent,Pearson,2450
gaming,excellent,Razer,42350
accessories,excellent,Baseus,10550
phone,good,OnePlus,36200
laptop,good,Acer,52750
camera,good,Canon,58850
furniture,good,IKEA,13150
bicycle,good,Duranta,23650
appliance,good,Singer,35350
fashion,good,Aarong,7650
books,good,Nilkhet,2300
gaming,good,Nintendo,3800
accessories,good,Apple,7500
phone,fair,Samsung,16550
laptop,fair,Dell,41350
camera,fair,Nikon,24000
furniture,fair,Local,18050
bicycle,fair,Trek,28450
appliance,fair,Walton,27050
fashion,fair,Ecstasy,6950
books,fair,Cambridge,2400
gaming,fair,Microsoft,38150
accessories,fair,Samsung,4500
phone,poor,Samsung,15150
laptop,poor,Dell,37600
camera,poor,Nikon,4400
furniture,poor,IKEA,9650
bicycle,poor,Trek,14950
appliance,poor,Singer,15850
fashion,poor,Yellow,4300
books,poor,Nilkhet,1600
gaming,poor,Logitech,3950
accessories,poor,Apple,750
phone,new,Realme,16050
laptop,new,Apple,94750
camera,new,Sony,108950
furniture,new,Hatil,36550
bicycle,new,Duranta,6700
appliance,new,Singer,45350
fashion,new,Sailor,10900
books,new,Cambridge,850
gaming,new,Logitech,76800
accessories,new,Anker,12750
phone,excellent,Samsung,37050
laptop,excellent,Apple,50100
camera,excellent,Nikon,73350
furniture,excellent,IKEA,14800
bicycle,excellent,Hero,10350
appliance,excellent,Singer,20800
fashion,excellent,Generic,3850
books,excellent,Nilkhet,3900
gaming,excellent,Nintendo,30650
accessories,excellent,Generic,8600
phone,good,Xiaomi,75550
laptop,good,Lenovo,41950
camera,good,Canon,71500
furniture,good,Regal,3400
bicycle,good,Phoenix,46550
appliance,good,Walton,1900
fashion,good,Aarong,9450
books,good,Cambridge,1750
gaming,good,Razer,5750
accessories,good,Generic,1950
phone,fair,OnePlus,44050
laptop,fair,Asus,44350
camera,fair,Nikon,60300
furniture,fair,Local,1750
bicycle,fair,Trek,28200
appliance,fair,LG,40850
fashion,fair,Generic,7350
books,fair,Pearson,1200
gaming,fair,Microsoft,21600
accessories,fair,Apple,9200
phone,poor,Realme,9300
laptop,poor,Dell,11150
camera,poor,Panasonic,3800
furniture,poor,Otobi,6800
bicycle,poor,Trek,12650
appliance,poor,Walton,1500
fashion,poor,Sailor,1500
books,poor,Nilkhet,600
gaming,poor,Sony,13650
accessories,poor,Generic,2650
phone,new,OnePlus,43400
laptop,new,Apple,44150
camera,new,Panasonic,104400
furniture,new,IKEA,44000
bicycle,new,Giant,13350
appliance,new,Walton,58100
fashion,new,Yellow,11100
books,new,Nilkhet,750
gaming,new,Nintendo,75950
accessories,new,Anker,12450
phone,excellent,Samsung,56800
laptop,excellent,Acer,69050
camera,excellent,Sony,56700
furniture,excellent,Regal,11350
bicycle,excellent,Giant,10550
appliance,excellent,Samsung,25550
fashion,excellent,Aarong,6200
books,excellent,OReilly,5500
gaming,excellent,Nintendo,20750
accessories,excellent,Generic,10250
phone,good,Samsung,74950
laptop,good,Apple,100250
camera,good,Sony,53650
furniture,good,Local,19250
bicycle,good,Phoenix,21350
appliance,good,Walton,46800
fashion,good,Aarong,6600
books,good,Pearson,800
gaming,good,Sony,26150
accessories,good,Baseus,1450
phone,fair,Xiaomi,46200
laptop,fair,Dell,46600
camera,fair,Panasonic,29500
furniture,fair,Local,9400
bicycle,fair,Trek,31250
appliance,fair,Singer,34950
fashion,fair,Aarong,2150
books,fair,Penguin,350
gaming,fair,Microsoft,38650
accessories,fair,Samsung,1250
phone,poor,Apple,4850
laptop,poor,HP,36250
camera,poor,Fujifilm,16350
furniture,poor,Otobi,5400
bicycle,poor,Giant,9700
appliance,poor,Singer,2200
fashion,poor,Generic,2800
books,poor,OReilly,150
gaming,poor,Logitech,13500
accessories,poor,Baseus,4100
phone,new,Xiaomi,33350
laptop,new,Dell,164250
camera,new,Sony,44150
furniture,new,Regal,50600
bicycle,new,Trek,25400
appliance,new,Samsung,16050
fashion,new,Yellow,14700
books,new,OReilly,2350
gaming,new,Sony,58000
accessories,new,Samsung,2400
phone,excellent,OnePlus,86950
laptop,excellent,Apple,55850
camera,excellent,Canon,14250
furniture,excellent,Hatil,35700
bicycle,excellent,Hero,27750
appliance,excellent,Whirlpool,31100
fashion,excellent,Sailor,10950
books,excellent,Penguin,1750
gaming,excellent,Sony,61850
accessories,excellent,Samsung,10150
phone,good,Realme,67250
laptop,good,Acer,33750
camera,good,Sony,9700
furniture,good,Otobi,14000
bicycle,good,Giant,33150
appliance,good,Whirlpool,49650
fashion,good,Aarong,4600
books,good,Cambridge,1700
gaming,good,Razer,26300
accessories,good,Generic,7350
phone,fair,Xiaomi,27650
laptop,fair,HP,18750
camera,fair,Canon,69600
furniture,fair,IKEA,23750
bicycle,fair,Trek,8150
appliance,fair,Whirlpool,14650
fashion,fair,Sailor,4450
books,fair,Pearson,150
gaming,fair,Microsoft,27000
accessories,fair,Generic,4150
phone,poor,Apple,5500
laptop,poor,Asus,11100
camera,poor,Nikon,33700
furniture,poor,Otobi,11850
bicycle,poor,Giant,5800
appliance,poor,LG,2300
fashion,poor,Aarong,550
books,poor,OReilly,1100
gaming,poor,Razer,21000
accessories,poor,Apple,2650
phone,new,OnePlus,82000
laptop,new,HP,43350
camera,new,Fujifilm,94300
furniture,new,Regal,25550
bicycle,new,Duranta,38000
appliance,new,Samsung,18350
fashion,new,Sailor,10600
books,new,Penguin,5750
gaming,new,Sony,67800
accessories,new,Samsung,9100
phone,excellent,Xiaomi,70000
laptop,excellent,Acer,104350
camera,excellent,Sony,44700
furniture,excellent,Regal,13750
bicycle,excellent,Hero,67500
appliance,excellent,Whirlpool,28050
fashion,excellent,Aarong,2250
books,excellent,OReilly,1750
gaming,excellent,Logitech,50900
accessories,excellent,Generic,11200
phone,good,Apple,65050
laptop,good,Lenovo,19750
camera,good,Nikon,16950
furniture,good,Local,22950
bicycle,good,Hero,43700
appliance,good,Samsung,49550
fashion,good,Generic,3450
books,good,Nilkhet,3750
gaming,good,Razer,14150
accessories,good,Anker,9100
phone,fair,Realme,23150
laptop,fair,Lenovo,42500
camera,fair,Panasonic,8300
furniture,fair,Otobi,4050
bicycle,fair,Trek,8850
appliance,fair,Walton,21550
fashion,fair,Ecstasy,6550
books,fair,Cambridge,400
gaming,fair,Nintendo,8750
accessories,fair,Samsung,2550
phone,poor,Google,16900
laptop,poor,Apple,25600
camera,poor,Fujifilm,26050
furniture,poor,Otobi,3650
bicycle,poor,Giant,1900
appliance,poor,Samsung,7800
fashion,poor,Sailor,3600
books,poor,OReilly,950
gaming,poor,Sony,6350
accessories,poor,Samsung,4300
phone,new,Apple,98150
laptop,new,HP,60800
camera,new,Panasonic,106050
furniture,new,Local,31200
bicycle,new,Hero,39950
appliance,new,Whirlpool,22900
fashion,new,Aarong,17900
books,new,Penguin,4500
gaming,new,Razer,74100
accessories,new,Samsung,7350
phone,excellent,Apple,72850
laptop,excellent,Acer,76500
camera,excellent,Fujifilm,46850
furniture,excellent,Otobi,4150
bicycle,excellent,Trek,7050
appliance,excellent,Whirlpool,53850
fashion,excellent,Ecstasy,3850
books,excellent,Cambridge,4850
gaming,excellent,Nintendo,63200
accessories,excellent,Apple,9650
phone,good,Samsung,53150
laptop,good,Lenovo,46900
camera,good,Nikon,12300
furniture,good,Hatil,1350
bicycle,good,Trek,40650
appliance,good,Singer,39000
fashion,good,Generic,8850
books,good,Cambridge,2300
gaming,good,Logitech,37200
accessories,good,Generic,4150
phone,fair,OnePlus,13900
laptop,fair,Dell,46650
camera,fair,Canon,34500
furniture,fair,Otobi,12250
bicycle,fair,Phoenix,2950
appliance,fair,Whirlpool,11800
fashion,fair,Yellow,4500
books,fair,Penguin,550
gaming,fair,Razer,14100
accessories,fair,Generic,5150
phone,poor,Apple,19450
laptop,poor,Acer,7750
camera,poor,Nikon,11100
furniture,poor,Hatil,2250
bicycle,poor,Giant,12650
appliance,poor,Whirlpool,21300
fashion,poor,Aarong,1550
books,poor,OReilly,1250
gaming,poor,Razer,13350
accessories,poor,Baseus,1700
phone,new,Realme,114400
laptop,new,Dell,86550
camera,new,Nikon,43200
furniture,new,IKEA,21900
bicycle,new,Duranta,84400
appliance,new,Whirlpool,68100
fashion,new,Yellow,5150
books,new,Nilkhet,2450
gaming,new,Sony,51600
accessories,new,Anker,14650
phone,excellent,Google,51950
laptop,excellent,Dell,41100
camera,excellent,Canon,31350
furniture,excellent,Otobi,5600
bicycle,excellent,Phoenix,48800
appliance,excellent,LG,40850
fashion,excellent,Yellow,14250
books,excellent,Nilkhet,2800
gaming,excellent,Microsoft,12250
accessories,excellent,Baseus,3900
phone,good,Apple,41100
laptop,good,Apple,65400
camera,good,Nikon,17950
furniture,good,Regal,33150
bicycle,good,Trek,18550
appliance,good,Walton,46800
fashion,good,Generic,5150
books,good,Pearson,2750
gaming,good,Logitech,15000
accessories,good,Generic,12100
phone,fair,OnePlus,36700
laptop,fair,Dell,22200
camera,fair,Fujifilm,33950
furniture,fair,Local,12150
bicycle,fair,Hero,33050
appliance,fair,Singer,5450
fashion,fair,Aarong,950
books,fair,Nilkhet,1850
gaming,fair,Microsoft,39250
accessories,fair,Apple,5300
phone,poor,Google,7200
laptop,poor,Acer,28850
camera,poor,Sony,25000
furniture,poor,IKEA,7750
bicycle,poor,Trek,16300
appliance,poor,Whirlpool,16750
fashion,poor,Sailor,800
books,poor,Pearson,1250
gaming,poor,Sony,12600
accessories,poor,Generic,2700
phone,new,OnePlus,82850
laptop,new,Lenovo,38500
camera,new,Canon,97900
furniture,new,Otobi,45100
bicycle,new,Phoenix,54700
appliance,new,Whirlpool,63500
fashion,new,Yellow,10850
books,new,Cambridge,4900
gaming,new,Nintendo,9050
accessories,new,Generic,12250
phone,excellent,Xiaomi,52650
laptop,excellent,HP,30050
camera,excellent,Nikon,21550
furniture,excellent,Regal,5750
bicycle,excellent,Duranta,57400
appliance,excellent,Singer,72600
fashion,excellent,Sailor,750
books,excellent,Cambridge,1600
gaming,excellent,Razer,11350
accessories,excellent,Samsung,9700
phone,good,Realme,57850
laptop,good,Dell,53350
camera,good,Sony,50700
furniture,good,IKEA,19550
bicycle,good,Phoenix,17000
appliance,good,Whirlpool,26150
fashion,good,Aarong,5150
books,good,OReilly,3850
gaming,good,Sony,18700
accessories,good,Baseus,6100
phone,fair,OnePlus,28850
laptop,fair,Acer,54000
camera,fair,Nikon,25300
furniture,fair,Local,11300
bicycle,fair,Giant,14800
appliance,fair,Whirlpool,24100
fashion,fair,Ecstasy,8300
books,fair,Cambridge,400
gaming,fair,Razer,30600
accessories,fair,Anker,10600
phone,poor,Google,12950
laptop,poor,Asus,16400
camera,poor,Panasonic,12200
furniture,poor,Hatil,9550
bicycle,poor,Duranta,12200
appliance,poor,Walton,11500
fashion,poor,Sailor,4700
books,poor,Nilkhet,200
gaming,poor,Logitech,17050
accessories,poor,Baseus,3300
phone,new,Xiaomi,41250
laptop,new,HP,93000
camera,new,Fujifilm,23850
furniture,new,Hatil,43750
bicycle,new,Phoenix,84500
appliance,new,Singer,78050
fashion,new,Generic,18900
books,new,Cambridge,4150
gaming,new,Nintendo,22300
accessories,new,Samsung,15700
phone,excellent,Realme,57300
laptop,excellent,Apple,70500
camera,excellent,Panasonic,33700
furniture,excellent,IKEA,25850
bicycle,excellent,Hero,22200
appliance,excellent,Whirlpool,24750
fashion,excellent,Sailor,5350
books,excellent,OReilly,1100
gaming,excellent,Nintendo,15850
accessories,excellent,Samsung,12300
phone,good,Xiaomi,69650
laptop,good,Dell,63000
camera,good,Fujifilm,46750
furniture,good,Regal,12000
bicycle,good,Phoenix,53150
appliance,good,Samsung,11450
fashion,good,Yellow,7900
books,good,Penguin,3650
gaming,good,Microsoft,35450
accessories,good,Generic,13950
phone,fair,Xiaomi,33150
laptop,fair,Apple,23500
camera,fair,Sony,14750
furniture,fair,Regal,3600
bicycle,fair,Trek,7100
appliance,fair,Singer,25850
fashion,fair,Ecstasy,5300
books,fair,Nilkhet,100
gaming,fair,Microsoft,21800
accessories,fair,Baseus,3800
phone,poor,Google,29600
laptop,poor,HP,6750
camera,poor,Fujifilm,16950
furniture,poor,Otobi,5650
bicycle,poor,Trek,5150
appliance,poor,Samsung,11100
fashion,poor,Generic,1300
books,poor,Pearson,1350
gaming,poor,Sony,15850
accessories,poor,Samsung,2150
phone,new,Apple,53450
laptop,new,Apple,56850
camera,new,Nikon,25050
furniture,new,Regal,7200
bicycle,new,Phoenix,55050
appliance,new,Walton,40350
fashion,new,Generic,17950
books,new,OReilly,5300
gaming,new,Nintendo,51450
accessories,new,Anker,17550
phone,excellent,Xiaomi,45050
laptop,excellent,Dell,88250
camera,excellent,Sony,53600
furniture,excellent,IKEA,20650
bicycle,excellent,Giant,37350
appliance,excellent,Whirlpool,41050
fashion,excellent,Generic,5300
books,excellent,Penguin,600
gaming,excellent,Razer,41050
accessories,excellent,Baseus,2400
phone,good,Realme,62200
laptop,good,Dell,62550
camera,good,Canon,26000
furniture,good,Local,5350
bicycle,good,Giant,30250
appliance,good,Singer,53550
fashion,good,Sailor,4200
books,good,Cambridge,350
gaming,good,Sony,46850
accessories,good,Baseus,4300
phone,fair,Apple,23100
laptop,fair,Dell,42300
camera,fair,Panasonic,25450
furniture,fair,Otobi,650
bicycle,fair,Duranta,11900
appliance,fair,Samsung,16200
fashion,fair,Aarong,900
books,fair,Cambridge,2050
gaming,fair,Sony,4750
accessories,fair,Samsung,2700
phone,poor,Apple,14250
laptop,poor,Lenovo,40750
camera,poor,Canon,27450
furniture,poor,Hatil,6800
bicycle,poor,Giant,17350
appliance,poor,Singer,14900
fashion,poor,Sailor,1950
books,poor,Nilkhet,1450
gaming,poor,Logitech,7900
accessories,poor,Samsung,1900
phone,new,Samsung,87650
laptop,new,Dell,75300
camera,new,Fujifilm,88800
furniture,new,Otobi,4900
bicycle,new,Trek,25450
appliance,new,Walton,80200
fashion,new,Sailor,13900
books,new,Nilkhet,4600
gaming,new,Logitech,83450
accessories,new,Baseus,12250
phone,excellent,Realme,60600
laptop,excellent,Acer,70700
camera,excellent,Panasonic,38300
furniture,excellent,Local,44200
bicycle,excellent,Hero,44900
appliance,excellent,LG,53250
fashion,excellent,Yellow,6700
books,excellent,Cambridge,4150
gaming,excellent,Microsoft,7100
accessories,excellent,Generic,10850
phone,good,Samsung,11850
laptop,good,Acer,50850
camera,good,Fujifilm,22150
furniture,good,Regal,24900
bicycle,good,Hero,37550
appliance,good,Whirlpool,45100
fashion,good,Generic,4700
books,good,Penguin,1150
gaming,good,Razer,47250
accessories,good,Samsung,8550
phone,fair,Google,8150
laptop,fair,Asus,37950
camera,fair,Sony,25950
furniture,fair,Regal,20100
bicycle,fair,Giant,20150
appliance,fair,Whirlpool,13750
fashion,fair,Aarong,4950
books,fair,Pearson,1450
gaming,fair,Razer,9550
accessories,fair,Baseus,5400
phone,poor,OnePlus,5750
laptop,poor,Apple,23900
camera,poor,Fujifilm,15500
furniture,poor,Local,5250
bicycle,poor,Hero,16850
appliance,poor,Singer,23850
fashion,poor,Ecstasy,800
books,poor,Nilkhet,1200
gaming,poor,Microsoft,22050
accessories,poor,Anker,3800
phone,new,Google,115550
laptop,new,HP,108550
camera,new,Canon,62900
furniture,new,Local,31700
bicycle,new,Duranta,56150
appliance,new,Walton,69700
fashion,new,Yellow,1800
books,new,Nilkhet,1700
gaming,new,Logitech,11900
accessories,new,Baseus,8450
phone,excellent,Apple,35900
laptop,excellent,Apple,112600
camera,excellent,Panasonic,35850
furniture,excellent,Regal,39850
bicycle,excellent,Duranta,10100
appliance,excellent,Walton,9550
fashion,excellent,Generic,1450
books,excellent,OReilly,250
gaming,excellent,Razer,70450
accessories,excellent,Apple,17750
phone,good,Google,53750
laptop,good,Acer,43250
camera,good,Nikon,19400
furniture,good,Hatil,14800
bicycle,good,Giant,40200
appliance,good,Walton,2900
fashion,good,Yellow,1200
books,good,Nilkhet,2500
gaming,good,Sony,43650
accessories,good,Generic,7600
phone,fair,Xiaomi,12700
laptop,fair,HP,34050
camera,fair,Canon,13700
furniture,fair,Regal,10000
bicycle,fair,Hero,29300
appliance,fair,Samsung,35500
fashion,fair,Aarong,2450
books,fair,Cambridge,2400
gaming,fair,Razer,12100
accessories,fair,Apple,5000
phone,poor,Realme,9050
laptop,poor,Apple,11000
camera,poor,Canon,26050
furniture,poor,Otobi,750
bicycle,poor,Hero,7400
appliance,poor,Walton,9650
fashion,poor,Sailor,2800
books,poor,Nilkhet,200
gaming,poor,Nintendo,11350
accessories,poor,Samsung,2700
phone,new,Apple,61350
laptop,new,Lenovo,85750
camera,new,Nikon,66450
furniture,new,Otobi,46700
bicycle,new,Trek,58050
appliance,new,Walton,37000
fashion,new,Aarong,12250
books,new,Nilkhet,4300
gaming,new,Razer,65400
accessories,new,Apple,3450
phone,excellent,Apple,52200
laptop,excellent,Acer,38150
camera,excellent,Nikon,75700
furniture,excellent,Regal,12100
bicycle,excellent,Giant,19300
appliance,excellent,Whirlpool,69050
fashion,excellent,Sailor,5450
books,excellent,Pearson,4250
gaming,excellent,Microsoft,38950
accessories,excellent,Apple,4250
phone,good,Realme,19050
laptop,good,Lenovo,21950
camera,good,Panasonic,64350
furniture,good,Hatil,5350
bicycle,good,Hero,35550
appliance,good,Samsung,15300
fashion,good,Aarong,4600
books,good,OReilly,3850
gaming,good,Sony,33700
accessories,good,Apple,7400
phone,fair,Samsung,28100
laptop,fair,Dell,63050
camera,fair,Fujifilm,29300
furniture,fair,Local,16700
bicycle,fair,Hero,32150
appliance,fair,Whirlpool,29450
fashion,fair,Ecstasy,1050
books,fair,OReilly,1550
gaming,fair,Sony,29550
accessories,fair,Generic,7150
phone,poor,Samsung,12950
laptop,poor,HP,31750
camera,poor,Sony,14000
furniture,poor,IKEA,900
bicycle,poor,Hero,6200
appliance,poor,Walton,14750
fashion,poor,Yellow,3600
books,poor,Pearson,1250
gaming,poor,Microsoft,700
accessories,poor,Samsung,2800
phone,new,Realme,65000
laptop,new,Acer,108550
camera,new,Panasonic,139050
furniture,new,IKEA,4300
bicycle,new,Phoenix,12900
appliance,new,Whirlpool,80900
fashion,new,Generic,3000
books,new,OReilly,2650
gaming,new,Logitech,39500
accessories,new,Generic,9950
phone,excellent,OnePlus,68100
laptop,excellent,Dell,92350
camera,excellent,Fujifilm,62250
furniture,excellent,Hatil,39350
bicycle,excellent,Duranta,13200
appliance,excellent,LG,45650
fashion,excellent,Aarong,1950
books,excellent,Penguin,400
gaming,excellent,Nintendo,19000
accessories,excellent,Baseus,7550
phone,good,Apple,13200
laptop,good,Asus,87300
camera,good,Nikon,82250
furniture,good,Local,22300
bicycle,good,Trek,28100
appliance,good,Singer,39300
fashion,good,Sailor,6850
books,good,OReilly,850
gaming,good,Microsoft,17400
accessories,good,Apple,3650
phone,fair,Xiaomi,54250
laptop,fair,Apple,16850
camera,fair,Fujifilm,37550
furniture,fair,IKEA,18500
bicycle,fair,Phoenix,25050
appliance,fair,Samsung,12550
fashion,fair,Generic,3550
books,fair,OReilly,2250
gaming,fair,Logitech,29000
accessories,fair,Baseus,200
phone,poor,Xiaomi,9250
laptop,poor,Acer,17850
camera,poor,Canon,12250
furniture,poor,Hatil,5100
bicycle,poor,Hero,19500
appliance,poor,Samsung,9300
fashion,poor,Yellow,550
books,poor,Pearson,1600
gaming,poor,Nintendo,19750
accessories,poor,Anker,3400
phone,new,Samsung,49200
laptop,new,Lenovo,32050
camera,new,Fujifilm,59650
furniture,new,IKEA,29150
bicycle,new,Giant,46400
appliance,new,Singer,5800
fashion,new,Yellow,13150
books,new,Cambridge,1300
gaming,new,Microsoft,49000
accessories,new,Baseus,21350
phone,excellent,OnePlus,42600
laptop,excellent,HP,28250
camera,excellent,Nikon,54450
furniture,excellent,IKEA,38350
bicycle,excellent,Hero,21100
appliance,excellent,Walton,71500
fashion,excellent,Aarong,8550
books,excellent,Nilkhet,3400
gaming,excellent,Sony,40850
accessories,excellent,Apple,9700
phone,good,Xiaomi,36900
laptop,good,Dell,46100
camera,good,Fujifilm,61350
furniture,good,Regal,16200
bicycle,good,Duranta,29600
appliance,good,Singer,1950
fashion,good,Sailor,8450
books,good,Penguin,950
gaming,good,Nintendo,28900
accessories,good,Baseus,1500
phone,fair,Samsung,19550
laptop,fair,Apple,20600
camera,fair,Fujifilm,67150
furniture,fair,Regal,11900
bicycle,fair,Giant,12350
appliance,fair,LG,8750
fashion,fair,Aarong,6800
books,fair,Nilkhet,200
gaming,fair,Logitech,4350
accessories,fair,Apple,5500
phone,poor,Samsung,16500
laptop,poor,Dell,18350
camera,poor,Canon,25000
furniture,poor,Hatil,12050
bicycle,poor,Phoenix,4500
appliance,poor,Whirlpool,22600
fashion,poor,Yellow,2500
books,poor,Pearson,1200
gaming,poor,Logitech,8750
accessories,poor,Anker,2300
phone,new,Apple,83100
laptop,new,HP,118750
camera,new,Panasonic,50400
furniture,new,Regal,31650
bicycle,new,Phoenix,32700
appliance,new,Samsung,23250
fashion,new,Generic,16900
books,new,Penguin,1700
gaming,new,Razer,69000
accessories,new,Samsung,14600
phone,excellent,Samsung,21400
laptop,excellent,Asus,62050
camera,excellent,Canon,71600
furniture,excellent,IKEA,42700
bicycle,excellent,Duranta,64200
appliance,excellent,Samsung,53800
fashion,excellent,Sailor,7750
books,excellent,OReilly,1250
gaming,excellent,Logitech,76050
accessories,excellent,Anker,8700
phone,good,OnePlus,72100
laptop,good,Acer,71600
camera,good,Canon,58750
furniture,good,Regal,29350
bicycle,good,Duranta,30750
appliance,good,Walton,15050
fashion,good,Generic,4800
books,good,Pearson,4200
gaming,good,Logitech,20850
accessories,good,Baseus,4250
phone,fair,Realme,38950
laptop,fair,Lenovo,32050
camera,fair,Fujifilm,39850
furniture,fair,Local,3050
bicycle,fair,Trek,27000
appliance,fair,Whirlpool,26800
fashion,fair,Yellow,8350
books,fair,Pearson,500
gaming,fair,Nintendo,5250
accessories,fair,Apple,5800
phone,poor,Realme,27950
laptop,poor,Acer,21100
camera,poor,Fujifilm,19600
furniture,poor,Otobi,5800
bicycle,poor,Hero,8450
appliance,poor,Samsung,1050
fashion,poor,Yellow,1350
books,poor,OReilly,1100
gaming,poor,Logitech,17750
accessories,poor,Anker,2650
phone,new,Xiaomi,78800
laptop,new,Lenovo,167200
camera,new,Panasonic,14350
furniture,new,IKEA,22550
bicycle,new,Giant,35050
appliance,new,Walton,29700
fashion,new,Aarong,12450
books,new,OReilly,3400
gaming,new,Microsoft,11200
accessories,new,Generic,18350
phone,excellent,Realme,60550
laptop,excellent,Asus,116750
camera,excellent,Sony,28450
furniture,excellent,Local,15500
bicycle,excellent,Trek,25650
appliance,excellent,LG,16150
fashion,excellent,Aarong,7850
books,excellent,Cambridge,1750
gaming,excellent,Microsoft,40350
accessories,excellent,Baseus,17350
phone,good,Apple,19900
laptop,good,Dell,86100
camera,good,Fujifilm,41200
furniture,good,Local,19950
bicycle,good,Giant,40300
appliance,good,LG,51400
fashion,good,Ecstasy,9500
books,good,Cambridge,1400
gaming,good,Nintendo,54250
accessories,good,Baseus,14300
phone,fair,Xiaomi,38600
laptop,fair,Acer,67100
camera,fair,Canon,53450
furniture,fair,Regal,21850
bicycle,fair,Hero,11400
appliance,fair,Samsung,28000
fashion,fair,Aarong,5900
books,fair,Nilkhet,600
gaming,fair,Microsoft,4100
accessories,fair,Samsung,5950
phone,poor,Xiaomi,10550
laptop,poor,Lenovo,28950
camera,poor,Canon,6250
furniture,poor,Regal,4650
bicycle,poor,Hero,11850
appliance,poor,Walton,14750
fashion,poor,Aarong,300
books,poor,Nilkhet,700
gaming,poor,Nintendo,15800
accessories,poor,Generic,4700
phone,new,Realme,51400
laptop,new,Asus,36400
camera,new,Canon,62950
furniture,new,Otobi,22300
bicycle,new,Trek,19300
appliance,new,LG,15100
fashion,new,Aarong,2550
books,new,Penguin,350
gaming,new,Microsoft,30250
accessories,new,Baseus,14800
phone,excellent,Samsung,39050
laptop,excellent,Dell,118950
camera,excellent,Nikon,19650
furniture,excellent,IKEA,25950
bicycle,excellent,Duranta,20300
appliance,excellent,Samsung,12450
fashion,excellent,Generic,15400
books,excellent,OReilly,2200
gaming,excellent,Razer,55900
accessories,excellent,Samsung,7200
phone,good,Realme,24200
laptop,good,Apple,46550
camera,good,Panasonic,66200
furniture,good,Local,33050
bicycle,good,Hero,12050
appliance,good,Walton,25150
fashion,good,Ecstasy,6750
books,good,Pearson,1400
gaming,good,Logitech,10350
accessories,good,Baseus,10600
phone,fair,OnePlus,18650
laptop,fair,Apple,26450
camera,fair,Canon,8200
furniture,fair,Local,23300
bicycle,fair,Giant,9100
appliance,fair,Samsung,27950
fashion,fair,Aarong,4150
books,fair,Cambridge,400
gaming,fair,Nintendo,26350
accessories,fair,Samsung,900
phone,poor,Xiaomi,6100
laptop,poor,Dell,27450
camera,poor,Fujifilm,22950
furniture,poor,Hatil,5100
bicycle,poor,Giant,7600
appliance,poor,Whirlpool,3100
fashion,poor,Generic,2650
books,poor,Nilkhet,500
gaming,poor,Logitech,17700
accessories,poor,Apple,2550
phone,new,Apple,73600
laptop,new,Lenovo,43250
camera,new,Sony,32850
furniture,new,Otobi,26400
bicycle,new,Trek,75550
appliance,new,LG,74500
fashion,new,Aarong,10050
books,new,Cambridge,2450
gaming,new,Logitech,59450
accessories,new,Apple,19350
phone,excellent,Apple,29750
laptop,excellent,Lenovo,40750
camera,excellent,Panasonic,58950
furniture,excellent,Otobi,35100
bicycle,excellent,Hero,26000
appliance,excellent,Singer,22450
fashion,excellent,Sailor,2350
books,excellent,Nilkhet,1050
gaming,excellent,Nintendo,45150
accessories,excellent,Anker,13750
phone,good,Samsung,13150
laptop,good,Asus,84250
camera,good,Panasonic,73750
furniture,good,Otobi,10450
bicycle,good,Phoenix,32900
appliance,good,Whirlpool,11750
fashion,good,Ecstasy,4900
books,good,Cambridge,1300
gaming,good,Sony,13900
accessories,good,Anker,2450
phone,fair,Realme,46000
laptop,fair,Apple,65000
camera,fair,Panasonic,54200
furniture,fair,Local,11650
bicycle,fair,Duranta,25700
appliance,fair,Whirlpool,14250
fashion,fair,Ecstasy,4700
books,fair,Penguin,350
gaming,fair,Razer,1250
accessories,fair,Apple,5700
phone,poor,Realme,28400
laptop,poor,HP,38250
camera,poor,Sony,31050
furniture,poor,Local,4050
bicycle,poor,Hero,9000
appliance,poor,Walton,15650
fashion,poor,Ecstasy,1750
books,poor,OReilly,900
gaming,poor,Nintendo,1600
accessories,poor,Samsung,1000
phone,new,Apple,66850
laptop,new,Dell,87850
camera,new,Canon,35500
furniture,new,IKEA,16250
bicycle,new,Trek,69250
appliance,new,Samsung,24900
fashion,new,Aarong,5200
books,new,Penguin,4550
gaming,new,Nintendo,3950
accessories,new,Samsung,16600
phone,excellent,OnePlus,42300
laptop,excellent,Apple,23150
camera,excellent,Fujifilm,76450
furniture,excellent,Regal,31500
bicycle,excellent,Hero,38350
appliance,excellent,Walton,59950
fashion,excellent,Sailor,10450
books,excellent,Penguin,800
gaming,excellent,Razer,50700
accessories,excellent,Samsung,11850
phone,good,Realme,70150
laptop,good,Lenovo,52750
camera,good,Sony,14600
furniture,good,Otobi,17200
bicycle,good,Phoenix,34200
appliance,good,Samsung,43900
fashion,good,Aarong,8800
books,good,Nilkhet,2700
gaming,good,Sony,22650
accessories,good,Apple,12800
phone,fair,Apple,54950
laptop,fair,Lenovo,50950
camera,fair,Fujifilm,44150
furniture,fair,Local,19450
bicycle,fair,Phoenix,31750
appliance,fair,Singer,33100
fashion,fair,Ecstasy,6550
books,fair,OReilly,2250
gaming,fair,Logitech,43900
accessories,fair,Apple,6850
phone,poor,Samsung,5350
laptop,poor,Lenovo,27650
camera,poor,Fujifilm,12800
furniture,poor,Local,4100
bicycle,poor,Trek,14500
appliance,poor,Walton,8900
fashion,poor,Sailor,3650
books,poor,OReilly,1050
gaming,poor,Razer,15600
accessories,poor,Anker,1900
phone,new,Google,83500
laptop,new,Dell,99150
camera,new,Nikon,27650
furniture,new,Otobi,21750
bicycle,new,Trek,47300
appliance,new,Walton,48700
fashion,new,Sailor,9150
books,new,Cambridge,1450
gaming,new,Microsoft,17700
accessories,new,Generic,18050
phone,excellent,Realme,42350
laptop,excellent,HP,43950
camera,excellent,Canon,40100
furniture,excellent,Otobi,30100
bicycle,excellent,Phoenix,32400
appliance,excellent,Samsung,54300
fashion,excellent,Yellow,2400
books,excellent,OReilly,4700
gaming,excellent,Razer,58650
accessories,excellent,Baseus,16400
phone,good,Google,18650
laptop,good,Dell,61450
camera,good,Canon,77700
furniture,good,Otobi,8900
bicycle,good,Giant,6250
appliance,good,Singer,24350
fashion,good,Generic,3450
books,good,Cambridge,250
gaming,good,Logitech,52000
accessories,good,Anker,8500
phone,fair,Realme,40250
laptop,fair,Asus,26700
camera,fair,Panasonic,8600
furniture,fair,Hatil,20200
bicycle,fair,Duranta,32450
appliance,fair,Singer,8050
fashion,fair,Generic,1000
books,fair,Pearson,2350
gaming,fair,Microsoft,3900
accessories,fair,Baseus,8400
phone,poor,Apple,29800
laptop,poor,Lenovo,6100
camera,poor,Sony,17300
furniture,poor,Otobi,9550
bicycle,poor,Hero,1350
appliance,poor,Singer,11450
fashion,poor,Yellow,3250
books,poor,Nilkhet,1000
gaming,poor,Microsoft,10900
accessories,poor,Samsung,1800
phone,new,Samsung,91200
laptop,new,Lenovo,69050
camera,new,Nikon,136700
furniture,new,Local,11550
bicycle,new,Hero,30650
appliance,new,LG,78500
fashion,new,Ecstasy,5000
books,new,OReilly,3750
gaming,new,Nintendo,56650
accessories,new,Apple,13600
phone,excellent,Apple,51750
laptop,excellent,Lenovo,62900
camera,excellent,Sony,91800
furniture,excellent,Local,40350
bicycle,excellent,Trek,73800
appliance,excellent,Whirlpool,54550
fashion,excellent,Ecstasy,8800
books,excellent,Penguin,1150
gaming,excellent,Microsoft,3150
accessories,excellent,Anker,4150
phone,good,OnePlus,80400
laptop,good,Dell,47950
camera,good,Nikon,82450
furniture,good,Local,10250
bicycle,good,Hero,27700
appliance,good,LG,31250
fashion,good,Yellow,9900
books,good,OReilly,3400
gaming,good,Nintendo,44050
accessories,good,Generic,10150
phone,fair,Xiaomi,21850
laptop,fair,Dell,43100
camera,fair,Canon,35300
furniture,fair,Hatil,11650
bicycle,fair,Giant,34850
appliance,fair,Walton,41350
fashion,fair,Generic,3700
books,fair,Pearson,1900
gaming,fair,Razer,19700
accessories,fair,Baseus,1350
phone,poor,Google,30550
laptop,poor,Dell,17650
camera,poor,Canon,22700
furniture,poor,IKEA,6750
bicycle,poor,Phoenix,15800
appliance,poor,Singer,13250
fashion,poor,Sailor,1000
books,poor,Nilkhet,250
gaming,poor,Logitech,6200
accessories,poor,Generic,5000
phone,new,Xiaomi,113450
laptop,new,Apple,87150
camera,new,Fujifilm,89800
furniture,new,Otobi,32550
bicycle,new,Giant,5150
appliance,new,Samsung,94000
fashion,new,Aarong,9650
books,new,Cambridge,950
gaming,new,Nintendo,16000
accessories,new,Apple,18550
phone,excellent,Xiaomi,29400
laptop,excellent,HP,128150
camera,excellent,Fujifilm,84050
furniture,excellent,Hatil,29250
bicycle,excellent,Duranta,14400
appliance,excellent,Whirlpool,42900
fashion,excellent,Sailor,3850
books,excellent,Penguin,750
gaming,excellent,Logitech,75550
accessories,excellent,Samsung,8350
phone,good,Google,24800
laptop,good,Apple,104550
camera,good,Fujifilm,12850
furniture,good,Hatil,13900
bicycle,good,Duranta,25000
appliance,good,LG,48700
fashion,good,Sailor,3250
books,good,Cambridge,3000
gaming,good,Logitech,12750
accessories,good,Apple,6550
phone,fair,Google,31200
laptop,fair,Apple,14300
camera,fair,Canon,51250
furniture,fair,Regal,5450
bicycle,fair,Hero,6400
appliance,fair,Whirlpool,13600
fashion,fair,Aarong,1300
books,fair,Cambridge,600
gaming,fair,Microsoft,21300
accessories,fair,Apple,5850
phone,poor,Google,20300
laptop,poor,Lenovo,29150
camera,poor,Nikon,37150
furniture,poor,Local,7650
bicycle,poor,Hero,8350
appliance,poor,Whirlpool,15350
fashion,poor,Sailor,1700
books,poor,Pearson,350
gaming,poor,Logitech,5250
accessories,poor,Anker,4700
phone,new,Samsung,114200
laptop,new,Lenovo,88150
camera,new,Fujifilm,115850
furniture,new,Otobi,37600
bicycle,new,Giant,66650
appliance,new,Walton,24700
fashion,new,Generic,2750
books,new,Pearson,4800
gaming,new,Microsoft,62500
accessories,new,Baseus,23350
phone,excellent,Apple,61050
laptop,excellent,HP,87700
camera,excellent,Canon,91500
furniture,excellent,Local,12150
bicycle,excellent,Giant,47050
appliance,excellent,Whirlpool,47550
fashion,excellent,Aarong,14450
books,excellent,Pearson,1000
gaming,excellent,Logitech,46650
accessories,excellent,Samsung,8350
phone,good,Samsung,41600
laptop,good,Apple,35300
camera,good,Fujifilm,50150
furniture,good,Local,16350
bicycle,good,Phoenix,6400
appliance,good,Samsung,35500
fashion,good,Ecstasy,1800
books,good,Penguin,1100
gaming,good,Logitech,45650
accessories,good,Generic,9750
phone,fair,Realme,8950
laptop,fair,HP,29950
camera,fair,Fujifilm,34800
furniture,fair,Regal,4850
bicycle,fair,Phoenix,15900
appliance,fair,Samsung,22750
fashion,fair,Aarong,6400
books,fair,OReilly,1600
gaming,fair,Microsoft,34200
accessories,fair,Samsung,4950
phone,poor,Xiaomi,13900
laptop,poor,HP,23350
camera,poor,Panasonic,14600
furniture,poor,Regal,1150
bicycle,poor,Trek,2250
appliance,poor,Samsung,5000
fashion,poor,Yellow,550
books,poor,Cambridge,250
gaming,poor,Sony,14900
accessories,poor,Samsung,3400
phone,new,Xiaomi,46200
laptop,new,Asus,34700
camera,new,Canon,68250
furniture,new,Otobi,21550
bicycle,new,Giant,13800
appliance,new,Singer,65450
fashion,new,Aarong,15800
books,new,Penguin,2300
gaming,new,Sony,82350
accessories,new,Baseus,550
phone,excellent,Samsung,64150
laptop,excellent,Asus,93600
camera,excellent,Fujifilm,18200
furniture,excellent,IKEA,41850
bicycle,excellent,Hero,66200
appliance,excellent,Walton,45700
fashion,excellent,Yellow,7950
books,excellent,Pearson,3400
gaming,excellent,Razer,41900
accessories,excellent,Baseus,10100
phone,good,Samsung,70950
laptop,good,Dell,66850
camera,good,Nikon,40300
furniture,good,Hatil,21250
bicycle,good,Hero,18000
appliance,good,LG,3400
fashion,good,Ecstasy,1900
books,good,Pearson,2150
gaming,good,Microsoft,11050
accessories,good,Baseus,10650
phone,fair,Apple,41500
laptop,fair,Acer,41950
camera,fair,Panasonic,17750
furniture,fair,IKEA,11650
bicycle,fair,Trek,5000
appliance,fair,Samsung,40550
fashion,fair,Ecstasy,6000
books,fair,Pearson,1700
gaming,fair,Nintendo,2800
accessories,fair,Samsung,600
phone,poor,Samsung,12650
laptop,poor,Apple,9750
camera,poor,Sony,21750
furniture,poor,Otobi,7300
bicycle,poor,Hero,17700
appliance,poor,Whirlpool,11200
fashion,poor,Aarong,600
books,poor,Cambridge,700
gaming,poor,Microsoft,8250
accessories,poor,Samsung,1950
phone,new,OnePlus,50100
laptop,new,Asus,47950
camera,new,Fujifilm,20350
furniture,new,Hatil,14900
bicycle,new,Duranta,13800
appliance,new,Walton,35200
fashion,new,Sailor,12500
books,new,Cambridge,3050
gaming,new,Nintendo,70650
accessories,new,Samsung,21150
phone,excellent,Samsung,88250
laptop,excellent,Apple,58300
camera,excellent,Canon,120600
furniture,excellent,IKEA,35000
bicycle,excellent,Phoenix,39750
appliance,excellent,Whirlpool,6400
fashion,excellent,Generic,5700
books,excellent,Cambridge,2500
gaming,excellent,Nintendo,15300
accessories,excellent,Generic,4400
phone,good,OnePlus,26000
laptop,good,Lenovo,57800
camera,good,Sony,93950
furniture,good,IKEA,29550
bicycle,good,Hero,20400
appliance,good,Singer,55650
fashion,good,Ecstasy,2900
books,good,Nilkhet,1300
gaming,good,Logitech,17850
accessories,good,Samsung,8200
phone,fair,Realme,16650
laptop,fair,Lenovo,59500
camera,fair,Canon,49150
furniture,fair,Hatil,6750
bicycle,fair,Giant,15000
appliance,fair,Samsung,29300
fashion,fair,Yellow,6400
books,fair,OReilly,2850
gaming,fair,Sony,5950
accessories,fair,Generic,2550
phone,poor,OnePlus,27300
laptop,poor,HP,22750
camera,poor,Panasonic,13100
furniture,poor,Regal,950
bicycle,poor,Giant,2900
appliance,poor,Walton,5000
fashion,poor,Sailor,2250
books,poor,Penguin,1150
gaming,poor,Microsoft,19900
accessories,poor,Apple,4250
phone,new,Google,88550
laptop,new,Acer,105500
camera,new,Fujifilm,67600
furniture,new,Regal,31950
bicycle,new,Giant,20900
appliance,new,Walton,58650
fashion,new,Generic,11850
books,new,OReilly,6850
gaming,new,Razer,28950
accessories,new,Samsung,13200
phone,excellent,Apple,35000
laptop,excellent,Apple,66200
camera,excellent,Fujifilm,122050
furniture,excellent,Otobi,11700
bicycle,excellent,Hero,37950
appliance,excellent,Whirlpool,27400
fashion,excellent,Yellow,5350
books,excellent,Penguin,900
gaming,excellent,Razer,67700
accessories,excellent,Generic,9650
phone,good,Apple,14350
laptop,good,Asus,106550
camera,good,Nikon,23650
furniture,good,Otobi,11050
bicycle,good,Giant,35500
appliance,good,Singer,50150
fashion,good,Sailor,3100
books,good,Nilkhet,3900
gaming,good,Razer,18250
accessories,good,Apple,5100
phone,fair,Xiaomi,37800
laptop,fair,Lenovo,12950
camera,fair,Nikon,36650
furniture,fair,Local,7250
bicycle,fair,Giant,17900
appliance,fair,Samsung,14400
fashion,fair,Yellow,8000
books,fair,Nilkhet,150
gaming,fair,Sony,25200
accessories,fair,Baseus,1050
phone,poor,Apple,23700
laptop,poor,Dell,16850
camera,poor,Nikon,24200
furniture,poor,Local,4250
bicycle,poor,Giant,12500
appliance,poor,Walton,16600
fashion,poor,Aarong,800
books,poor,OReilly,1700
gaming,poor,Microsoft,14850
accessories,poor,Apple,4950
phone,new,Google,39250
laptop,new,Apple,122500
camera,new,Fujifilm,136300
furniture,new,Hatil,20750
bicycle,new,Duranta,6100
appliance,new,Samsung,42650
fashion,new,Ecstasy,11000
books,new,Penguin,4100
gaming,new,Microsoft,76650
accessories,new,Baseus,11700
phone,excellent,Google,42600
laptop,excellent,Acer,144300
camera,excellent,Nikon,28100
furniture,excellent,Regal,23700
bicycle,excellent,Hero,38850
appliance,excellent,Singer,8800
fashion,excellent,Generic,6300
books,excellent,Penguin,3150
gaming,excellent,Microsoft,3450
accessories,excellent,Samsung,11700
phone,good,Google,44200
laptop,good,Apple,34800
camera,good,Sony,11150
furniture,good,IKEA,1150
bicycle,good,Phoenix,7650
appliance,good,Whirlpool,37250
fashion,good,Aarong,8800
books,good,Nilkhet,2850
gaming,good,Razer,16550
accessories,good,Baseus,1050
phone,fair,Xiaomi,17700
laptop,fair,Asus,48650
camera,fair,Sony,39550
furniture,fair,IKEA,4300
bicycle,fair,Trek,18500
appliance,fair,LG,20600
fashion,fair,Aarong,2850
books,fair,Penguin,350
gaming,fair,Logitech,11250
accessories,fair,Baseus,5500
phone,poor,Xiaomi,22950
laptop,poor,Dell,26350
camera,poor,Sony,11350
furniture,poor,Hatil,3950
bicycle,poor,Hero,12150
appliance,poor,Samsung,14200
fashion,poor,Aarong,950
books,poor,Pearson,700
gaming,poor,Microsoft,8650
accessories,poor,Anker,3700
phone,new,OnePlus,70850
laptop,new,Lenovo,140400
camera,new,Nikon,72400
furniture,new,Otobi,41800
bicycle,new,Trek,4850
appliance,new,Walton,64250
fashion,new,Yellow,6400
books,new,OReilly,1600
gaming,new,Sony,86950
accessories,new,Anker,15500
phone,excellent,OnePlus,35200
laptop,excellent,Dell,43800
camera,excellent,Fujifilm,93100
furniture,excellent,Otobi,7000
bicycle,excellent,Trek,67550
appliance,excellent,Samsung,14650
fashion,excellent,Aarong,8400
books,excellent,Cambridge,1250
gaming,excellent,Nintendo,28450
accessories,excellent,Generic,13750
phone,good,OnePlus,13250
laptop,good,HP,23900
camera,good,Fujifilm,32000
furniture,good,Regal,19950
bicycle,good,Giant,24300
appliance,good,Samsung,40350
fashion,good,Aarong,3500
books,good,Pearson,4050
gaming,good,Logitech,48150
accessories,good,Samsung,8150
phone,fair,Samsung,9600
laptop,fair,Apple,61750
camera,fair,Sony,13150
furniture,fair,Hatil,4400
bicycle,fair,Giant,36850
appliance,fair,LG,18300
fashion,fair,Yellow,7550
books,fair,OReilly,350
gaming,fair,Sony,35400
accessories,fair,Apple,5800
phone,poor,Samsung,4700
laptop,poor,Acer,16350
camera,poor,Panasonic,33200
furniture,poor,Hatil,7650
bicycle,poor,Trek,12150
appliance,poor,Samsung,17450
fashion,poor,Aarong,2600
books,poor,Cambridge,1200
gaming,poor,Razer,2400
accessories,poor,Generic,4550
phone,new,OnePlus,68250
laptop,new,Acer,71900
camera,new,Canon,32450
furniture,new,Otobi,7800
bicycle,new,Duranta,16950
appliance,new,Samsung,66750
fashion,new,Generic,10100
books,new,Nilkhet,5950
gaming,new,Microsoft,17200
accessories,new,Apple,19800
phone,excellent,Apple,36050
laptop,excellent,Apple,110850
camera,excellent,Panasonic,115850
furniture,excellent,Otobi,20850
bicycle,excellent,Giant,47600
appliance,excellent,Whirlpool,28650
fashion,excellent,Yellow,13750
books,excellent,Pearson,4250
gaming,excellent,Microsoft,39000
accessories,excellent,Baseus,10750
phone,good,OnePlus,20900
laptop,good,Asus,105500
camera,good,Nikon,62650
furniture,good,Hatil,5000
bicycle,good,Duranta,17200
appliance,good,Singer,40050
fashion,good,Yellow,9950
books,good,Nilkhet,2450
gaming,good,Logitech,48700
accessories,good,Samsung,11300
phone,fair,OnePlus,42800
laptop,fair,Apple,53000
camera,fair,Fujifilm,22300
furniture,fair,Local,20000
bicycle,fair,Phoenix,33500
appliance,fair,Samsung,18900
fashion,fair,Ecstasy,5800
books,fair,Pearson,100
gaming,fair,Logitech,27500
accessories,fair,Anker,2150
phone,poor,Apple,26050
laptop,poor,Apple,7900
camera,poor,Panasonic,23700
furniture,poor,Local,7000
bicycle,poor,Phoenix,7700
appliance,poor,Whirlpool,16200
fashion,poor,Ecstasy,2250
books,poor,Cambridge,300
gaming,poor,Nintendo,18400
accessories,poor,Anker,4600
phone,new,Samsung,41800
laptop,new,Dell,110600
camera,new,Sony,125400
furniture,new,Hatil,34600
bicycle,new,Phoenix,28950
appliance,new,Samsung,74150
fashion,new,Yellow,16700
books,new,Pearson,2050
gaming,new,Nintendo,28250
accessories,new,Anker,9200
phone,excellent,Xiaomi,22700
laptop,excellent,Lenovo,48850
camera,excellent,Nikon,38250
furniture,excellent,Regal,36600
bicycle,excellent,Hero,13600
appliance,excellent,Whirlpool,70450
fashion,excellent,Yellow,3400
books,excellent,Penguin,4500
gaming,excellent,Razer,24150
accessories,excellent,Generic,4300
phone,good,Realme,58050
laptop,good,Dell,20700
camera,good,Sony,26250
furniture,good,IKEA,25850
bicycle,good,Giant,24000
appliance,good,LG,18300
fashion,good,Generic,10750
books,good,Nilkhet,3400
gaming,good,Razer,1900
accessories,good,Baseus,3700
phone,fair,Apple,28000
laptop,fair,HP,11750
camera,fair,Fujifilm,59050
furniture,fair,Otobi,10550
bicycle,fair,Giant,4000
appliance,fair,Singer,30650
fashion,fair,Yellow,1750
books,fair,OReilly,3100
gaming,fair,Microsoft,27700
accessories,fair,Apple,550
phone,poor,OnePlus,11950
laptop,poor,Asus,18050
camera,poor,Nikon,16700
furniture,poor,Otobi,350
bicycle,poor,Giant,3500
appliance,poor,Samsung,15050
fashion,poor,Ecstasy,3350
books,poor,Cambridge,1000
gaming,poor,Sony,7200
accessories,poor,Generic,1500
phone,new,Apple,95550
laptop,new,Lenovo,146000
camera,new,Canon,59400
furniture,new,Otobi,3700
bicycle,new,Duranta,47750
appliance,new,Walton,51700
fashion,new,Yellow,5450
books,new,Nilkhet,3550
gaming,new,Sony,45200
accessories,new,Generic,13250
phone,excellent,Samsung,64100
laptop,excellent,Asus,39950
camera,excellent,Fujifilm,84150
furniture,excellent,Otobi,29650
bicycle,excellent,Hero,21550
appliance,excellent,Walton,60650
fashion,excellent,Aarong,3550
books,excellent,Cambridge,2350
gaming,excellent,Sony,39950
accessories,excellent,Generic,2500
phone,good,Apple,15550
laptop,good,Lenovo,96700
camera,good,Nikon,32250
furniture,good,Hatil,6350
bicycle,good,Hero,46350
appliance,good,Walton,26000
fashion,good,Yellow,6950
books,good,Penguin,3200
gaming,good,Sony,19150
accessories,good,Generic,1750
phone,fair,OnePlus,51200
laptop,fair,Lenovo,55700
camera,fair,Panasonic,65700
furniture,fair,Otobi,17650
bicycle,fair,Trek,7400
appliance,fair,LG,16800
fashion,fair,Ecstasy,2500
books,fair,Nilkhet,1050
gaming,fair,Nintendo,30900
accessories,fair,Apple,6650
phone,poor,Xiaomi,20550
laptop,poor,Lenovo,24500
camera,poor,Sony,10150
furniture,poor,Local,13350
bicycle,poor,Phoenix,13450
appliance,poor,LG,19400
fashion,poor,Yellow,1500
books,poor,Nilkhet,250
gaming,poor,Nintendo,2150
accessories,poor,Apple,4650
phone,new,Xiaomi,88550
laptop,new,Asus,115300
camera,new,Fujifilm,23350
furniture,new,Regal,48400
bicycle,new,Trek,25900
appliance,new,LG,93550
fashion,new,Generic,9200
books,new,OReilly,5550
gaming,new,Microsoft,13300
accessories,new,Generic,4800
phone,excellent,Xiaomi,88600
laptop,excellent,Asus,70150
camera,excellent,Panasonic,71750
furniture,excellent,Regal,44550
bicycle,excellent,Phoenix,52750
appliance,excellent,Samsung,39000
fashion,excellent,Sailor,3250
books,excellent,Nilkhet,3600
gaming,excellent,Sony,17000
accessories,excellent,Generic,17700
phone,good,Realme,48900
laptop,good,Apple,108350
camera,good,Nikon,28700
furniture,good,IKEA,17250
bicycle,good,Phoenix,9150
appliance,good,Whirlpool,15800
fashion,good,Yellow,3650
books,good,Nilkhet,950
gaming,good,Razer,51000
accessories,good,Apple,450
phone,fair,Apple,22400
laptop,fair,Apple,37250
camera,fair,Fujifilm,13350
furniture,fair,Hatil,14800
bicycle,fair,Trek,39050
appliance,fair,Samsung,28400
fashion,fair,Aarong,4100
books,fair,OReilly,350
gaming,fair,Razer,19400
accessories,fair,Baseus,2800
phone,poor,Samsung,12550
laptop,poor,Lenovo,9750
camera,poor,Canon,16050
furniture,poor,Hatil,10300
bicycle,poor,Giant,9350
appliance,poor,Walton,4000
fashion,poor,Yellow,1150
books,poor,OReilly,850
gaming,poor,Microsoft,13600
accessories,poor,Apple,650
phone,new,Google,83250
laptop,new,Apple,121600
camera,new,Panasonic,63350
furniture,new,Otobi,22550
bicycle,new,Trek,45800
appliance,new,Singer,73850
fashion,new,Sailor,18050
books,new,OReilly,4250
gaming,new,Nintendo,19300
accessories,new,Baseus,12250
phone,excellent,Samsung,66450
laptop,excellent,HP,42750
camera,excellent,Canon,78900
furniture,excellent,Hatil,46450
bicycle,excellent,Hero,44250
appliance,excellent,Walton,16350
fashion,excellent,Sailor,9650
books,excellent,Nilkhet,600
gaming,excellent,Logitech,39500
accessories,excellent,Apple,9750
phone,good,OnePlus,43000
laptop,good,Lenovo,85250
camera,good,Canon,62600
furniture,good,Otobi,24050
bicycle,good,Phoenix,44200
appliance,good,Walton,39850
fashion,good,Ecstasy,4650
books,good,Penguin,2500
gaming,good,Logitech,31000
accessories,good,Samsung,9750
phone,fair,Realme,16700
laptop,fair,HP,60650
camera,fair,Panasonic,44100
furniture,fair,Hatil,11500
bicycle,fair,Duranta,15550
appliance,fair,LG,11050
fashion,fair,Ecstasy,3800
books,fair,Pearson,100
gaming,fair,Razer,31550
accessories,fair,Anker,1950
phone,poor,Google,20100
laptop,poor,Acer,27250
camera,poor,Nikon,24150
furniture,poor,IKEA,3050
bicycle,poor,Giant,10350
appliance,poor,Walton,600
fashion,poor,Sailor,2250
books,poor,Penguin,400
gaming,poor,Microsoft,3150
accessories,poor,Samsung,5200
phone,new,OnePlus,84300
laptop,new,Apple,46300
camera,new,Fujifilm,116200
furniture,new,Hatil,18550
bicycle,new,Giant,70400
appliance,new,Whirlpool,23400
fashion,new,Generic,8900
books,new,Nilkhet,1550
gaming,new,Microsoft,78550
accessories,new,Apple,19150
phone,excellent,OnePlus,28300
laptop,excellent,Lenovo,32450
camera,excellent,Canon,32700
furniture,excellent,Hatil,32850
bicycle,excellent,Trek,40900
appliance,excellent,Singer,9950
fashion,excellent,Generic,16300
books,excellent,Cambridge,1350
gaming,excellent,Sony,25650
accessories,excellent,Samsung,6700
phone,good,OnePlus,25800
laptop,good,Acer,26550
camera,good,Canon,68400
furniture,good,Otobi,8150
bicycle,good,Duranta,27600
appliance,good,LG,4950
fashion,good,Ecstasy,5950
books,good,Cambridge,550
gaming,good,Microsoft,57050
accessories,good,Anker,3550
phone,fair,Samsung,39850
laptop,fair,Acer,78050
camera,fair,Nikon,47250
furniture,fair,IKEA,1750
bicycle,fair,Phoenix,8950
appliance,fair,Singer,7950
fashion,fair,Generic,350
books,fair,Pearson,2950
gaming,fair,Razer,24150
accessories,fair,Anker,700
phone,poor,Realme,15450
laptop,poor,Apple,20950
camera,poor,Panasonic,30200
furniture,poor,Hatil,2700
bicycle,poor,Phoenix,19900
appliance,poor,Singer,1000
fashion,poor,Generic,450
books,poor,Penguin,900
gaming,poor,Razer,5950
accessories,poor,Anker,4450
phone,new,OnePlus,82000
laptop,new,Asus,74800
camera,new,Nikon,95100
furniture,new,Hatil,24900
bicycle,new,Trek,59850
appliance,new,LG,43850
fashion,new,Aarong,15200
books,new,Pearson,4600
gaming,new,Logitech,77800
accessories,new,Anker,12200
phone,excellent,Xiaomi,34750
laptop,excellent,Lenovo,25100
camera,excellent,Nikon,73750
furniture,excellent,Otobi,28450
bicycle,excellent,Phoenix,14750
appliance,excellent,LG,8850
fashion,excellent,Aarong,8100
books,excellent,Pearson,1100
gaming,excellent,Logitech,10400
accessories,excellent,Anker,10100
phone,good,OnePlus,71100
laptop,good,Lenovo,103800
camera,good,Nikon,89150
furniture,good,Local,1450
bicycle,good,Duranta,38250
appliance,good,Samsung,51000
fashion,good,Yellow,7900
books,good,Nilkhet,1050
gaming,good,Nintendo,11750
accessories,good,Samsung,11850
phone,fair,OnePlus,31200
laptop,fair,Asus,50100
camera,fair,Fujifilm,24550
furniture,fair,Hatil,17250
bicycle,fair,Phoenix,36350
appliance,fair,Samsung,34150
fashion,fair,Ecstasy,1300
books,fair,Pearson,800
gaming,fair,Nintendo,12150
accessories,fair,Generic,4600
phone,poor,Google,5150
laptop,poor,Dell,17500
camera,poor,Panasonic,15100
furniture,poor,Local,10550
bicycle,poor,Trek,7400
appliance,poor,Singer,8600
fashion,poor,Ecstasy,800
books,poor,OReilly,650
gaming,poor,Sony,20750
accessories,poor,Baseus,2400
phone,new,Apple,59350
laptop,new,Asus,114600
camera,new,Canon,117850
furniture,new,Hatil,17550
bicycle,new,Trek,86650
appliance,new,Singer,75150
fashion,new,Aarong,13300
books,new,Penguin,3950
gaming,new,Razer,88100
accessories,new,Generic,11700
phone,excellent,OnePlus,80200
laptop,excellent,Apple,108350
camera,excellent,Sony,61100
furniture,excellent,IKEA,29650
bicycle,excellent,Giant,60450
appliance,excellent,Singer,53450
fashion,excellent,Aarong,2150
books,excellent,Nilkhet,1800
gaming,excellent,Nintendo,48600
accessories,excellent,Baseus,2600
phone,good,OnePlus,12550
laptop,good,Asus,108150
camera,good,Canon,77850
furniture,good,Regal,23800
bicycle,good,Trek,33800
appliance,good,LG,29450
fashion,good,Ecstasy,10450
books,good,Nilkhet,3300
gaming,good,Logitech,56900
accessories,good,Samsung,7550
phone,fair,OnePlus,31750
laptop,fair,Acer,46550
camera,fair,Panasonic,50550
furniture,fair,IKEA,13100
bicycle,fair,Trek,35000
appliance,fair,LG,27150
fashion,fair,Yellow,5300
books,fair,Penguin,1900
gaming,fair,Razer,37150
accessories,fair,Generic,4050
phone,poor,Google,8700
laptop,poor,Asus,16350
camera,poor,Nikon,9500
furniture,poor,Regal,2850
bicycle,poor,Hero,6950
appliance,poor,Singer,12950
fashion,poor,Yellow,1700
books,poor,OReilly,600
gaming,poor,Sony,14600
accessories,poor,Apple,4850
phone,new,Samsung,67600
laptop,new,Lenovo,41300
camera,new,Sony,26300
furniture,new,IKEA,47900
bicycle,new,Giant,21950
appliance,new,LG,38650
fashion,new,Sailor,6550
books,new,Pearson,2100
gaming,new,Nintendo,23150
accessories,new,Samsung,1150
phone,excellent,Samsung,43450
laptop,excellent,Apple,45750
camera,excellent,Panasonic,44450
furniture,excellent,Otobi,32450
bicycle,excellent,Duranta,23200
appliance,excellent,Singer,64700
fashion,excellent,Sailor,11950
books,excellent,OReilly,4150
gaming,excellent,Razer,56000
accessories,excellent,Apple,1900
phone,good,Apple,47050
laptop,good,Apple,60600
camera,good,Fujifilm,64400
furniture,good,Regal,20200
bicycle,good,Phoenix,43950
appliance,good,Samsung,45050
fashion,good,Yellow,6150
books,good,OReilly,1450
gaming,good,Nintendo,13500
accessories,good,Samsung,8850
phone,fair,OnePlus,43200
laptop,fair,Dell,31050
camera,fair,Panasonic,30100
furniture,fair,IKEA,16350
bicycle,fair,Trek,34650
appliance,fair,Walton,20000
fashion,fair,Generic,2250
books,fair,Cambridge,1400
gaming,fair,Razer,37450
accessories,fair,Anker,2100
phone,poor,Realme,25050
laptop,poor,Asus,13700
camera,poor,Fujifilm,25050
furniture,poor,Hatil,2900
bicycle,poor,Duranta,11550
appliance,poor,Whirlpool,7800
fashion,poor,Ecstasy,1000
books,poor,Cambridge,750
gaming,poor,Microsoft,17400
accessories,poor,Apple,2700
phone,new,Google,123700
laptop,new,Lenovo,33950
camera,new,Nikon,50450
furniture,new,Otobi,43950
bicycle,new,Phoenix,61950
appliance,new,Singer,81450
fashion,new,Aarong,16700
books,new,Penguin,5550
gaming,new,Razer,91500
accessories,new,Anker,5350
phone,excellent,Xiaomi,86550
laptop,excellent,Asus,95800
camera,excellent,Fujifilm,57050
furniture,excellent,IKEA,41850
bicycle,excellent,Giant,39700
appliance,excellent,Walton,64300
fashion,excellent,Aarong,3050
books,excellent,Nilkhet,1900
gaming,excellent,Microsoft,59000
accessories,excellent,Samsung,6100
phone,good,Google,33650
laptop,good,HP,64200
camera,good,Fujifilm,55350
furniture,good,IKEA,24500
bicycle,good,Phoenix,37350
appliance,good,Samsung,27000
fashion,good,Sailor,1900
books,good,OReilly,1450
gaming,good,Razer,10200
accessories,good,Anker,6750
phone,fair,Google,27650
laptop,fair,HP,71400
camera,fair,Panasonic,45700
furniture,fair,Otobi,20000
bicycle,fair,Hero,10250
appliance,fair,LG,7850
fashion,fair,Yellow,4150
books,fair,OReilly,1400
gaming,fair,Sony,30900
accessories,fair,Apple,4250
phone,poor,Realme,13450
laptop,poor,Lenovo,7150
camera,poor,Sony,33100
furniture,poor,IKEA,8750
bicycle,poor,Trek,11500
appliance,poor,Whirlpool,6400
fashion,poor,Aarong,950
books,poor,OReilly,1600
gaming,poor,Razer,12700
accessories,poor,Baseus,4300
phone,new,Apple,81800
laptop,new,Dell,120050
camera,new,Panasonic,55550
furniture,new,Hatil,43250
bicycle,new,Giant,60150
appliance,new,Singer,53850
fashion,new,Ecstasy,15000
books,new,OReilly,350
gaming,new,Logitech,89750
accessories,new,Baseus,8950
phone,excellent,Realme,50950
laptop,excellent,Dell,66200
camera,excellent,Nikon,100550
furniture,excellent,IKEA,26900
bicycle,excellent,Giant,6750
appliance,excellent,Whirlpool,8450
fashion,excellent,Yellow,7750
books,excellent,Penguin,1250
gaming,excellent,Microsoft,56400
accessories,excellent,Baseus,9400
phone,good,Samsung,10950
laptop,good,Asus,62000
camera,good,Panasonic,59800
furniture,good,IKEA,3900
bicycle,good,Giant,23000
appliance,good,Singer,23450
fashion,good,Generic,9400
books,good,Pearson,2650
gaming,good,Microsoft,15100
accessories,good,Baseus,2650
phone,fair,Samsung,23700
laptop,fair,HP,62850
camera,fair,Nikon,12600
furniture,fair,Local,11350
bicycle,fair,Hero,24200
appliance,fair,LG,5500
fashion,fair,Sailor,2350
books,fair,Nilkhet,1050
gaming,fair,Sony,42900
accessories,fair,Anker,2400
phone,poor,OnePlus,8750
laptop,poor,Dell,24800
camera,poor,Sony,16700
furniture,poor,IKEA,1750
bicycle,poor,Phoenix,7100
appliance,poor,LG,10300
fashion,poor,Generic,2550
books,poor,Cambridge,400
gaming,poor,Microsoft,2650
accessories,poor,Baseus,4300
phone,new,OnePlus,69350
laptop,new,HP,80650
camera,new,Fujifilm,111300
furniture,new,Otobi,47900
bicycle,new,Giant,61500
appliance,new,Singer,24150
fashion,new,Sailor,10050
books,new,OReilly,200
gaming,new,Nintendo,42050
accessories,new,Generic,10450
phone,excellent,Xiaomi,22850
laptop,excellent,Acer,66450
camera,excellent,Fujifilm,26950
furniture,excellent,Local,8950
bicycle,excellent,Phoenix,24900
appliance,excellent,LG,66150
fashion,excellent,Ecstasy,13650
books,excellent,OReilly,1850
gaming,excellent,Razer,59750
accessories,excellent,Anker,16950
phone,good,Samsung,62300
laptop,good,Dell,65250
camera,good,Sony,28200
furniture,good,Regal,12300
bicycle,good,Hero,44500
appliance,good,Whirlpool,48050
fashion,good,Sailor,11100
books,good,Nilkhet,1700
gaming,good,Nintendo,54550
accessories,good,Generic,11650
phone,fair,OnePlus,22800
laptop,fair,Apple,48150
camera,fair,Fujifilm,31350
furniture,fair,Local,22300
bicycle,fair,Giant,34000
appliance,fair,Walton,13700
fashion,fair,Aarong,6350
books,fair,Nilkhet,2900
gaming,fair,Nintendo,12150
accessories,fair,Baseus,5000
phone,poor,Apple,12900
laptop,poor,Asus,6650
camera,poor,Fujifilm,10100
furniture,poor,Otobi,13200
bicycle,poor,Trek,12350
appliance,poor,Walton,11200
fashion,poor,Aarong,3000
books,poor,Cambridge,850
gaming,poor,Logitech,3750
accessories,poor,Generic,1400
phone,new,OnePlus,101800
laptop,new,Acer,66200
camera,new,Canon,58300
furniture,new,Regal,14400
bicycle,new,Duranta,36800
appliance,new,Walton,7850
fashion,new,Yellow,9200
books,new,Penguin,850
gaming,new,Nintendo,69950
accessories,new,Samsung,500
phone,excellent,Apple,15000
laptop,excellent,Asus,109750
camera,excellent,Nikon,65300
furniture,excellent,Local,33500
bicycle,excellent,Hero,17150
appliance,excellent,Walton,18500
fashion,excellent,Yellow,8250
books,excellent,OReilly,400
gaming,excellent,Razer,66550
accessories,excellent,Samsung,6550
phone,good,Samsung,15300
laptop,good,Acer,26300
camera,good,Panasonic,56250
furniture,good,Regal,12500
bicycle,good,Trek,29600
appliance,good,Samsung,40900
fashion,good,Sailor,3050
books,good,Nilkhet,200
gaming,good,Microsoft,30650
accessories,good,Apple,9550
phone,fair,Xiaomi,44100
laptop,fair,Apple,27800
camera,fair,Panasonic,21300
furniture,fair,Regal,9600
bicycle,fair,Giant,7900
appliance,fair,Whirlpool,6250
fashion,fair,Ecstasy,3000
books,fair,Penguin,2100
gaming,fair,Nintendo,19450
accessories,fair,Generic,3400
phone,poor,Google,5100
laptop,poor,HP,6950
camera,poor,Nikon,34250
furniture,poor,Otobi,3900
bicycle,poor,Phoenix,8800
appliance,poor,Samsung,11700
fashion,poor,Yellow,2800
books,poor,Cambridge,200
gaming,poor,Razer,14300
accessories,poor,Samsung,200
phone,new,Realme,67800
laptop,new,Asus,83700
camera,new,Canon,41850
furniture,new,Local,27250
bicycle,new,Trek,37700
appliance,new,Samsung,80700
fashion,new,Ecstasy,8400
books,new,Penguin,400
gaming,new,Razer,10150
accessories,new,Samsung,5000
phone,excellent,Samsung,47600
laptop,excellent,Dell,111800
camera,excellent,Nikon,60500
furniture,excellent,Regal,5750
bicycle,excellent,Giant,11900
appliance,excellent,Walton,41850
fashion,excellent,Ecstasy,3050
books,excellent,Cambridge,1150
gaming,excellent,Microsoft,42850
accessories,excellent,Apple,15900
phone,good,Google,48050
laptop,good,HP,92450
camera,good,Fujifilm,18150
furniture,good,Otobi,16050
bicycle,good,Phoenix,56800
appliance,good,Walton,39050
fashion,good,Generic,11000
books,good,Pearson,800
gaming,good,Nintendo,35400
accessories,good,Apple,6850
phone,fair,Samsung,11300
laptop,fair,Lenovo,53250
camera,fair,Sony,32300
furniture,fair,Local,2400
bicycle,fair,Duranta,20550
appliance,fair,LG,1650
fashion,fair,Generic,7300
books,fair,Nilkhet,1350
gaming,fair,Logitech,7850
accessories,fair,Baseus,7700
phone,poor,Apple,14750
laptop,poor,Dell,8250
camera,poor,Nikon,26450
furniture,poor,Hatil,7600
bicycle,poor,Duranta,5050
appliance,poor,LG,11150
fashion,poor,Yellow,3450
books,poor,Penguin,500
gaming,poor,Microsoft,6950
accessories,poor,Anker,2950
phone,new,OnePlus,54900
laptop,new,Lenovo,67850
camera,new,Nikon,126050
furniture,new,Local,46850
bicycle,new,Phoenix,78300
appliance,new,Whirlpool,2900
fashion,new,Aarong,9800
books,new,OReilly,5700
gaming,new,Microsoft,46950
accessories,new,Apple,4600
phone,excellent,Google,93950
laptop,excellent,HP,91150
camera,excellent,Fujifilm,35900
furniture,excellent,Regal,39150
bicycle,excellent,Duranta,32250
appliance,excellent,Singer,38900
fashion,excellent,Ecstasy,6550
books,excellent,OReilly,4250
gaming,excellent,Razer,60750
accessories,excellent,Baseus,3100
phone,good,Realme,73250
laptop,good,HP,39500
camera,good,Sony,57750
furniture,good,Hatil,17600
bicycle,good,Trek,33050
appliance,good,Singer,13100
fashion,good,Generic,11900
books,good,Penguin,1700
gaming,good,Microsoft,17950
accessories,good,Generic,750
phone,fair,Realme,48000
laptop,fair,Dell,45500
camera,fair,Canon,13550
furniture,fair,IKEA,11450
bicycle,fair,Giant,15750
appliance,fair,LG,3050
fashion,fair,Sailor,5250
books,fair,OReilly,950
gaming,fair,Microsoft,6950
accessories,fair,Apple,750
phone,poor,Apple,21400
laptop,poor,Apple,15500
camera,poor,Nikon,20900
furniture,poor,Local,1300
bicycle,poor,Trek,1900
appliance,poor,LG,9400
fashion,poor,Ecstasy,1950
books,poor,Pearson,700
gaming,poor,Nintendo,17800
accessories,poor,Anker,1200
phone,new,Samsung,68600
laptop,new,Acer,143850
camera,new,Nikon,55900
furniture,new,Otobi,7650
bicycle,new,Duranta,66500
appliance,new,Samsung,65750
fashion,new,Aarong,12250
books,new,Pearson,3550
gaming,new,Razer,25850
accessories,new,Baseus,6050
phone,excellent,Apple,76500
laptop,excellent,Lenovo,81750
camera,excellent,Sony,111450
furniture,excellent,Otobi,23250
bicycle,excellent,Trek,6250
appliance,excellent,Walton,38400
fashion,excellent,Ecstasy,11500
books,excellent,Pearson,550
gaming,excellent,Nintendo,37550
accessories,excellent,Baseus,6850
phone,good,Apple,16450
laptop,good,Apple,75850
camera,good,Nikon,15800
furniture,good,IKEA,7200
bicycle,good,Hero,10100
appliance,good,Samsung,22850
fashion,good,Generic,5650
books,good,Cambridge,900
gaming,good,Razer,5050
accessories,good,Generic,5550
phone,fair,Apple,40750
laptop,fair,Lenovo,56350
camera,fair,Canon,29750
furniture,fair,Regal,5500
bicycle,fair,Giant,31050
appliance,fair,Samsung,8300
fashion,fair,Yellow,4400
books,fair,OReilly,650
gaming,fair,Nintendo,13500
accessories,fair,Generic,1250
phone,poor,Samsung,20800
laptop,poor,Asus,17000
camera,poor,Fujifilm,5500
furniture,poor,IKEA,10950
bicycle,poor,Hero,20200
appliance,poor,LG,7200
fashion,poor,Aarong,4000
books,poor,Penguin,950
gaming,poor,Logitech,19650
accessories,poor,Baseus,250
phone,new,Samsung,122200
laptop,new,HP,38300
camera,new,Nikon,114400
furniture,new,Otobi,18200
bicycle,new,Giant,43100
appliance,new,Whirlpool,35850
fashion,new,Ecstasy,8950
books,new,OReilly,6950
gaming,new,Nintendo,74950
accessories,new,Samsung,8750
phone,excellent,Google,27850
laptop,excellent,HP,88050
camera,excellent,Sony,57100
furniture,excellent,Otobi,16150
bicycle,excellent,Duranta,18350
appliance,excellent,LG,57050
fashion,excellent,Sailor,6850
books,excellent,Pearson,1900
gaming,excellent,Sony,2450
accessories,excellent,Generic,2450
phone,good,OnePlus,46250
laptop,good,Acer,61150
camera,good,Fujifilm,84250
furniture,good,Regal,22600
bicycle,good,Duranta,31150
appliance,good,Whirlpool,4950
fashion,good,Ecstasy,4050
books,good,Cambridge,250
gaming,good,Razer,8650
accessories,good,Generic,4200
phone,fair,Realme,44250
laptop,fair,HP,65300
camera,fair,Fujifilm,50050
furniture,fair,IKEA,3600
bicycle,fair,Trek,25200
appliance,fair,LG,14450
fashion,fair,Sailor,5800
books,fair,Pearson,100
gaming,fair,Razer,7650
accessories,fair,Anker,3300
phone,poor,OnePlus,9500
laptop,poor,HP,29950
camera,poor,Panasonic,28650
furniture,poor,IKEA,2600
bicycle,poor,Hero,19400
appliance,poor,Samsung,8950
fashion,poor,Sailor,2050
books,poor,Nilkhet,900
gaming,poor,Microsoft,2150
accessories,poor,Baseus,250
phone,new,Xiaomi,27600
laptop,new,Asus,41450
camera,new,Sony,27900
furniture,new,Regal,26250
bicycle,new,Phoenix,68550
appliance,new,Whirlpool,76900
fashion,new,Ecstasy,9250
books,new,OReilly,4150
gaming,new,Logitech,47200
accessories,new,Samsung,450
phone,excellent,Realme,77450
laptop,excellent,Apple,32000
camera,excellent,Sony,88250
furniture,excellent,Local,16900
bicycle,excellent,Giant,7000
appliance,excellent,LG,38450
fashion,excellent,Yellow,1800
books,excellent,Pearson,2900
gaming,excellent,Sony,15200
accessories,excellent,Samsung,8900
phone,good,Apple,67800
laptop,good,Acer,29600
camera,good,Fujifilm,91550
furniture,good,Hatil,33550
bicycle,good,Duranta,48700
appliance,good,Walton,51050
fashion,good,Ecstasy,7750
books,good,Nilkhet,2550
gaming,good,Razer,48900
accessories,good,Baseus,9900
phone,fair,Apple,19600
laptop,fair,Lenovo,68000
camera,fair,Nikon,43650
furniture,fair,Hatil,6200
bicycle,fair,Trek,8150
appliance,fair,Samsung,32650
fashion,fair,Yellow,4700
books,fair,Pearson,1550
gaming,fair,Sony,32100
accessories,fair,Samsung,2600
phone,poor,Samsung,20900
laptop,poor,Apple,6150
camera,poor,Canon,25250
furniture,poor,Otobi,6900
bicycle,poor,Giant,6200
appliance,poor,Singer,1950
fashion,poor,Aarong,3200
books,poor,Penguin,1600
gaming,poor,Nintendo,12850
accessories,poor,Samsung,2700
phone,new,Xiaomi,55950
laptop,new,Apple,107200
camera,new,Fujifilm,103700
furniture,new,Regal,21300
bicycle,new,Trek,86950
appliance,new,LG,22600
fashion,new,Aarong,3800
books,new,Cambridge,3350
gaming,new,Microsoft,22550
accessories,new,Apple,19400
phone,excellent,OnePlus,92600
laptop,excellent,Acer,31700
camera,excellent,Sony,71700
furniture,excellent,Local,4700
bicycle,excellent,Hero,15150
appliance,excellent,Singer,65900
fashion,excellent,Yellow,9650
books,excellent,Penguin,5350
gaming,excellent,Sony,29750
accessories,excellent,Generic,7950
phone,good,Samsung,34050
laptop,good,Lenovo,17500
camera,good,Nikon,62600
furniture,good,Local,25800
bicycle,good,Hero,33250
appliance,good,Whirlpool,35250
fashion,good,Ecstasy,6050
books,good,Nilkhet,3200
gaming,good,Nintendo,14150
accessories,good,Samsung,8950
phone,fair,Xiaomi,39700
laptop,fair,HP,32200
camera,fair,Sony,51750
furniture,fair,IKEA,2800
bicycle,fair,Duranta,7650
appliance,fair,Singer,27900
fashion,fair,Yellow,4950
books,fair,OReilly,2650
gaming,fair,Microsoft,36650
accessories,fair,Anker,6300
phone,poor,OnePlus,23800
laptop,poor,Dell,35100
camera,poor,Panasonic,24200
furniture,poor,Hatil,3500
bicycle,poor,Hero,5250
appliance,poor,Singer,8250
fashion,poor,Generic,1950
books,poor,OReilly,1200
gaming,poor,Razer,16700
accessories,poor,Generic,100
phone,new,Apple,85000
laptop,new,Dell,165650
camera,new,Panasonic,31150
furniture,new,Regal,17600
bicycle,new,Giant,19650
appliance,new,Singer,20550
fashion,new,Generic,5550
books,new,Cambridge,6500
gaming,new,Nintendo,33250
accessories,new,Baseus,7100
phone,excellent,Realme,40300
laptop,excellent,Lenovo,119550
camera,excellent,Fujifilm,100800
furniture,excellent,IKEA,16600
bicycle,excellent,Hero,55250
appliance,excellent,Singer,20200
fashion,excellent,Generic,6350
books,excellent,Cambridge,1900
gaming,excellent,Logitech,55850
accessories,excellent,Generic,14650
phone,good,Realme,36250
laptop,good,Lenovo,18550
camera,good,Panasonic,57750
furniture,good,Regal,13650
bicycle,good,Duranta,17400
appliance,good,Samsung,15050
fashion,good,Ecstasy,10450
books,good,Penguin,2750
gaming,good,Logitech,39300
accessories,good,Apple,3150
phone,fair,Samsung,33900
laptop,fair,Lenovo,36650
camera,fair,Panasonic,22500
furniture,fair,Otobi,17500
bicycle,fair,Duranta,22600
appliance,fair,LG,5300
fashion,fair,Sailor,1150
books,fair,Pearson,2400
gaming,fair,Nintendo,9250
accessories,fair,Samsung,8300
phone,poor,Apple,12850
laptop,poor,Acer,29150
camera,poor,Sony,27500
furniture,poor,Otobi,4400
bicycle,poor,Phoenix,12250
appliance,poor,Singer,12900
fashion,poor,Sailor,3750
books,poor,Pearson,1100
gaming,poor,Microsoft,10100
accessories,poor,Apple,5100
phone,new,Xiaomi,40550
laptop,new,Lenovo,49600
camera,new,Panasonic,57650
furniture,new,Hatil,47850
bicycle,new,Hero,44000
appliance,new,LG,31800
fashion,new,Yellow,12300
books,new,Nilkhet,1750
gaming,new,Microsoft,72150
accessories,new,Baseus,21050
phone,excellent,Xiaomi,63650
laptop,excellent,Apple,80400
camera,excellent,Canon,101750
furniture,excellent,Regal,30500
bicycle,excellent,Duranta,65350
appliance,excellent,Walton,29450
fashion,excellent,Aarong,14550
books,excellent,Penguin,4700
gaming,excellent,Logitech,29600
accessories,excellent,Samsung,700
phone,good,Samsung,13800
laptop,good,Lenovo,51200
camera,good,Nikon,27350
furniture,good,Otobi,1000
bicycle,good,Hero,5650
appliance,good,Whirlpool,16250
fashion,good,Yellow,9950
books,good,OReilly,3500
gaming,good,Nintendo,23100
accessories,good,Generic,8700
phone,fair,Realme,9650
laptop,fair,Apple,36050
camera,fair,Fujifilm,60500
furniture,fair,IKEA,14450
bicycle,fair,Duranta,18000
appliance,fair,Samsung,33250
fashion,fair,Aarong,6550
books,fair,Penguin,1400
gaming,fair,Logitech,10600
accessories,fair,Baseus,8750
phone,poor,OnePlus,27950
laptop,poor,Dell,34650
camera,poor,Nikon,13200
furniture,poor,Local,9950
bicycle,poor,Giant,3350
appliance,poor,Walton,22500
fashion,poor,Generic,2050
books,poor,Pearson,100
gaming,poor,Nintendo,16350
accessories,poor,Generic,5250
phone,new,Realme,109850
laptop,new,Asus,90750
camera,new,Sony,35850
furniture,new,Regal,7550
bicycle,new,Trek,6900
appliance,new,Whirlpool,80950
fashion,new,Sailor,14600
books,new,Cambridge,4350
gaming,new,Microsoft,77650
accessories,new,Apple,2000
phone,excellent,OnePlus,70500
laptop,excellent,Lenovo,41000
camera,excellent,Nikon,68800
furniture,excellent,IKEA,24250
bicycle,excellent,Trek,41750
appliance,excellent,Whirlpool,76400
fashion,excellent,Aarong,6050
books,excellent,OReilly,4200
gaming,excellent,Sony,37800
accessories,excellent,Samsung,8850
phone,good,OnePlus,34250
laptop,good,Acer,84500
camera,good,Panasonic,77150
furniture,good,Local,2600
bicycle,good,Duranta,17400
appliance,good,Whirlpool,48000
fashion,good,Yellow,5200
books,good,Pearson,4050
gaming,good,Microsoft,24500
accessories,good,Anker,3800
phone,fair,Samsung,27350
laptop,fair,Asus,29950
camera,fair,Panasonic,26850
furniture,fair,IKEA,15150
bicycle,fair,Duranta,28450
appliance,fair,Samsung,37450
fashion,fair,Ecstasy,8000
books,fair,Cambridge,1400
gaming,fair,Razer,6050
accessories,fair,Baseus,850
phone,poor,Google,12900
laptop,poor,Dell,17050
camera,poor,Panasonic,4100
furniture,poor,Regal,5450
bicycle,poor,Duranta,15150
appliance,poor,Singer,10450
fashion,poor,Ecstasy,4000
books,poor,Pearson,400
gaming,poor,Sony,5000
accessories,poor,Anker,650
phone,new,Apple,33750
laptop,new,Lenovo,145500
camera,new,Sony,99850
furniture,new,Hatil,28950
bicycle,new,Giant,55700
appliance,new,LG,41800
fashion,new,Yellow,5450
books,new,Penguin,300
gaming,new,Microsoft,10500
accessories,new,Samsung,700
phone,excellent,Xiaomi,33150
laptop,excellent,Apple,107300
camera,excellent,Panasonic,87050
furniture,excellent,Otobi,18100
bicycle,excellent,Trek,32350
appliance,excellent,Singer,29050
fashion,excellent,Sailor,5000
books,excellent,Cambridge,2350
gaming,excellent,Sony,27550
accessories,excellent,Apple,17650
phone,good,Samsung,51500
laptop,good,Asus,104700
camera,good,Panasonic,41000
furniture,good,IKEA,12250
bicycle,good,Giant,45550
appliance,good,LG,14150
fashion,good,Ecstasy,500
books,good,Nilkhet,750
gaming,good,Sony,51400
accessories,good,Baseus,2400
phone,fair,Google,9000
laptop,fair,Apple,46250
camera,fair,Fujifilm,20550
furniture,fair,Regal,20300
bicycle,fair,Trek,3650
appliance,fair,Singer,14750
fashion,fair,Aarong,2250
books,fair,Nilkhet,2400
gaming,fair,Razer,22950
accessories,fair,Anker,9900
phone,poor,Xiaomi,21600
laptop,poor,Dell,12350
camera,poor,Canon,17000
furniture,poor,Regal,12250
bicycle,poor,Hero,7550
appliance,poor,Whirlpool,3050
fashion,poor,Generic,3100
books,poor,OReilly,950
gaming,poor,Sony,7250
accessories,poor,Baseus,1350
phone,new,Apple,32150
laptop,new,Apple,41200
camera,new,Fujifilm,112050
furniture,new,IKEA,6300
bicycle,new,Trek,79000
appliance,new,Walton,34650
fashion,new,Generic,9100
books,new,OReilly,6100
gaming,new,Sony,34000
accessories,new,Samsung,1700
phone,excellent,Realme,22050
laptop,excellent,Acer,85000
camera,excellent,Sony,23350
furniture,excellent,Local,20450
bicycle,excellent,Phoenix,54500
appliance,excellent,Whirlpool,56450
fashion,excellent,Sailor,11050
books,excellent,Cambridge,1050
gaming,excellent,Microsoft,58550
accessories,excellent,Anker,8650
phone,good,Realme,12600
laptop,good,Dell,50300
camera,good,Panasonic,73700
furniture,good,Regal,11850
bicycle,good,Phoenix,60500
appliance,good,LG,5700
fashion,good,Aarong,4450
books,good,Penguin,400
gaming,good,Logitech,15500
accessories,good,Anker,4800
phone,fair,Google,41000
laptop,fair,Asus,20450
camera,fair,Fujifilm,44750
furniture,fair,IKEA,12450
bicycle,fair,Phoenix,34750
appliance,fair,Whirlpool,26500
fashion,fair,Yellow,4200
books,fair,Cambridge,2350
gaming,fair,Logitech,4450
accessories,fair,Generic,3950
phone,poor,Realme,24250
laptop,poor,Acer,16500
camera,poor,Canon,29150
furniture,poor,Local,7200
bicycle,poor,Giant,5250
appliance,poor,Samsung,12550
fashion,poor,Generic,3000
books,poor,Nilkhet,850
gaming,poor,Logitech,18150
accessories,poor,Apple,500
phone,new,OnePlus,57100
laptop,new,Apple,96250
camera,new,Canon,154950
furniture,new,IKEA,15750
bicycle,new,Phoenix,45100
appliance,new,LG,68550
fashion,new,Aarong,8500
books,new,Pearson,1550
gaming,new,Sony,29800
accessories,new,Generic,2750
phone,excellent,OnePlus,103150
laptop,excellent,Dell,56850
camera,excellent,Panasonic,65550
furniture,excellent,IKEA,6050
bicycle,excellent,Trek,61100
appliance,excellent,Walton,22400
fashion,excellent,Yellow,8200
books,excellent,Penguin,3700
gaming,excellent,Logitech,19550
accessories,excellent,Anker,19350
phone,good,Apple,22700
laptop,good,Apple,82150
camera,good,Sony,46350
furniture,good,Hatil,7150
bicycle,good,Hero,31550
appliance,good,LG,51550
fashion,good,Sailor,4050
books,good,Pearson,650
gaming,good,Microsoft,55600
accessories,good,Apple,12550
phone,fair,Realme,21950
laptop,fair,Asus,72700
camera,fair,Panasonic,48700
furniture,fair,Otobi,5850
bicycle,fair,Trek,18400
appliance,fair,LG,4300
fashion,fair,Generic,6050
books,fair,OReilly,1350
gaming,fair,Logitech,21050
accessories,fair,Apple,850
phone,poor,Samsung,24000
laptop,poor,Acer,14650
camera,poor,Canon,10100
furniture,poor,IKEA,7250
bicycle,poor,Duranta,4900
appliance,poor,Whirlpool,19700
fashion,poor,Yellow,3550
books,poor,Nilkhet,550
gaming,poor,Microsoft,20300
accessories,poor,Baseus,500
phone,new,Apple,111900
laptop,new,HP,84450
camera,new,Sony,21250
furniture,new,Regal,34750
bicycle,new,Hero,31800
appliance,new,Walton,6000
fashion,new,Ecstasy,12950
books,new,Nilkhet,1200
gaming,new,Sony,85950
accessories,new,Samsung,7300
phone,excellent,Samsung,109250
laptop,excellent,Dell,98100
camera,excellent,Sony,22900
furniture,excellent,Otobi,42000
bicycle,excellent,Giant,24300
appliance,excellent,Whirlpool,36300
fashion,excellent,Aarong,11900
books,excellent,Pearson,2100
gaming,excellent,Microsoft,23600
accessories,excellent,Baseus,9600
phone,good,Xiaomi,19650
laptop,good,Asus,68800
camera,good,Nikon,17150
furniture,good,IKEA,17400
bicycle,good,Duranta,16850
appliance,good,Walton,53050
fashion,good,Yellow,2000
books,good,Cambridge,750
gaming,good,Microsoft,20000
accessories,good,Generic,10950
phone,fair,OnePlus,50350
laptop,fair,Acer,25250
camera,fair,Sony,31950
furniture,fair,Hatil,17650
bicycle,fair,Duranta,30650
appliance,fair,Whirlpool,11450
fashion,fair,Ecstasy,7600
books,fair,Cambridge,1700
gaming,fair,Razer,5500
accessories,fair,Anker,3000
phone,poor,Samsung,16400
laptop,poor,Lenovo,37800
camera,poor,Fujifilm,32800
furniture,poor,Hatil,7900
bicycle,poor,Giant,19250
appliance,poor,Samsung,3250
fashion,poor,Yellow,3700
books,poor,OReilly,450
gaming,poor,Logitech,1900
accessories,poor,Generic,2300
phone,new,OnePlus,65400
laptop,new,Lenovo,155400
camera,new,Canon,112150
furniture,new,Regal,34100
bicycle,new,Giant,71400
appliance,new,Walton,83700
fashion,new,Aarong,5200
books,new,Penguin,3850
gaming,new,Logitech,50950
accessories,new,Generic,22250
phone,excellent,Samsung,52200
laptop,excellent,Lenovo,111450
camera,excellent,Fujifilm,124700
furniture,excellent,IKEA,35000
bicycle,excellent,Duranta,45750
appliance,excellent,Walton,17000
fashion,excellent,Aarong,500
books,excellent,Penguin,2200
gaming,excellent,Nintendo,13300
accessories,excellent,Generic,3100
phone,good,Google,53750
laptop,good,Dell,55400
camera,good,Fujifilm,39600
furniture,good,Regal,17800
bicycle,good,Phoenix,35500
appliance,good,Samsung,3000
fashion,good,Sailor,7700
books,good,Nilkhet,1900
gaming,good,Nintendo,62100
accessories,good,Anker,6500
phone,fair,Samsung,27100
laptop,fair,Asus,18250
camera,fair,Sony,46650
furniture,fair,Local,8250
bicycle,fair,Trek,8650
appliance,fair,Singer,4000
fashion,fair,Ecstasy,3250
books,fair,Cambridge,100
gaming,fair,Microsoft,13300
accessories,fair,Apple,9850
phone,poor,Google,24300
laptop,poor,Asus,37250
camera,poor,Sony,29850
furniture,poor,IKEA,7050
bicycle,poor,Hero,12500
appliance,poor,Singer,14850
fashion,poor,Sailor,1800
books,poor,OReilly,1700
gaming,poor,Microsoft,19650
accessories,poor,Generic,100
phone,new,Apple,35900
laptop,new,Acer,137900
camera,new,Sony,23000
furniture,new,Regal,24100
bicycle,new,Giant,6450
appliance,new,Singer,7950
fashion,new,Yellow,15300
books,new,Penguin,3750
gaming,new,Sony,30950
accessories,new,Baseus,23450
phone,excellent,Realme,20950
laptop,excellent,HP,115700
camera,excellent,Fujifilm,43350
furniture,excellent,IKEA,27900
bicycle,excellent,Trek,60450
appliance,excellent,Whirlpool,65350
fashion,excellent,Sailor,12600
books,excellent,Cambridge,800
gaming,excellent,Microsoft,51850
accessories,excellent,Anker,13650
phone,good,Xiaomi,26300
laptop,good,Lenovo,67750
camera,good,Canon,10550
furniture,good,Hatil,12800
bicycle,good,Hero,13000
appliance,good,Whirlpool,15850
fashion,good,Aarong,2250
books,good,Cambridge,550
gaming,good,Logitech,49650
accessories,good,Anker,4650
phone,fair,Apple,39700
laptop,fair,Acer,51250
camera,fair,Canon,69150
furniture,fair,Local,12200
bicycle,fair,Hero,20650
appliance,fair,Samsung,32600
fashion,fair,Yellow,5350
books,fair,Pearson,1750
gaming,fair,Microsoft,35900
accessories,fair,Samsung,2800
phone,poor,Apple,21650
laptop,poor,Lenovo,8000
camera,poor,Nikon,10850
furniture,poor,Local,2250
bicycle,poor,Giant,8500
appliance,poor,LG,11050
fashion,poor,Sailor,3500
books,poor,Cambridge,200
gaming,poor,Nintendo,17200
accessories,poor,Samsung,800
phone,new,Apple,58700
laptop,new,Dell,153600
camera,new,Panasonic,104000
furniture,new,Local,42650
bicycle,new,Trek,54800
appliance,new,Singer,38600
fashion,new,Aarong,10750
books,new,Cambridge,950
gaming,new,Sony,73700
accessories,new,Baseus,21300
phone,excellent,Xiaomi,99250
laptop,excellent,Lenovo,131800
camera,excellent,Canon,83400
furniture,excellent,Hatil,16950
bicycle,excellent,Hero,50700
appliance,excellent,LG,63550
fashion,excellent,Generic,11400
books,excellent,Nilkhet,3050
gaming,excellent,Microsoft,37150
accessories,excellent,Samsung,3750
phone,good,Realme,24150
laptop,good,Dell,38350
camera,good,Canon,35350
furniture,good,Local,27750
bicycle,good,Trek,34550
appliance,good,Samsung,29900
fashion,good,Generic,6250
books,good,Cambridge,100
gaming,good,Nintendo,41550
accessories,good,Apple,10800
phone,fair,Realme,47250
laptop,fair,HP,59400
camera,fair,Canon,44150
furniture,fair,Regal,4200
bicycle,fair,Hero,23850
appliance,fair,Walton,3450
fashion,fair,Generic,8000
books,fair,Pearson,2250
gaming,fair,Logitech,1800
accessories,fair,Samsung,1900
phone,poor,Xiaomi,16650
laptop,poor,Apple,28750
camera,poor,Nikon,23700
furniture,poor,Otobi,4200
bicycle,poor,Phoenix,15900
appliance,poor,LG,7300
fashion,poor,Sailor,4250
books,poor,Penguin,1550
gaming,poor,Sony,11200
accessories,poor,Anker,3550
phone,new,Realme,27900
laptop,new,Asus,74450
camera,new,Canon,127500
furniture,new,IKEA,35300
bicycle,new,Trek,18950
appliance,new,Walton,44200
fashion,new,Generic,14900
books,new,Pearson,6000
gaming,new,Logitech,87300
accessories,new,Generic,19100
phone,excellent,Samsung,85150
laptop,excellent,Dell,137950
camera,excellent,Fujifilm,108850
furniture,excellent,Otobi,16500
bicycle,excellent,Duranta,21700
appliance,excellent,Walton,14850
fashion,excellent,Aarong,11200
books,excellent,Penguin,2700
gaming,excellent,Nintendo,36750
accessories,excellent,Anker,6250
phone,good,Google,62200
laptop,good,Acer,19900
camera,good,Sony,19500
furniture,good,Local,31900
bicycle,good,Trek,47100
appliance,good,Walton,2550
fashion,good,Generic,8250
books,good,Pearson,900
gaming,good,Microsoft,49200
accessories,good,Samsung,3100
phone,fair,Xiaomi,24300
laptop,fair,Asus,49450
camera,fair,Panasonic,54850
furniture,fair,Hatil,9750
bicycle,fair,Phoenix,34850
appliance,fair,Singer,26400
fashion,fair,Sailor,7100
books,fair,Cambridge,1750
gaming,fair,Logitech,3400
accessories,fair,Anker,7200
phone,poor,Xiaomi,25750
laptop,poor,HP,36150
camera,poor,Fujifilm,20650
furniture,poor,Regal,3150
bicycle,poor,Hero,1700
appliance,poor,Walton,8700
fashion,poor,Aarong,300
books,poor,Penguin,700
gaming,poor,Microsoft,1550
accessories,poor,Apple,2300
phone,new,Xiaomi,37950
laptop,new,Asus,134500
camera,new,Sony,124400
furniture,new,IKEA,7200
bicycle,new,Phoenix,60450
appliance,new,Samsung,36250
fashion,new,Generic,7500
books,new,Pearson,3200
gaming,new,Razer,6100
accessories,new,Anker,9200
phone,excellent,Samsung,67300
laptop,excellent,Apple,149100
camera,excellent,Sony,115500
furniture,excellent,Otobi,27800
bicycle,excellent,Giant,10900
appliance,excellent,Whirlpool,16800
fashion,excellent,Generic,10800
books,excellent,Nilkhet,1400
gaming,excellent,Logitech,62200
accessories,excellent,Samsung,13350
phone,good,Apple,30650
laptop,good,Acer,43450
camera,good,Sony,87950
furniture,good,Otobi,19400
bicycle,good,Phoenix,55950
appliance,good,Whirlpool,9450
fashion,good,Sailor,1500
books,good,OReilly,3650
gaming,good,Logitech,24550
accessories,good,Generic,5850
phone,fair,Realme,56200
laptop,fair,Apple,36900
camera,fair,Sony,33350
furniture,fair,Hatil,23900
bicycle,fair,Trek,2800
appliance,fair,Walton,16900
fashion,fair,Yellow,7450
books,fair,Nilkhet,2050
gaming,fair,Nintendo,5850
accessories,fair,Baseus,4100
phone,poor,Apple,15750
laptop,poor,Apple,24950
camera,poor,Nikon,15550
furniture,poor,Local,10300
bicycle,poor,Giant,5500
appliance,poor,LG,14100
fashion,poor,Generic,1500
books,poor,OReilly,700
gaming,poor,Microsoft,4950
accessories,poor,Anker,4500
phone,new,Xiaomi,80750
laptop,new,Acer,42050
camera,new,Panasonic,14550
furniture,new,Local,5350
bicycle,new,Hero,13350
appliance,new,Whirlpool,69500
fashion,new,Ecstasy,11800
books,new,Pearson,400
gaming,new,Logitech,74550
accessories,new,Generic,10050
phone,excellent,Apple,77100
laptop,excellent,HP,32150
camera,excellent,Panasonic,94750
furniture,excellent,IKEA,26850
bicycle,excellent,Phoenix,67550
appliance,excellent,Samsung,7350
fashion,excellent,Generic,2700
books,excellent,Penguin,650
gaming,excellent,Nintendo,12600
accessories,excellent,Generic,6850
phone,good,Samsung,56150
laptop,good,Acer,70250
camera,good,Fujifilm,42250
furniture,good,Hatil,24600
bicycle,good,Phoenix,56500
appliance,good,Walton,6450
fashion,good,Sailor,12050
books,good,OReilly,1950
gaming,good,Microsoft,5900
accessories,good,Generic,2900
phone,fair,OnePlus,17550
laptop,fair,Dell,42950
camera,fair,Panasonic,21250
furniture,fair,Local,3800
bicycle,fair,Giant,4100
appliance,fair,LG,1300
fashion,fair,Yellow,7050
books,fair,Cambridge,350
gaming,fair,Nintendo,8200
accessories,fair,Samsung,3250
phone,poor,Google,26250
laptop,poor,Dell,37500
camera,poor,Sony,18850
furniture,poor,Otobi,5650
bicycle,poor,Duranta,4400
appliance,poor,LG,15450
fashion,poor,Generic,3350
books,poor,OReilly,500
gaming,poor,Sony,1800
accessories,poor,Samsung,4800
phone,new,Google,35950
laptop,new,Acer,76200
camera,new,Panasonic,90750
furniture,new,Otobi,36250
bicycle,new,Trek,54100
appliance,new,Walton,46550
fashion,new,Ecstasy,8350
books,new,Penguin,1650
gaming,new,Sony,13150
accessories,new,Generic,7450
phone,excellent,Xiaomi,74700
laptop,excellent,Lenovo,109400
camera,excellent,Canon,36200
furniture,excellent,Local,31800
bicycle,excellent,Phoenix,22250
appliance,excellent,LG,18250
fashion,excellent,Yellow,9300
books,excellent,Nilkhet,5050
gaming,excellent,Microsoft,9850
accessories,excellent,Generic,6350
phone,good,Realme,30400
laptop,good,Acer,56900
camera,good,Fujifilm,62600
furniture,good,Local,32700
bicycle,good,Hero,40050
appliance,good,Whirlpool,15650
fashion,good,Aarong,6700
books,good,Pearson,2300
gaming,good,Logitech,53450
accessories,good,Apple,3950
phone,fair,Samsung,10000
laptop,fair,HP,16200
camera,fair,Sony,55450
furniture,fair,Local,11150
bicycle,fair,Duranta,6800
appliance,fair,Walton,41200
fashion,fair,Ecstasy,400
books,fair,OReilly,450
gaming,fair,Microsoft,40550
accessories,fair,Generic,7750
phone,poor,Xiaomi,28450
laptop,poor,Apple,15900
camera,poor,Sony,8750
furniture,poor,Regal,11600
bicycle,poor,Hero,2100
appliance,poor,Samsung,10450
fashion,poor,Sailor,2800
books,poor,Penguin,800
gaming,poor,Razer,12000
accessories,poor,Baseus,5200
phone,new,Google,81200
laptop,new,Apple,140400
camera,new,Nikon,100050
furniture,new,Local,28300
bicycle,new,Duranta,51000
appliance,new,Samsung,65200
fashion,new,Sailor,15650
books,new,OReilly,3450
gaming,new,Sony,39900
accessories,new,Anker,11600
phone,excellent,OnePlus,46800
laptop,excellent,Dell,36400
camera,excellent,Sony,81050
furniture,excellent,IKEA,15150
bicycle,excellent,Hero,36650
appliance,excellent,LG,65300
fashion,excellent,Yellow,4900
books,excellent,Cambridge,1500
gaming,excellent,Logitech,43850
accessories,excellent,Baseus,1200
phone,good,Xiaomi,36250
laptop,good,Dell,38750
camera,good,Nikon,14650
furniture,good,Hatil,22550
bicycle,good,Giant,49900
appliance,good,Whirlpool,51450
fashion,good,Yellow,3950
books,good,Penguin,3900
gaming,good,Sony,11250
accessories,good,Anker,7300
phone,fair,Samsung,42950
laptop,fair,Acer,29550
camera,fair,Nikon,8450
furniture,fair,IKEA,11450
bicycle,fair,Trek,28250
appliance,fair,LG,35950
fashion,fair,Aarong,1100
books,fair,OReilly,250
gaming,fair,Microsoft,11150
accessories,fair,Apple,800
phone,poor,Samsung,23850
laptop,poor,Apple,23050
camera,poor,Nikon,15200
furniture,poor,IKEA,12350
bicycle,poor,Trek,17400
appliance,poor,Singer,12500
fashion,poor,Aarong,550
books,poor,Cambridge,1050
gaming,poor,Logitech,19400
accessories,poor,Generic,1100
phone,new,Apple,104850
laptop,new,Apple,106050
camera,new,Sony,44800
furniture,new,IKEA,31100
bicycle,new,Trek,39350
appliance,new,Walton,94100
fashion,new,Generic,10700
books,new,OReilly,5050
gaming,new,Logitech,28600
accessories,new,Anker,6800
phone,excellent,OnePlus,56700
laptop,excellent,Dell,137100
camera,excellent,Nikon,65450
furniture,excellent,Hatil,27200
bicycle,excellent,Hero,27750
appliance,excellent,Whirlpool,57450
fashion,excellent,Ecstasy,8600
books,excellent,OReilly,1650
gaming,excellent,Microsoft,45750
accessories,excellent,Apple,850
phone,good,OnePlus,42900
laptop,good,Dell,21050
camera,good,Fujifilm,72150
furniture,good,Local,29900
bicycle,good,Giant,29100
appliance,good,Whirlpool,44800
fashion,good,Yellow,5550
books,good,Pearson,500
gaming,good,Razer,29850
accessories,good,Anker,9900
phone,fair,OnePlus,26450
laptop,fair,Acer,14350
camera,fair,Sony,24050
furniture,fair,Regal,9750
bicycle,fair,Hero,25450
appliance,fair,Singer,31950
fashion,fair,Generic,3450
books,fair,OReilly,1450
gaming,fair,Razer,34550
accessories,fair,Apple,3650
phone,poor,Realme,7900
laptop,poor,Acer,37500
camera,poor,Canon,6150
furniture,poor,Otobi,7550
bicycle,poor,Giant,10850
appliance,poor,Whirlpool,950
fashion,poor,Generic,3250
books,poor,Cambridge,200
gaming,poor,Microsoft,2050
accessories,poor,Apple,4250
phone,new,OnePlus,109000
laptop,new,Asus,67000
camera,new,Fujifilm,36850
furniture,new,Otobi,5250
bicycle,new,Hero,78650
appliance,new,Samsung,39600
fashion,new,Sailor,14700
books,new,Cambridge,5450
gaming,new,Logitech,73100
accessories,new,Apple,6800
phone,excellent,OnePlus,83800
laptop,excellent,Acer,39500
camera,excellent,Canon,105550
furniture,excellent,IKEA,40000
bicycle,excellent,Trek,48700
appliance,excellent,Samsung,35300
fashion,excellent,Sailor,11900
books,excellent,OReilly,1150
gaming,excellent,Sony,21050
accessories,excellent,Apple,5650
phone,good,Apple,71800
laptop,good,Lenovo,48650
camera,good,Sony,79100
furniture,good,Hatil,17500
bicycle,good,Phoenix,22400
appliance,good,LG,3350
fashion,good,Generic,9950
books,good,Pearson,1800
gaming,good,Microsoft,2150
accessories,good,Anker,8650
phone,fair,Realme,20850
laptop,fair,Acer,38750
camera,fair,Nikon,43050
furniture,fair,Hatil,16950
bicycle,fair,Phoenix,26350
appliance,fair,Samsung,29050
fashion,fair,Sailor,4750
books,fair,Cambridge,800
gaming,fair,Sony,3650
accessories,fair,Generic,3750
phone,poor,Google,10150
laptop,poor,Asus,35650
camera,poor,Panasonic,8600
furniture,poor,Regal,3150
bicycle,poor,Giant,5550
appliance,poor,Samsung,15600
fashion,poor,Ecstasy,2200
books,poor,OReilly,1400
gaming,poor,Logitech,5850
accessories,poor,Apple,3300
phone,new,Realme,36500
laptop,new,Acer,53650
camera,new,Canon,31850
furniture,new,Hatil,40350
bicycle,new,Hero,19800
appliance,new,Walton,82100
fashion,new,Ecstasy,15000
books,new,Pearson,1150
gaming,new,Razer,15350
accessories,new,Samsung,5200
phone,excellent,Xiaomi,85500
laptop,excellent,Lenovo,133950
camera,excellent,Sony,124500
furniture,excellent,IKEA,20800
bicycle,excellent,Trek,42950
appliance,excellent,Walton,50150
fashion,excellent,Generic,4400
books,excellent,Pearson,250
gaming,excellent,Microsoft,71850
accessories,excellent,Generic,13900
phone,good,Samsung,13000
laptop,good,HP,33500
camera,good,Panasonic,25350
furniture,good,Hatil,33750
bicycle,good,Giant,20650
appliance,good,Singer,38900
fashion,good,Aarong,600
books,good,Cambridge,400
gaming,good,Microsoft,45450
accessories,good,Baseus,850
phone,fair,Samsung,21000
laptop,fair,Acer,45900
camera,fair,Sony,37050
furniture,fair,Hatil,18800
bicycle,fair,Duranta,12150
appliance,fair,Singer,21600
fashion,fair,Yellow,3300
books,fair,OReilly,1650
gaming,fair,Sony,13050
accessories,fair,Apple,7500
phone,poor,Samsung,20500
laptop,poor,Apple,8350
camera,poor,Canon,23100
furniture,poor,Regal,10150
bicycle,poor,Duranta,16150
appliance,poor,Whirlpool,6450
fashion,poor,Generic,350
books,poor,Penguin,1700
gaming,poor,Razer,5150
accessories,poor,Generic,5050
phone,new,Xiaomi,69150
laptop,new,Acer,168050
camera,new,Fujifilm,119550
furniture,new,Otobi,41400
bicycle,new,Trek,37800
appliance,new,Whirlpool,38300
fashion,new,Ecstasy,16500
books,new,Penguin,3850
gaming,new,Razer,50350
accessories,new,Generic,13800
phone,excellent,Realme,50350
laptop,excellent,Lenovo,53300
camera,excellent,Nikon,36550
furniture,excellent,Regal,11550
bicycle,excellent,Giant,13700
appliance,excellent,Singer,42400
fashion,excellent,Generic,1300
books,excellent,Penguin,4300
gaming,excellent,Logitech,13600
accessories,excellent,Baseus,6100
phone,good,Realme,11650
laptop,good,Asus,63550
camera,good,Nikon,9000
furniture,good,Local,31550
bicycle,good,Duranta,40500
appliance,good,Singer,39950
fashion,good,Sailor,1750
books,good,OReilly,2500
gaming,good,Nintendo,52650
accessories,good,Anker,15600
phone,fair,Google,28350
laptop,fair,Asus,74500
camera,fair,Canon,48100
furniture,fair,Otobi,9150
bicycle,fair,Hero,26250
appliance,fair,Samsung,22850
fashion,fair,Yellow,8150
books,fair,OReilly,850
gaming,fair,Microsoft,7050
accessories,fair,Samsung,7850
phone,poor,Realme,9500
laptop,poor,Apple,20550
camera,poor,Sony,8200
furniture,poor,Hatil,550
bicycle,poor,Hero,11050
appliance,poor,Walton,9150
fashion,poor,Yellow,3300
books,poor,Pearson,1200
gaming,poor,Nintendo,15400
accessories,poor,Apple,2550
phone,new,Apple,75050
laptop,new,Dell,126300
camera,new,Panasonic,89900
furniture,new,Hatil,7800
bicycle,new,Giant,45550
appliance,new,LG,82150
fashion,new,Ecstasy,18950
books,new,Nilkhet,4150
gaming,new,Nintendo,34450
accessories,new,Apple,8850
phone,excellent,Samsung,53950
laptop,excellent,Dell,125550
camera,excellent,Sony,16450
furniture,excellent,Otobi,22050
bicycle,excellent,Trek,60550
appliance,excellent,Singer,14250
fashion,excellent,Yellow,11000
books,excellent,Penguin,1650
gaming,excellent,Sony,67300
accessories,excellent,Apple,7100
phone,good,Samsung,58900
laptop,good,Asus,81800
camera,good,Fujifilm,26700
furniture,good,Regal,20200
bicycle,good,Trek,29200
appliance,good,Singer,10950
fashion,good,Aarong,850
books,good,Pearson,2850
gaming,good,Sony,26100
accessories,good,Baseus,14150
phone,fair,OnePlus,40500
laptop,fair,HP,30850
camera,fair,Panasonic,10750
furniture,fair,Hatil,13250
bicycle,fair,Trek,12350
appliance,fair,Walton,14650
fashion,fair,Yellow,700
books,fair,Pearson,550
gaming,fair,Nintendo,4800
accessories,fair,Samsung,8700
phone,poor,Google,7350
laptop,poor,Dell,16500
camera,poor,Panasonic,15650
furniture,poor,Hatil,11200
bicycle,poor,Giant,10050
appliance,poor,LG,9750
fashion,poor,Ecstasy,2400
books,poor,Penguin,1050
gaming,poor,Microsoft,17750
accessories,poor,Samsung,2550
phone,new,OnePlus,63750
laptop,new,Acer,27850
camera,new,Fujifilm,75000
furniture,new,Hatil,40750
bicycle,new,Phoenix,37100
appliance,new,Samsung,23000
fashion,new,Aarong,12350
books,new,Nilkhet,1400
gaming,new,Sony,32650
accessories,new,Generic,3450
phone,excellent,Realme,28400
laptop,excellent,Apple,50300
camera,excellent,Sony,103150
furniture,excellent,Local,22900
bicycle,excellent,Trek,71150
appliance,excellent,Singer,73950
fashion,excellent,Ecstasy,8100
books,excellent,Cambridge,4150
gaming,excellent,Nintendo,20400
accessories,excellent,Baseus,1050
phone,good,Samsung,69550
laptop,good,HP,82850
camera,good,Nikon,32800
furniture,good,Hatil,1450
bicycle,good,Phoenix,35400
appliance,good,Singer,14200
fashion,good,Yellow,4700
books,good,Pearson,1450
gaming,good,Sony,27850
accessories,good,Anker,12300
phone,fair,OnePlus,46850
laptop,fair,Dell,10800
camera,fair,Panasonic,45900
furniture,fair,Regal,3950
bicycle,fair,Phoenix,6450
appliance,fair,Walton,25750
fashion,fair,Yellow,2100
books,fair,OReilly,2450
gaming,fair,Microsoft,25500
accessories,fair,Generic,8500
phone,poor,Apple,10750
laptop,poor,Asus,15050
camera,poor,Canon,12200
furniture,poor,Local,6100
bicycle,poor,Duranta,1800
appliance,poor,Whirlpool,7150
fashion,poor,Yellow,1500
books,poor,Penguin,100
gaming,poor,Logitech,5100
accessories,poor,Samsung,850
phone,new,Apple,98000
laptop,new,Apple,67300
camera,new,Sony,25450
furniture,new,Regal,50350
bicycle,new,Phoenix,17000
appliance,new,Whirlpool,21400
fashion,new,Yellow,4700
books,new,Penguin,6900
gaming,new,Sony,6600
accessories,new,Samsung,8100
phone,excellent,OnePlus,26800
laptop,excellent,HP,37550
camera,excellent,Sony,91900
furniture,excellent,Regal,13750
bicycle,excellent,Duranta,62900
appliance,excellent,Singer,38100
fashion,excellent,Sailor,9300
books,excellent,Pearson,4250
gaming,excellent,Nintendo,27500
accessories,excellent,Baseus,6050
phone,good,Google,41050
laptop,good,HP,46300
camera,good,Canon,41900
furniture,good,IKEA,28550
bicycle,good,Giant,44000
appliance,good,LG,3650
fashion,good,Ecstasy,900
books,good,Cambridge,1100
gaming,good,Nintendo,19400
accessories,good,Generic,12550
phone,fair,Google,41400
laptop,fair,Dell,64700
camera,fair,Canon,58750
furniture,fair,IKEA,3650
bicycle,fair,Duranta,12650
appliance,fair,Walton,22800
fashion,fair,Sailor,1350
books,fair,Nilkhet,450
gaming,fair,Sony,3150
accessories,fair,Anker,7750
phone,poor,Samsung,25350
laptop,poor,Dell,30200
camera,poor,Nikon,19000
furniture,poor,Regal,6000
bicycle,poor,Duranta,7600
appliance,poor,Singer,18500
fashion,poor,Aarong,3800
books,poor,Nilkhet,650
gaming,poor,Razer,3400
accessories,poor,Generic,5650
phone,new,Xiaomi,100200
laptop,new,Acer,128000
camera,new,Fujifilm,36700
furniture,new,Local,1450
bicycle,new,Duranta,64000
appliance,new,Samsung,48100
fashion,new,Yellow,8650
books,new,Cambridge,6550
gaming,new,Nintendo,78800
accessories,new,Generic,2000
phone,excellent,Realme,95600
laptop,excellent,Lenovo,138050
camera,excellent,Panasonic,95750
furniture,excellent,Regal,29450
bicycle,excellent,Phoenix,61700
appliance,excellent,Whirlpool,26850
fashion,excellent,Aarong,7650
books,excellent,Cambridge,1650
gaming,excellent,Microsoft,53150
accessories,excellent,Apple,8450
phone,good,Apple,54200
laptop,good,Asus,63900
camera,good,Panasonic,20350
furniture,good,Otobi,19350
bicycle,good,Duranta,20350
appliance,good,Walton,31800
fashion,good,Sailor,10450
books,good,Penguin,2050
gaming,good,Nintendo,44400
accessories,good,Samsung,13400
phone,fair,Apple,35550
laptop,fair,Lenovo,14300
camera,fair,Panasonic,15100
furniture,fair,Hatil,20050
bicycle,fair,Phoenix,11200
appliance,fair,Samsung,13000
fashion,fair,Sailor,6800
books,fair,Nilkhet,2750
gaming,fair,Logitech,4100
accessories,fair,Anker,3450
phone,poor,Google,12150
laptop,poor,Dell,28050
camera,poor,Nikon,21850
furniture,poor,Local,12600
bicycle,poor,Duranta,9000
appliance,poor,Samsung,10150
fashion,poor,Yellow,2600
books,poor,Pearson,1450
gaming,poor,Logitech,13000
accessories,poor,Anker,2350
phone,new,Realme,37550
laptop,new,Asus,77200
camera,new,Canon,149150
furniture,new,Otobi,52650
bicycle,new,Trek,54050
appliance,new,Singer,28350
fashion,new,Ecstasy,16550
books,new,OReilly,300
gaming,new,Nintendo,14400
accessories,new,Baseus,14500
phone,excellent,Apple,54750
laptop,excellent,Lenovo,60700
camera,excellent,Sony,103550
furniture,excellent,Regal,25800
bicycle,excellent,Hero,59050
appliance,excellent,Samsung,26500
fashion,excellent,Ecstasy,9150
books,excellent,Nilkhet,4600
gaming,excellent,Razer,22600
accessories,excellent,Anker,300
phone,good,Samsung,61950
laptop,good,Asus,63750
camera,good,Canon,34100
furniture,good,IKEA,18500
bicycle,good,Trek,46600
appliance,good,Whirlpool,25600
fashion,good,Yellow,8050
books,good,Penguin,3950
gaming,good,Nintendo,50000
accessories,good,Generic,10550
phone,fair,Realme,37700
laptop,fair,HP,23350
camera,fair,Nikon,35300
furniture,fair,IKEA,10450
bicycle,fair,Trek,30200
appliance,fair,Samsung,10250
fashion,fair,Ecstasy,5150
books,fair,Pearson,600
gaming,fair,Razer,30650
accessories,fair,Apple,8300
phone,poor,Xiaomi,4550
laptop,poor,Asus,37500
camera,poor,Nikon,29650
furniture,poor,Otobi,12300
bicycle,poor,Hero,15950
appliance,poor,Samsung,16500
fashion,poor,Yellow,1750
books,poor,Penguin,800
gaming,poor,Razer,10900
accessories,poor,Samsung,4600
phone,new,Google,107650
laptop,new,Asus,115600
camera,new,Panasonic,105450
furniture,new,IKEA,9550
bicycle,new,Duranta,78900
appliance,new,Whirlpool,42750
fashion,new,Ecstasy,11300
books,new,Penguin,1400
gaming,new,Microsoft,29750
accessories,new,Apple,14200
phone,excellent,Xiaomi,60800
laptop,excellent,Apple,78000
camera,excellent,Panasonic,113050
furniture,excellent,Regal,6650
bicycle,excellent,Phoenix,13800
appliance,excellent,LG,47850
fashion,excellent,Generic,8550
books,excellent,Penguin,4950
gaming,excellent,Razer,54100
accessories,excellent,Generic,9600
phone,good,Google,60150
laptop,good,HP,37250
camera,good,Panasonic,89500
furniture,good,Otobi,17400
bicycle,good,Duranta,17150
appliance,good,Whirlpool,32350
fashion,good,Generic,2250
books,good,Nilkhet,1050
gaming,good,Razer,49050
accessories,good,Apple,500
phone,fair,Google,10550
laptop,fair,Lenovo,60800
camera,fair,Nikon,10750
furniture,fair,Otobi,12100
bicycle,fair,Giant,14300
appliance,fair,LG,34800
fashion,fair,Aarong,4350
books,fair,Pearson,2300
gaming,fair,Razer,24550
accessories,fair,Samsung,2250
phone,poor,Samsung,5100
laptop,poor,Asus,6950
camera,poor,Nikon,27550
furniture,poor,Otobi,9200
bicycle,poor,Trek,4050
appliance,poor,Walton,7100
fashion,poor,Generic,3350
books,poor,Pearson,1050
gaming,poor,Razer,4250
accessories,poor,Samsung,400
phone,new,Xiaomi,40150
laptop,new,Apple,168000
camera,new,Sony,18950
furniture,new,Local,9350
bicycle,new,Duranta,27350
appliance,new,Whirlpool,61400
fashion,new,Ecstasy,18650
books,new,Cambridge,4400
gaming,new,Sony,38850
accessories,new,Anker,6550
phone,excellent,Google,88350
laptop,excellent,Lenovo,108200
camera,excellent,Panasonic,89050
furniture,excellent,Regal,45200
bicycle,excellent,Giant,45050
appliance,excellent,Samsung,54000
fashion,excellent,Sailor,12950
books,excellent,Cambridge,2450
gaming,excellent,Microsoft,13400
accessories,excellent,Anker,9400
phone,good,OnePlus,41400
laptop,good,HP,76200
camera,good,Nikon,94250
furniture,good,IKEA,11350
bicycle,good,Hero,20650
appliance,good,Whirlpool,40550
fashion,good,Sailor,4900
books,good,OReilly,550
gaming,good,Sony,46650
accessories,good,Generic,13100
phone,fair,Realme,40300
laptop,fair,HP,55050
camera,fair,Panasonic,26800
furniture,fair,Local,18750
bicycle,fair,Duranta,33700
appliance,fair,Walton,38300
fashion,fair,Generic,500
books,fair,Nilkhet,1850
gaming,fair,Nintendo,30950
accessories,fair,Anker,3650
phone,poor,OnePlus,26900
laptop,poor,HP,32900
camera,poor,Fujifilm,31100
furniture,poor,Local,1800
bicycle,poor,Giant,10250
appliance,poor,Samsung,1500
fashion,poor,Ecstasy,4000
books,poor,Nilkhet,100
gaming,poor,Sony,17050
accessories,poor,Apple,2250
phone,new,Xiaomi,55850
laptop,new,Dell,149000
camera,new,Canon,28400
furniture,new,IKEA,10750
bicycle,new,Giant,48200
appliance,new,Samsung,70900
fashion,new,Aarong,9950
books,new,OReilly,800
gaming,new,Nintendo,30350
accessories,new,Anker,2600
phone,excellent,Samsung,32350
laptop,excellent,Asus,63500
camera,excellent,Sony,72150
furniture,excellent,Regal,21000
bicycle,excellent,Giant,72850
appliance,excellent,LG,54300
fashion,excellent,Sailor,13750
books,excellent,Cambridge,2150
gaming,excellent,Logitech,15350
accessories,excellent,Baseus,5200
phone,good,Realme,48350
laptop,good,Apple,48800
camera,good,Canon,25400
furniture,good,Regal,4950
bicycle,good,Trek,7600
appliance,good,Walton,20100
fashion,good,Generic,2800
books,good,Penguin,1400
gaming,good,Razer,37850
accessories,good,Anker,10000
phone,fair,OnePlus,42850
laptop,fair,Asus,62600
camera,fair,Sony,10250
furniture,fair,Regal,14950
bicycle,fair,Giant,5450
appliance,fair,Whirlpool,22450
fashion,fair,Aarong,3850
books,fair,Cambridge,900
gaming,fair,Microsoft,5650
accessories,fair,Baseus,5550
phone,poor,OnePlus,22500
laptop,poor,Acer,35000
camera,poor,Canon,26950
furniture,poor,Hatil,9900
bicycle,poor,Duranta,6200
appliance,poor,Whirlpool,10500
fashion,poor,Generic,1900
books,poor,Cambridge,400
gaming,poor,Microsoft,19950
accessories,poor,Samsung,2750
phone,new,Samsung,121750
laptop,new,Dell,116850
camera,new,Nikon,111450
furniture,new,IKEA,20000
bicycle,new,Duranta,17000
appliance,new,Singer,77100
fashion,new,Generic,8850
books,new,Nilkhet,4900
gaming,new,Sony,73400
accessories,new,Anker,23400
phone,excellent,Samsung,85000
laptop,excellent,Acer,80800
camera,excellent,Sony,20050
furniture,excellent,Hatil,34100
bicycle,excellent,Trek,49750
appliance,excellent,Walton,63500
fashion,excellent,Yellow,16150
books,excellent,Nilkhet,1650
gaming,excellent,Microsoft,39950
accessories,excellent,Apple,7850
phone,good,OnePlus,23900
laptop,good,Acer,53900
camera,good,Canon,29400
furniture,good,IKEA,27550
bicycle,good,Giant,45050
appliance,good,Whirlpool,41650
fashion,good,Generic,4650
books,good,Pearson,3600
gaming,good,Sony,32750
accessories,good,Apple,3700
phone,fair,Apple,19250
laptop,fair,Dell,12200
camera,fair,Sony,11050
furniture,fair,Hatil,3300
bicycle,fair,Duranta,20100
appliance,fair,Samsung,4500
fashion,fair,Generic,700
books,fair,OReilly,100
gaming,fair,Microsoft,37250
accessories,fair,Baseus,9000
phone,poor,Apple,21100
laptop,poor,Lenovo,37850
camera,poor,Panasonic,31050
furniture,poor,Otobi,7050
bicycle,poor,Hero,3700
appliance,poor,LG,6650
fashion,poor,Generic,1550
books,poor,Nilkhet,1000
gaming,poor,Razer,14100
accessories,poor,Anker,2450
phone,new,Realme,70050
laptop,new,Lenovo,58250
camera,new,Canon,96500
furniture,new,Local,44250
bicycle,new,Trek,50600
appliance,new,Singer,48300
fashion,new,Ecstasy,11800
books,new,OReilly,5800
gaming,new,Nintendo,81150
accessories,new,Baseus,11500
phone,excellent,Samsung,27150
laptop,excellent,Apple,70150
camera,excellent,Nikon,72050
furniture,excellent,Hatil,37650
bicycle,excellent,Trek,58300
appliance,excellent,Singer,42700
fashion,excellent,Ecstasy,13400
books,excellent,Cambridge,3550
gaming,excellent,Nintendo,11200
accessories,excellent,Apple,13850
phone,good,Realme,32550
laptop,good,HP,39400
camera,good,Nikon,30850
furniture,good,Regal,18850
bicycle,good,Trek,37900
appliance,good,Samsung,14700
fashion,good,Sailor,1200
books,good,OReilly,1750
gaming,good,Razer,27650
accessories,good,Generic,13800
phone,fair,OnePlus,27850
laptop,fair,Acer,63450
camera,fair,Nikon,38700
furniture,fair,Regal,1050
bicycle,fair,Trek,29750
appliance,fair,LG,20650
fashion,fair,Aarong,4450
books,fair,Penguin,1400
gaming,fair,Logitech,14050
accessories,fair,Generic,9150
phone,poor,Apple,7750
laptop,poor,Dell,22700
camera,poor,Canon,15650
furniture,poor,Regal,1900
bicycle,poor,Hero,8050
appliance,poor,Singer,13650
fashion,poor,Sailor,2100
books,poor,Nilkhet,1200
gaming,poor,Sony,6450
accessories,poor,Baseus,4300
phone,new,Samsung,96400
laptop,new,Apple,94200
camera,new,Nikon,98200
furniture,new,IKEA,12450
bicycle,new,Phoenix,50650
appliance,new,LG,73050
fashion,new,Yellow,8900
books,new,Cambridge,2800
gaming,new,Sony,22650
accessories,new,Generic,22850
phone,excellent,OnePlus,35700
laptop,excellent,Dell,23200
camera,excellent,Panasonic,99250
furniture,excellent,Otobi,13700
bicycle,excellent,Trek,66750
appliance,excellent,Samsung,33300
fashion,excellent,Generic,9350
books,excellent,OReilly,2150
gaming,excellent,Microsoft,16050
accessories,excellent,Anker,16400
phone,good,OnePlus,52300
laptop,good,Acer,14450
camera,good,Nikon,74000
furniture,good,Local,19800
bicycle,good,Hero,38150
appliance,good,Whirlpool,44700
fashion,good,Aarong,10250
books,good,Pearson,2300
gaming,good,Razer,31050
accessories,good,Samsung,6050
phone,fair,Realme,40450
laptop,fair,Dell,47100
camera,fair,Panasonic,38800
furniture,fair,Otobi,22950
bicycle,fair,Duranta,4250
appliance,fair,LG,6300
fashion,fair,Aarong,2950
books,fair,Nilkhet,2300
gaming,fair,Razer,37650
accessories,fair,Generic,10450
phone,poor,OnePlus,15550
laptop,poor,Acer,14500
camera,poor,Canon,22650
furniture,poor,Regal,4050
bicycle,poor,Hero,18200
appliance,poor,Walton,20500
fashion,poor,Yellow,2700
books,poor,Nilkhet,200
gaming,poor,Razer,15200
accessories,poor,Baseus,1900
phone,new,Google,65850
laptop,new,Lenovo,94800
camera,new,Sony,96950
furniture,new,Regal,13500
bicycle,new,Duranta,40850
appliance,new,Singer,49450
fashion,new,Aarong,7200
books,new,Cambridge,1350
gaming,new,Nintendo,81350
accessories,new,Samsung,13150
phone,excellent,Apple,87400
laptop,excellent,Acer,72250
camera,excellent,Canon,81400
furniture,excellent,Local,18600
bicycle,excellent,Duranta,21700
appliance,excellent,Samsung,55450
fashion,excellent,Yellow,550
books,excellent,Penguin,4350
gaming,excellent,Nintendo,24850
accessories,excellent,Generic,6950
phone,good,Xiaomi,15250
laptop,good,Asus,48950
camera,good,Sony,24150
furniture,good,Regal,20400
bicycle,good,Duranta,47050
appliance,good,Whirlpool,13500
fashion,good,Aarong,4650
books,good,OReilly,1700
gaming,good,Sony,6200
accessories,good,Samsung,11700
phone,fair,Google,36450
laptop,fair,Dell,32550
camera,fair,Nikon,51150
furniture,fair,Regal,14950
bicycle,fair,Giant,32000
appliance,fair,Whirlpool,39750
fashion,fair,Sailor,3200
books,fair,Nilkhet,2650
gaming,fair,Logitech,19750
accessories,fair,Generic,3750
phone,poor,OnePlus,13450
laptop,poor,Apple,8950
camera,poor,Panasonic,17850
furniture,poor,Local,9600
bicycle,poor,Duranta,11000
appliance,poor,Singer,19350
fashion,poor,Sailor,300
books,poor,Cambridge,850
gaming,poor,Sony,9650
accessories,poor,Anker,4900
phone,new,OnePlus,23450
laptop,new,Lenovo,149350
camera,new,Sony,30750
furniture,new,Otobi,42650
bicycle,new,Duranta,60800
appliance,new,LG,13850
fashion,new,Aarong,2850
books,new,OReilly,5050
gaming,new,Microsoft,88700
accessories,new,Anker,15050
phone,excellent,Xiaomi,39750
laptop,excellent,Acer,98250
camera,excellent,Panasonic,77300
furniture,excellent,Local,8450
bicycle,excellent,Hero,72850
appliance,excellent,Whirlpool,21200
fashion,excellent,Generic,12550
books,excellent,Cambridge,450
gaming,excellent,Logitech,24300
accessories,excellent,Samsung,3000
phone,good,Apple,37100
laptop,good,Dell,69350
camera,good,Fujifilm,93400
furniture,good,Hatil,14300
bicycle,good,Hero,9150
appliance,good,Walton,9050
fashion,good,Yellow,12000
books,good,Pearson,1800
gaming,good,Sony,53100
accessories,good,Anker,2100
phone,fair,OnePlus,30800
laptop,fair,Dell,44600
camera,fair,Nikon,8500
furniture,fair,IKEA,5600
bicycle,fair,Hero,20800
appliance,fair,Whirlpool,12700
fashion,fair,Sailor,1450
books,fair,Nilkhet,1050
gaming,fair,Microsoft,25500
accessories,fair,Baseus,8150
phone,poor,Xiaomi,19450
laptop,poor,Asus,12600
camera,poor,Sony,23950
furniture,poor,Hatil,1800
bicycle,poor,Hero,17850
appliance,poor,Samsung,15500
fashion,poor,Aarong,3750
books,poor,OReilly,500
gaming,poor,Razer,9700
accessories,poor,Samsung,2150
phone,new,Apple,38050
laptop,new,Asus,53600
camera,new,Canon,18050
furniture,new,IKEA,10500
bicycle,new,Duranta,27600
appliance,new,Singer,10700
fashion,new,Ecstasy,7550
books,new,OReilly,750
gaming,new,Logitech,26250
accessories,new,Samsung,4650
phone,excellent,Apple,17300
laptop,excellent,Dell,110050
camera,excellent,Canon,31950
furniture,excellent,Otobi,8200
bicycle,excellent,Duranta,68350
appliance,excellent,Singer,5700
fashion,excellent,Sailor,5400
books,excellent,Penguin,250
gaming,excellent,Microsoft,2850
accessories,excellent,Samsung,7300
phone,good,Xiaomi,30950
laptop,good,Lenovo,49450
camera,good,Panasonic,81300
furniture,good,IKEA,14750
bicycle,good,Trek,34350
appliance,good,Singer,3200
fashion,good,Aarong,6350
books,good,OReilly,1400
gaming,good,Microsoft,6800
accessories,good,Generic,9200
phone,fair,OnePlus,19650
laptop,fair,Acer,52500
camera,fair,Panasonic,12550
furniture,fair,IKEA,4250
bicycle,fair,Phoenix,3150
appliance,fair,LG,14200
fashion,fair,Aarong,2750
books,fair,Cambridge,800
gaming,fair,Microsoft,40300
accessories,fair,Generic,3450
phone,poor,Xiaomi,10900
laptop,poor,HP,12650
camera,poor,Panasonic,11100
furniture,poor,Otobi,4850
bicycle,poor,Duranta,14300
appliance,poor,Singer,13700
fashion,poor,Sailor,1500
books,poor,Cambridge,950
gaming,poor,Logitech,18250
accessories,poor,Anker,2300
phone,new,OnePlus,18100
laptop,new,HP,33100
camera,new,Sony,107200
furniture,new,Hatil,20600
bicycle,new,Trek,20000
appliance,new,Whirlpool,31750
fashion,new,Sailor,1150
books,new,Cambridge,1300
gaming,new,Nintendo,41700
accessories,new,Apple,12550
phone,excellent,Apple,15400
laptop,excellent,Dell,87050
camera,excellent,Nikon,80200
furniture,excellent,Hatil,15350
bicycle,excellent,Phoenix,67100
appliance,excellent,Whirlpool,63700
fashion,excellent,Yellow,800
books,excellent,Cambridge,150
gaming,excellent,Razer,10750
accessories,excellent,Apple,12750
phone,good,Realme,76400
laptop,good,HP,34600
camera,good,Fujifilm,33050
furniture,good,IKEA,4950
bicycle,good,Hero,30500
appliance,good,Samsung,8750
fashion,good,Generic,10900
books,good,Pearson,1700
gaming,good,Sony,46900
accessories,good,Samsung,9050
phone,fair,Apple,46850
laptop,fair,Asus,54400
camera,fair,Nikon,37700
furniture,fair,Local,9900
bicycle,fair,Hero,17250
appliance,fair,Walton,10850
fashion,fair,Generic,6950
books,fair,Pearson,150
gaming,fair,Razer,24650
accessories,fair,Anker,2850
phone,poor,Xiaomi,24650
laptop,poor,Dell,13200
camera,poor,Nikon,14000
furniture,poor,IKEA,10100
bicycle,poor,Duranta,7200
appliance,poor,LG,19800
fashion,poor,Aarong,3650
books,poor,Penguin,1400
gaming,poor,Nintendo,1450
accessories,poor,Baseus,2850
phone,new,Google,28900
laptop,new,Apple,109850
camera,new,Sony,32050
furniture,new,Local,38650
bicycle,new,Hero,50750
appliance,new,LG,17350
fashion,new,Ecstasy,10500
books,new,Nilkhet,550
gaming,new,Razer,62750
accessories,new,Apple,21150
phone,excellent,Apple,47550
laptop,excellent,HP,32300
camera,excellent,Sony,86050
furniture,excellent,Regal,2050
bicycle,excellent,Giant,70600
appliance,excellent,Whirlpool,19450
fashion,excellent,Sailor,11000
books,excellent,Cambridge,1700
gaming,excellent,Logitech,17000
accessories,excellent,Baseus,10400
phone,good,Apple,64250
laptop,good,Dell,48950
camera,good,Canon,77800
furniture,good,Local,30250
bicycle,good,Giant,6650
appliance,good,Samsung,5900
fashion,good,Yellow,2650
books,good,Nilkhet,3550
gaming,good,Sony,15600
accessories,good,Apple,1650
phone,fair,OnePlus,46600
laptop,fair,Acer,26200
camera,fair,Nikon,11300
furniture,fair,Hatil,8100
bicycle,fair,Giant,14550
appliance,fair,Singer,13500
fashion,fair,Ecstasy,8200
books,fair,OReilly,2650
gaming,fair,Sony,30100
accessories,fair,Generic,5200
phone,poor,OnePlus,22900
laptop,poor,Dell,16400
camera,poor,Nikon,13350
furniture,poor,IKEA,6850
bicycle,poor,Giant,9150
appliance,poor,Walton,8950
fashion,poor,Aarong,4000
books,poor,Nilkhet,150
gaming,poor,Microsoft,16650
accessories,poor,Baseus,1100
phone,new,Realme,41350
laptop,new,HP,78750
camera,new,Sony,122300
furniture,new,Regal,27800
bicycle,new,Phoenix,50700
appliance,new,LG,14550
fashion,new,Sailor,6600
books,new,Pearson,700
gaming,new,Razer,13350
accessories,new,Anker,7050
phone,excellent,Google,85650
laptop,excellent,Dell,40200
camera,excellent,Fujifilm,75550
furniture,excellent,Local,19050
bicycle,excellent,Duranta,19000
appliance,excellent,Walton,53750
fashion,excellent,Yellow,9850
books,excellent,Penguin,4050
gaming,excellent,Nintendo,51900
accessories,excellent,Baseus,2900
phone,good,Samsung,65200
laptop,good,Lenovo,61550
camera,good,Canon,75700
furniture,good,Otobi,28000
bicycle,good,Giant,37000
appliance,good,Whirlpool,50800
fashion,good,Ecstasy,3850
books,good,OReilly,1850
gaming,good,Nintendo,42300
accessories,good,Anker,3800
phone,fair,Google,43400
laptop,fair,HP,16350
camera,fair,Panasonic,7400
furniture,fair,IKEA,2750
bicycle,fair,Hero,3450
appliance,fair,LG,40050
fashion,fair,Sailor,2850
books,fair,Pearson,2300
gaming,fair,Microsoft,13850
accessories,fair,Samsung,2550
phone,poor,OnePlus,11650
laptop,poor,Acer,29150
camera,poor,Sony,16150
furniture,poor,Otobi,10550
bicycle,poor,Hero,17250
appliance,poor,LG,4350
fashion,poor,Sailor,2550
books,poor,OReilly,750
gaming,poor,Nintendo,11700
accessories,poor,Anker,1600
phone,new,Realme,106800
laptop,new,Apple,172250
camera,new,Fujifilm,26400
furniture,new,Regal,34950
bicycle,new,Hero,58450
appliance,new,Whirlpool,27650
fashion,new,Yellow,5150
books,new,Nilkhet,5600
gaming,new,Logitech,31250
accessories,new,Apple,13000
phone,excellent,OnePlus,82400
laptop,excellent,Apple,47250
camera,excellent,Nikon,35650
furniture,excellent,IKEA,32350
bicycle,excellent,Phoenix,19250
appliance,excellent,Walton,57300
fashion,excellent,Aarong,7750
books,excellent,OReilly,4150
gaming,excellent,Sony,58000
accessories,excellent,Apple,15850
phone,good,Samsung,71550
laptop,good,Lenovo,24350
camera,good,Fujifilm,48700
furniture,good,Local,5950
bicycle,good,Duranta,38350
appliance,good,LG,50050
fashion,good,Yellow,5500
books,good,Cambridge,2000
gaming,good,Sony,31550
accessories,good,Samsung,250
phone,fair,Google,56800
laptop,fair,HP,32350
camera,fair,Nikon,57600
furniture,fair,Local,12750
bicycle,fair,Phoenix,9900
appliance,fair,Singer,17200
fashion,fair,Generic,1900
books,fair,Nilkhet,700
gaming,fair,Nintendo,13000
accessories,fair,Anker,9100
phone,poor,Google,15150
laptop,poor,Dell,24550
camera,poor,Panasonic,18950
furniture,poor,Hatil,9900
bicycle,poor,Trek,4550
appliance,poor,Singer,15700
fashion,poor,Ecstasy,1650
books,poor,Penguin,1000
gaming,poor,Logitech,3400
accessories,poor,Generic,2200
phone,new,Google,128600
laptop,new,Apple,61450
camera,new,Canon,134150
furniture,new,Local,11200
bicycle,new,Trek,56450
appliance,new,Whirlpool,72800
fashion,new,Aarong,15650
books,new,OReilly,650
gaming,new,Logitech,28150
accessories,new,Anker,20500
phone,excellent,Realme,87150
laptop,excellent,Acer,86900
camera,excellent,Nikon,49950
furniture,excellent,Regal,28750
bicycle,excellent,Trek,20250
appliance,excellent,LG,24650
fashion,excellent,Yellow,3450
books,excellent,Cambridge,1550
gaming,excellent,Razer,5300
accessories,excellent,Apple,6450
phone,good,OnePlus,79500
laptop,good,Lenovo,65000
camera,good,Nikon,35650
furniture,good,Local,32850
bicycle,good,Trek,20600
appliance,good,Whirlpool,10450
fashion,good,Sailor,6400
books,good,OReilly,2800
gaming,good,Logitech,34700
accessories,good,Samsung,1900
phone,fair,Google,16100
laptop,fair,Acer,34150
camera,fair,Sony,34000
furniture,fair,Regal,14750
bicycle,fair,Giant,29750
appliance,fair,Singer,24350
fashion,fair,Aarong,8450
books,fair,Pearson,2000
gaming,fair,Microsoft,16050
accessories,fair,Apple,4150
phone,poor,Xiaomi,26450
laptop,poor,Lenovo,7300
camera,poor,Canon,7900
furniture,poor,IKEA,2900
bicycle,poor,Hero,18350
appliance,poor,Whirlpool,12350
fashion,poor,Sailor,3000
books,poor,Penguin,1050
gaming,poor,Sony,12300
accessories,poor,Apple,1900
phone,new,Apple,44750
laptop,new,Dell,132100
camera,new,Nikon,119600
furniture,new,Hatil,3050
bicycle,new,Duranta,45650
appliance,new,LG,78650
fashion,new,Yellow,2250
books,new,Cambridge,2650
gaming,new,Microsoft,27100
accessories,new,Baseus,8550
phone,excellent,Google,35400
laptop,excellent,Lenovo,23200
camera,excellent,Canon,54300
furniture,excellent,Otobi,6550
bicycle,excellent,Giant,43300
appliance,excellent,Samsung,57750
fashion,excellent,Ecstasy,1800
books,excellent,Pearson,2650
gaming,excellent,Razer,12450
accessories,excellent,Anker,4850
phone,good,Apple,57850
laptop,good,Dell,88100
camera,good,Fujifilm,23200
furniture,good,Otobi,18700
bicycle,good,Phoenix,33450
appliance,good,LG,25600
fashion,good,Sailor,8400
books,good,OReilly,2050
gaming,good,Nintendo,38000
accessories,good,Baseus,1100
phone,fair,Realme,28600
laptop,fair,HP,29800
camera,fair,Panasonic,25700
furniture,fair,IKEA,600
bicycle,fair,Hero,33700
appliance,fair,Samsung,14450
fashion,fair,Yellow,3500
books,fair,Nilkhet,400
gaming,fair,Sony,36300
accessories,fair,Generic,3100
phone,poor,Google,20700
laptop,poor,HP,13400
camera,poor,Fujifilm,22350
furniture,poor,IKEA,10800
bicycle,poor,Giant,19450
appliance,poor,LG,11450
fashion,poor,Aarong,1650
books,poor,OReilly,450
gaming,poor,Logitech,16700
accessories,poor,Anker,550
phone,new,Google,124200
laptop,new,Lenovo,32900
camera,new,Fujifilm,39550
furniture,new,Hatil,31350
bicycle,new,Giant,23200
appliance,new,Whirlpool,40950
fashion,new,Sailor,14500
books,new,Pearson,1850
gaming,new,Sony,64950
accessories,new,Anker,14150
phone,excellent,Xiaomi,19550
laptop,excellent,Apple,86700
camera,excellent,Sony,60800
furniture,excellent,Hatil,30550
bicycle,excellent,Giant,59800
appliance,excellent,Singer,23850
fashion,excellent,Aarong,10100
books,excellent,Penguin,800
gaming,excellent,Sony,77700
accessories,excellent,Anker,9800
phone,good,Samsung,12500
laptop,good,Asus,97850
camera,good,Panasonic,22750
furniture,good,Regal,9100
bicycle,good,Duranta,41000
appliance,good,Samsung,52200
fashion,good,Yellow,4950
books,good,Penguin,3100
gaming,good,Microsoft,23450
accessories,good,Anker,9400
phone,fair,Realme,7550
laptop,fair,Acer,13650
camera,fair,Panasonic,19150
furniture,fair,Otobi,3650
bicycle,fair,Phoenix,27650
appliance,fair,Walton,19800
fashion,fair,Generic,1250
books,fair,Penguin,2450
gaming,fair,Microsoft,3300
accessories,fair,Baseus,9000
phone,poor,Apple,20150
laptop,poor,Apple,19500
camera,poor,Nikon,31100
furniture,poor,Hatil,5250
bicycle,poor,Duranta,10450
appliance,poor,Singer,1450
fashion,poor,Yellow,3950
books,poor,Nilkhet,850
gaming,poor,Nintendo,3600
accessories,poor,Generic,2150
phone,new,Apple,33650
laptop,new,HP,93050
camera,new,Canon,91050
furniture,new,IKEA,50400
bicycle,new,Duranta,77050
appliance,new,Samsung,40050
fashion,new,Generic,10000
books,new,Nilkhet,6650
gaming,new,Logitech,34450
accessories,new,Generic,4000
phone,excellent,Apple,94850
laptop,excellent,Asus,125400
camera,excellent,Canon,106000
furniture,excellent,Local,26000
bicycle,excellent,Hero,60850
appliance,excellent,LG,23550
fashion,excellent,Sailor,16350
books,excellent,Penguin,100
gaming,excellent,Sony,40300
accessories,excellent,Apple,2600
phone,good,Realme,19650
laptop,good,Apple,87300
camera,good,Sony,91250
furniture,good,Local,21250
bicycle,good,Trek,14400
appliance,good,Singer,26550
fashion,good,Yellow,4450
books,good,Penguin,450
gaming,good,Logitech,26950
accessories,good,Generic,4200
phone,fair,Google,40050
laptop,fair,Acer,69400
camera,fair,Canon,42450
furniture,fair,IKEA,19650
bicycle,fair,Phoenix,27400
appliance,fair,Walton,12250
fashion,fair,Generic,1350
books,fair,Nilkhet,600
gaming,fair,Sony,35450
accessories,fair,Baseus,200
phone,poor,Xiaomi,25850
laptop,poor,Acer,25250
camera,poor,Canon,14250
furniture,poor,Hatil,3900
bicycle,poor,Hero,4300
appliance,poor,Samsung,5050
fashion,poor,Generic,2800
books,poor,Nilkhet,600
gaming,poor,Sony,17300
accessories,poor,Samsung,4350
phone,new,Realme,47200
laptop,new,HP,154950
camera,new,Fujifilm,149800
furniture,new,Hatil,17850
bicycle,new,Hero,40750
appliance,new,Whirlpool,31500
fashion,new,Generic,12700
books,new,Nilkhet,900
gaming,new,Logitech,31300
accessories,new,Apple,2200
phone,excellent,Google,21850
laptop,excellent,Asus,33750
camera,excellent,Fujifilm,69000
furniture,excellent,Otobi,6150
bicycle,excellent,Giant,73050
appliance,excellent,Singer,39700
fashion,excellent,Ecstasy,1850
books,excellent,Penguin,800
gaming,excellent,Sony,13500
accessories,excellent,Anker,13250
phone,good,Realme,23100
laptop,good,Lenovo,108950
camera,good,Nikon,63650
furniture,good,IKEA,1550
bicycle,good,Trek,14800
appliance,good,Walton,41750
fashion,good,Sailor,1150
books,good,Cambridge,3600
gaming,good,Microsoft,7650
accessories,good,Samsung,9450
phone,fair,Google,48050
laptop,fair,Dell,67400
camera,fair,Sony,22450
furniture,fair,Hatil,950
bicycle,fair,Phoenix,3500
appliance,fair,Whirlpool,3950
fashion,fair,Generic,2250
books,fair,Nilkhet,1750
gaming,fair,Logitech,16950
accessories,fair,Baseus,1300
phone,poor,Apple,7550
laptop,poor,Apple,37450
camera,poor,Panasonic,8200
furniture,poor,Regal,8500
bicycle,poor,Hero,14600
appliance,poor,Singer,4500
fashion,poor,Sailor,3050
books,poor,Pearson,1550
gaming,poor,Sony,9650
accessories,poor,Generic,100
phone,new,Google,59500
laptop,new,Apple,44800
camera,new,Fujifilm,30950
furniture,new,IKEA,38450
bicycle,new,Trek,28450
appliance,new,Whirlpool,4700
fashion,new,Aarong,16600
books,new,Nilkhet,800
gaming,new,Nintendo,53350
accessories,new,Baseus,5450
phone,excellent,OnePlus,42050
laptop,excellent,Acer,24300
camera,excellent,Fujifilm,59850
furniture,excellent,Otobi,41200
bicycle,excellent,Giant,4600
appliance,excellent,Singer,32550
fashion,excellent,Generic,3950
books,excellent,Cambridge,1000
gaming,excellent,Microsoft,31300
accessories,excellent,Baseus,7500
phone,good,Samsung,51650
laptop,good,Acer,74400
camera,good,Fujifilm,20500
furniture,good,Hatil,3700
bicycle,good,Hero,41150
appliance,good,Whirlpool,6600
fashion,good,Generic,1650
books,good,Nilkhet,700
gaming,good,Razer,39450
accessories,good,Baseus,5100
phone,fair,Realme,46850
laptop,fair,HP,48850
camera,fair,Canon,10800
furniture,fair,Local,4150
bicycle,fair,Duranta,34050
appliance,fair,Whirlpool,27250
fashion,fair,Yellow,1550
books,fair,Penguin,2450
gaming,fair,Razer,20850
accessories,fair,Samsung,800
phone,poor,Samsung,22600
laptop,poor,HP,20150
camera,poor,Panasonic,25100
furniture,poor,Otobi,10550
bicycle,poor,Phoenix,11250
appliance,poor,LG,14050
fashion,poor,Ecstasy,3650
books,poor,Pearson,1250
gaming,poor,Nintendo,3850
accessories,poor,Anker,2300
phone,new,Xiaomi,21450
laptop,new,Acer,136600
camera,new,Nikon,103800
furniture,new,Regal,36800
bicycle,new,Duranta,65900
appliance,new,Samsung,97950
fashion,new,Yellow,16400
books,new,Pearson,5900
gaming,new,Microsoft,89150
accessories,new,Apple,22550
phone,excellent,Google,61400
laptop,excellent,HP,84950
camera,excellent,Canon,36550
furniture,excellent,IKEA,3200
bicycle,excellent,Giant,65850
appliance,excellent,Whirlpool,5550
fashion,excellent,Generic,900
books,excellent,Cambridge,400
gaming,excellent,Microsoft,56150
accessories,excellent,Baseus,14650
phone,good,OnePlus,40450
laptop,good,Acer,87800
camera,good,Canon,59900
furniture,good,Local,20150
bicycle,good,Phoenix,29100
appliance,good,Walton,42450
fashion,good,Sailor,10200
books,good,Pearson,1600
gaming,good,Logitech,17800
accessories,good,Samsung,12350
phone,fair,OnePlus,29950
laptop,fair,Apple,66950
camera,fair,Fujifilm,38300
furniture,fair,Regal,14300
bicycle,fair,Trek,21750
appliance,fair,LG,1600
fashion,fair,Yellow,4600
books,fair,Cambridge,2600
gaming,fair,Razer,1150
accessories,fair,Anker,7550
phone,poor,Google,22150
laptop,poor,Acer,9550
camera,poor,Fujifilm,19200
furniture,poor,Otobi,1650
bicycle,poor,Phoenix,3250
appliance,poor,Whirlpool,4550
fashion,poor,Sailor,1650
books,poor,Cambridge,1000
gaming,poor,Sony,4150
accessories,poor,Samsung,4500
phone,new,Realme,54950
laptop,new,HP,93500
camera,new,Panasonic,122400
furniture,new,Regal,43550
bicycle,new,Giant,47350
appliance,new,Samsung,71200
fashion,new,Generic,2750
books,new,Pearson,2750
gaming,new,Razer,25200
accessories,new,Apple,20550
phone,excellent,Xiaomi,58350
laptop,excellent,Apple,42050
camera,excellent,Sony,47900
furniture,excellent,Regal,27450
bicycle,excellent,Hero,30550
appliance,excellent,Walton,39100
fashion,excellent,Sailor,9250
books,excellent,Pearson,3450
gaming,excellent,Microsoft,44550
accessories,excellent,Anker,4200
phone,good,Samsung,14850
laptop,good,Acer,26800
camera,good,Sony,56450
furniture,good,IKEA,30450
bicycle,good,Phoenix,7750
appliance,good,Singer,10650
fashion,good,Aarong,3400
books,good,Penguin,4400
gaming,good,Sony,7800
accessories,good,Anker,3350
phone,fair,OnePlus,23350
laptop,fair,HP,44900
camera,fair,Canon,48900
furniture,fair,Otobi,21650
bicycle,fair,Duranta,19450
appliance,fair,Singer,31100
fashion,fair,Aarong,5850
books,fair,Pearson,600
gaming,fair,Nintendo,6000
accessories,fair,Samsung,2050
phone,poor,Google,7700
laptop,poor,Dell,20700
camera,poor,Panasonic,7450
furniture,poor,Regal,5450
bicycle,poor,Duranta,8400
appliance,poor,Samsung,23800
fashion,poor,Yellow,1600
books,poor,Cambridge,1000
gaming,poor,Razer,6400
accessories,poor,Samsung,1700
phone,new,Realme,87100
laptop,new,Asus,61600
camera,new,Nikon,92800
furniture,new,Otobi,2050
bicycle,new,Giant,50600
appliance,new,Samsung,33550
fashion,new,Aarong,11550
books,new,Penguin,3700
gaming,new,Sony,9350
accessories,new,Generic,14200
phone,excellent,Google,92100
laptop,excellent,Asus,127200
camera,excellent,Nikon,45450
furniture,excellent,Regal,33000
bicycle,excellent,Duranta,23150
appliance,excellent,Singer,10900
fashion,excellent,Yellow,2600
books,excellent,Cambridge,300
gaming,excellent,Razer,68400
accessories,excellent,Baseus,11800
phone,good,Realme,69300
laptop,good,HP,106550
camera,good,Fujifilm,41150
furniture,good,Hatil,3200
bicycle,good,Hero,26950
appliance,good,Walton,27700
fashion,good,Yellow,6550
books,good,Nilkhet,2650
gaming,good,Microsoft,32000
accessories,good,Baseus,11200
phone,fair,Google,22600
laptop,fair,HP,17850
camera,fair,Canon,62300
furniture,fair,Regal,16600
bicycle,fair,Hero,9200
appliance,fair,Singer,43450
fashion,fair,Sailor,8450
books,fair,Cambridge,1750
gaming,fair,Nintendo,37450
accessories,fair,Samsung,6050
phone,poor,Realme,15100
laptop,poor,Acer,31350
camera,poor,Panasonic,33400
furniture,poor,Local,5450
bicycle,poor,Phoenix,19850
appliance,poor,Singer,11600
fashion,poor,Ecstasy,700
books,poor,Penguin,750
gaming,poor,Sony,15850
accessories,poor,Samsung,1150
phone,new,Samsung,68000
laptop,new,HP,173850
camera,new,Nikon,133150
furniture,new,Regal,8500
bicycle,new,Duranta,48100
appliance,new,Singer,24650
fashion,new,Ecstasy,12250
books,new,OReilly,5000
gaming,new,Sony,70400
accessories,new,Anker,8300
phone,excellent,Samsung,28250
laptop,excellent,Lenovo,60950
camera,excellent,Panasonic,79900
furniture,excellent,Regal,20950
bicycle,excellent,Phoenix,71250
appliance,excellent,Samsung,28400
fashion,excellent,Generic,10650
books,excellent,OReilly,3100
gaming,excellent,Razer,70900
accessories,excellent,Samsung,5850
phone,good,Xiaomi,60300
laptop,good,Acer,88800
camera,good,Panasonic,27050
furniture,good,Local,36550
bicycle,good,Hero,40600
appliance,good,Walton,26850
fashion,good,Generic,5350
books,good,Cambridge,3600
gaming,good,Microsoft,58150
accessories,good,Samsung,9550
phone,fair,OnePlus,30700
laptop,fair,Apple,56550
camera,fair,Sony,29800
furniture,fair,Regal,16400
bicycle,fair,Hero,13900
appliance,fair,Samsung,13950
fashion,fair,Generic,6450
books,fair,OReilly,1200
gaming,fair,Razer,27850
accessories,fair,Generic,1150
phone,poor,Google,11400
laptop,poor,Dell,20300
camera,poor,Sony,31400
furniture,poor,Local,3900
bicycle,poor,Duranta,3850
appliance,poor,Samsung,18400
fashion,poor,Ecstasy,3800
books,poor,OReilly,150
gaming,poor,Microsoft,7350
accessories,poor,Anker,3950
phone,new,Xiaomi,67850
laptop,new,Asus,71950
camera,new,Sony,105200
furniture,new,Hatil,31200
bicycle,new,Phoenix,7500
appliance,new,Whirlpool,38900
fashion,new,Aarong,15650
books,new,Penguin,3700
gaming,new,Nintendo,8900
accessories,new,Generic,10050
phone,excellent,Realme,41850
laptop,excellent,Asus,131000
camera,excellent,Panasonic,66400
furniture,excellent,Otobi,8250
bicycle,excellent,Trek,24150
appliance,excellent,Singer,44400
fashion,excellent,Aarong,3000
books,excellent,OReilly,4900
gaming,excellent,Sony,58250
accessories,excellent,Samsung,3500
phone,good,Realme,20600
laptop,good,Asus,89550
camera,good,Canon,79150
furniture,good,Local,12300
bicycle,good,Giant,26900
appliance,good,LG,49750
fashion,good,Yellow,2500
books,good,OReilly,2350
gaming,good,Sony,49150
accessories,good,Baseus,2150
phone,fair,Samsung,49050
laptop,fair,Apple,44300
camera,fair,Canon,25200
furniture,fair,Regal,13500
bicycle,fair,Duranta,31300
appliance,fair,Walton,15300
fashion,fair,Yellow,6150
books,fair,Nilkhet,1200
gaming,fair,Logitech,12000
accessories,fair,Generic,1050
phone,poor,Realme,20300
laptop,poor,Lenovo,21350
camera,poor,Canon,7750
furniture,poor,Otobi,2450
bicycle,poor,Giant,18600
appliance,poor,Whirlpool,11550
fashion,poor,Aarong,2650
books,poor,Pearson,350
gaming,poor,Logitech,950
accessories,poor,Apple,200
phone,new,Apple,105650
laptop,new,Dell,52500
camera,new,Panasonic,69800
furniture,new,IKEA,17050
bicycle,new,Hero,9750
appliance,new,Samsung,22800
fashion,new,Ecstasy,15750
books,new,Cambridge,4350
gaming,new,Logitech,80950
accessories,new,Generic,6300
phone,excellent,Realme,20050
laptop,excellent,Lenovo,80850
camera,excellent,Fujifilm,78400
furniture,excellent,Otobi,30750
bicycle,excellent,Phoenix,18600
appliance,excellent,Whirlpool,54700
fashion,excellent,Ecstasy,4450
books,excellent,Pearson,900
gaming,excellent,Sony,20550
accessories,excellent,Samsung,12150
phone,good,OnePlus,58550
laptop,good,Asus,48600
camera,good,Panasonic,55250
furniture,good,Regal,18450
bicycle,good,Trek,27400
appliance,good,LG,51800
fashion,good,Aarong,2950
books,good,Nilkhet,750
gaming,good,Logitech,21500
accessories,good,Apple,13250
phone,fair,Google,19300
laptop,fair,Dell,30850
camera,fair,Nikon,22550
furniture,fair,Otobi,750
bicycle,fair,Phoenix,24150
appliance,fair,Samsung,10400
fashion,fair,Aarong,6900
books,fair,Cambridge,1400
gaming,fair,Razer,36100
accessories,fair,Generic,8600
phone,poor,OnePlus,10800
laptop,poor,Dell,34750
camera,poor,Fujifilm,24100
furniture,poor,Regal,12100
bicycle,poor,Hero,4100
appliance,poor,Singer,1400
fashion,poor,Ecstasy,400
books,poor,Penguin,1150
gaming,poor,Razer,9550
accessories,poor,Apple,3050
phone,new,Apple,32900
laptop,new,Lenovo,75400
camera,new,Panasonic,121200
furniture,new,IKEA,41350
bicycle,new,Hero,62000
appliance,new,Whirlpool,67300
fashion,new,Sailor,18200
books,new,Pearson,3400
gaming,new,Nintendo,27550
accessories,new,Anker,7900
phone,excellent,Samsung,101400
laptop,excellent,Dell,94300
camera,excellent,Panasonic,59150
furniture,excellent,IKEA,42900
bicycle,excellent,Phoenix,51650
appliance,excellent,Samsung,61350
fashion,excellent,Sailor,7000
books,excellent,Penguin,4750
gaming,excellent,Sony,10750
accessories,excellent,Anker,16450
phone,good,Xiaomi,18500
laptop,good,Lenovo,22400
camera,good,Panasonic,22500
furniture,good,Otobi,32350
bicycle,good,Giant,46500
appliance,good,Whirlpool,11850
fashion,good,Ecstasy,4400
books,good,Pearson,2350
gaming,good,Microsoft,48750
accessories,good,Samsung,8500
phone,fair,Samsung,15950
laptop,fair,Apple,18150
camera,fair,Fujifilm,31650
furniture,fair,Local,25750
bicycle,fair,Giant,11600
appliance,fair,Singer,29950
fashion,fair,Ecstasy,2300
books,fair,Cambridge,2250
gaming,fair,Sony,36800
accessories,fair,Generic,8150
phone,poor,Apple,26600
laptop,poor,Asus,25150
camera,poor,Panasonic,10700
furniture,poor,Hatil,2400
bicycle,poor,Duranta,16400
appliance,poor,LG,3250
fashion,poor,Sailor,2550
books,poor,Penguin,950
gaming,poor,Microsoft,14950
accessories,poor,Baseus,3050
phone,new,OnePlus,72750
laptop,new,Apple,52150
camera,new,Panasonic,119550
furniture,new,Regal,2800
bicycle,new,Hero,41600
appliance,new,Samsung,29250
fashion,new,Aarong,2300
books,new,OReilly,1500
gaming,new,Nintendo,27300
accessories,new,Samsung,16950
phone,excellent,Samsung,13550
laptop,excellent,HP,111750
camera,excellent,Panasonic,59900
furniture,excellent,Hatil,36800
bicycle,excellent,Phoenix,20950
appliance,excellent,LG,41500
fashion,excellent,Sailor,1800
books,excellent,Penguin,1450
gaming,excellent,Sony,58450
accessories,excellent,Generic,15300
phone,good,Xiaomi,45900
laptop,good,Dell,43500
camera,good,Canon,60400
furniture,good,IKEA,31950
bicycle,good,Hero,57050
appliance,good,Whirlpool,43900
fashion,good,Generic,9950
books,good,Cambridge,4350
gaming,good,Logitech,47350
accessories,good,Generic,7600
phone,fair,Google,39650
laptop,fair,Asus,69800
camera,fair,Panasonic,9100
furniture,fair,Hatil,18600
bicycle,fair,Trek,29000
appliance,fair,Walton,7300
fashion,fair,Sailor,5300
books,fair,Nilkhet,1150
gaming,fair,Logitech,25850
accessories,fair,Baseus,1450
phone,poor,Samsung,20300
laptop,poor,Asus,17700
camera,poor,Panasonic,21750
furniture,poor,Regal,5150
bicycle,poor,Phoenix,10350
appliance,poor,Singer,18250
fashion,poor,Aarong,1700
books,poor,Nilkhet,950
gaming,poor,Nintendo,12000
accessories,poor,Samsung,2700
phone,new,OnePlus,53900
laptop,new,Acer,83600
camera,new,Canon,63550
furniture,new,Otobi,27150
bicycle,new,Trek,32600
appliance,new,Walton,39850
fashion,new,Generic,9000
books,new,OReilly,150
gaming,new,Microsoft,4750
accessories,new,Samsung,14000
phone,excellent,Realme,80700
laptop,excellent,Apple,123450
camera,excellent,Sony,68550
furniture,excellent,Local,36600
bicycle,excellent,Hero,53550
appliance,excellent,Whirlpool,23300
fashion,excellent,Aarong,12500
books,excellent,OReilly,5550
gaming,excellent,Razer,11350
accessories,excellent,Baseus,12650
phone,good,Xiaomi,23250
laptop,good,Asus,31550
camera,good,Sony,10950
furniture,good,Local,8450
bicycle,good,Phoenix,13900
appliance,good,Singer,21600
fashion,good,Ecstasy,5850
books,good,OReilly,200
gaming,good,Microsoft,8100
accessories,good,Baseus,4950
phone,fair,OnePlus,17950
laptop,fair,Lenovo,19100
camera,fair,Panasonic,37250
furniture,fair,Local,21750
bicycle,fair,Phoenix,31850
appliance,fair,LG,30900
fashion,fair,Aarong,2350
books,fair,Penguin,800
gaming,fair,Razer,23050
accessories,fair,Apple,9600
phone,poor,OnePlus,12450
laptop,poor,Acer,32300
camera,poor,Panasonic,11700
furniture,poor,IKEA,3900
bicycle,poor,Duranta,13850
appliance,poor,Whirlpool,11750
fashion,poor,Aarong,2050
books,poor,Penguin,950
gaming,poor,Microsoft,17800
accessories,poor,Samsung,4400
phone,new,OnePlus,41200
laptop,new,HP,42700
camera,new,Fujifilm,54800
furniture,new,Otobi,25700
bicycle,new,Duranta,76650
appliance,new,Walton,39300
fashion,new,Ecstasy,8300
books,new,Nilkhet,2000
gaming,new,Sony,28600
accessories,new,Apple,1750
phone,excellent,Samsung,96050
laptop,excellent,Dell,130200
camera,excellent,Panasonic,69050
furniture,excellent,Regal,24550
bicycle,excellent,Duranta,53400
appliance,excellent,Walton,29900
fashion,excellent,Ecstasy,9250
books,excellent,Nilkhet,2250
gaming,excellent,Logitech,6600
accessories,excellent,Baseus,17950
phone,good,Samsung,45350
laptop,good,Acer,16600
camera,good,Canon,94900
furniture,good,Regal,26100
bicycle,good,Giant,6100
appliance,good,Walton,63500
fashion,good,Aarong,400
books,good,Nilkhet,3100
gaming,good,Razer,3400
accessories,good,Baseus,4900
phone,fair,OnePlus,26200
laptop,fair,Apple,20600
camera,fair,Panasonic,53850
furniture,fair,Hatil,15300
bicycle,fair,Hero,9450
appliance,fair,Whirlpool,9400
fashion,fair,Ecstasy,4450
books,fair,Pearson,800
gaming,fair,Sony,13300
accessories,fair,Anker,6800
phone,poor,OnePlus,29750
laptop,poor,Asus,34900
camera,poor,Sony,14000
furniture,poor,Hatil,7550
bicycle,poor,Giant,17250
appliance,poor,Samsung,3900
fashion,poor,Yellow,3950
books,poor,Cambridge,700
gaming,poor,Sony,13150
accessories,poor,Baseus,2550
phone,new,Google,54300
laptop,new,HP,121400
camera,new,Panasonic,51800
furniture,new,Local,25900
bicycle,new,Giant,8400
appliance,new,Walton,30150
fashion,new,Yellow,12850
books,new,Pearson,4150
gaming,new,Razer,28700
accessories,new,Apple,23300
phone,excellent,Xiaomi,98150
laptop,excellent,Acer,32950
camera,excellent,Nikon,12750
furniture,excellent,Hatil,42750
bicycle,excellent,Hero,9450
appliance,excellent,Whirlpool,48600
fashion,excellent,Aarong,3800
books,excellent,OReilly,1250
gaming,excellent,Razer,47350
accessories,excellent,Apple,3100
phone,good,Google,13650
laptop,good,Asus,25550
camera,good,Sony,73250
furniture,good,Regal,15050
bicycle,good,Giant,41400
appliance,good,Singer,5800
fashion,good,Yellow,1100
books,good,Penguin,100
gaming,good,Nintendo,60750
accessories,good,Generic,7150
phone,fair,Xiaomi,13150
laptop,fair,Asus,72750
camera,fair,Nikon,54050
furniture,fair,Otobi,14500
bicycle,fair,Duranta,34400
appliance,fair,Whirlpool,3850
fashion,fair,Sailor,1500
books,fair,Penguin,2500
gaming,fair,Logitech,3100
accessories,fair,Generic,2850
phone,poor,Xiaomi,6800
laptop,poor,Asus,9450
camera,poor,Canon,17900
furniture,poor,Local,11000
bicycle,poor,Trek,18450
appliance,poor,Singer,6800
fashion,poor,Yellow,2750
books,poor,OReilly,1250
gaming,poor,Razer,18500
accessories,poor,Apple,2950
phone,new,Samsung,100150
laptop,new,Acer,43800
camera,new,Fujifilm,138750
furniture,new,IKEA,42050
bicycle,new,Trek,41550
appliance,new,LG,24000
fashion,new,Aarong,12900
books,new,Cambridge,4900
gaming,new,Sony,55100
accessories,new,Apple,13100
phone,excellent,OnePlus,43050
laptop,excellent,Dell,79100
camera,excellent,Fujifilm,98800
furniture,excellent,Local,17750
bicycle,excellent,Hero,62550
appliance,excellent,Walton,35050
fashion,excellent,Aarong,15450
books,excellent,Nilkhet,3400
gaming,excellent,Microsoft,34700
accessories,excellent,Generic,10550
phone,good,Samsung,11650
laptop,good,Apple,49650
camera,good,Fujifilm,80000
furniture,good,Otobi,19250
bicycle,good,Duranta,25550
appliance,good,LG,51850
fashion,good,Ecstasy,6150
books,good,Cambridge,1600
gaming,good,Sony,45800
accessories,good,Baseus,3900
phone,fair,Samsung,27500
laptop,fair,Dell,42050
camera,fair,Panasonic,50400
furniture,fair,Otobi,12250
bicycle,fair,Giant,4100
appliance,fair,Samsung,38700
fashion,fair,Ecstasy,2000
books,fair,Penguin,950
gaming,fair,Nintendo,41300
accessories,fair,Apple,8950
phone,poor,Xiaomi,21250
laptop,poor,HP,10600
camera,poor,Sony,25750
furniture,poor,IKEA,4750
bicycle,poor,Phoenix,10550
appliance,poor,Whirlpool,20450
fashion,poor,Ecstasy,3050
books,poor,Pearson,1450
gaming,poor,Logitech,13400
accessories,poor,Samsung,2850
phone,new,Samsung,37150
laptop,new,Dell,163150
camera,new,Nikon,49550
furniture,new,Otobi,33500
bicycle,new,Phoenix,19550
appliance,new,LG,7300
fashion,new,Yellow,6300
books,new,Cambridge,3700
gaming,new,Nintendo,38650
accessories,new,Apple,7650
phone,excellent,OnePlus,47700
laptop,excellent,HP,56750
camera,excellent,Fujifilm,12500
furniture,excellent,Regal,41200
bicycle,excellent,Trek,58900
appliance,excellent,Whirlpool,26000
fashion,excellent,Yellow,11900
books,excellent,OReilly,1800
gaming,excellent,Microsoft,65950
accessories,excellent,Anker,4500
phone,good,Xiaomi,71250
laptop,good,HP,84250
camera,good,Canon,72650
furniture,good,Local,21250
bicycle,good,Duranta,7050
appliance,good,Walton,26650
fashion,good,Aarong,3650
books,good,Pearson,3250
gaming,good,Sony,46900
accessories,good,Baseus,4100
phone,fair,Apple,13250
laptop,fair,Acer,17100
camera,fair,Panasonic,43650
furniture,fair,IKEA,11600
bicycle,fair,Giant,27500
appliance,fair,Samsung,1750
fashion,fair,Generic,5700
books,fair,Cambridge,600
gaming,fair,Nintendo,28000
accessories,fair,Anker,8950
phone,poor,Samsung,16350
laptop,poor,Apple,35400
camera,poor,Canon,11850
furniture,poor,Hatil,1750
bicycle,poor,Trek,18500
appliance,poor,LG,4650
fashion,poor,Sailor,1900
books,poor,Pearson,1350
gaming,poor,Sony,17300
accessories,poor,Anker,900
phone,new,Google,27650
laptop,new,Apple,37350
camera,new,Canon,16850
furniture,new,IKEA,39350
bicycle,new,Trek,86650
appliance,new,Whirlpool,45300
fashion,new,Generic,14850
books,new,Nilkhet,6700
gaming,new,Nintendo,19300
accessories,new,Samsung,21450
phone,excellent,Samsung,92800
laptop,excellent,Asus,72900
camera,excellent,Panasonic,81600
furniture,excellent,Hatil,12050
bicycle,excellent,Trek,57400
appliance,excellent,Whirlpool,61950
fashion,excellent,Aarong,12200
books,excellent,Nilkhet,1450
gaming,excellent,Razer,35350
accessories,excellent,Apple,16900
phone,good,Apple,19250
laptop,good,Lenovo,43150
camera,good,Fujifilm,57600
furniture,good,Otobi,19450
bicycle,good,Duranta,23650
appliance,good,Singer,17850
fashion,good,Aarong,7050
books,good,Nilkhet,2200
gaming,good,Microsoft,44850
accessories,good,Apple,6150
phone,fair,Google,49300
laptop,fair,HP,38100
camera,fair,Panasonic,25600
furniture,fair,IKEA,10500
bicycle,fair,Hero,19000
appliance,fair,Walton,34200
fashion,fair,Ecstasy,1000
books,fair,Nilkhet,2100
gaming,fair,Microsoft,39700
accessories,fair,Apple,4700
phone,poor,Google,12950
laptop,poor,Dell,28900
camera,poor,Panasonic,8200
furniture,poor,Local,9850
bicycle,poor,Trek,8700
appliance,poor,Whirlpool,19400
fashion,poor,Generic,2650
books,poor,Penguin,250
gaming,poor,Sony,1750
accessories,poor,Generic,4100
phone,new,OnePlus,50800
laptop,new,Acer,92000
camera,new,Fujifilm,75200
furniture,new,Local,21850
bicycle,new,Hero,13600
appliance,new,LG,14100
fashion,new,Sailor,8850
books,new,Pearson,4500
gaming,new,Microsoft,23250
accessories,new,Anker,4700
phone,excellent,Samsung,93550
laptop,excellent,Lenovo,114050
camera,excellent,Nikon,16000
furniture,excellent,Local,33850
bicycle,excellent,Trek,17100
appliance,excellent,Singer,23850
fashion,excellent,Ecstasy,13750
books,excellent,Pearson,3250
gaming,excellent,Nintendo,6500
accessories,excellent,Samsung,18500
phone,good,Realme,18500
laptop,good,Acer,79250
camera,good,Canon,57250
furniture,good,Otobi,33450
bicycle,good,Phoenix,17400
appliance,good,Samsung,42350
fashion,good,Yellow,8300
books,good,Pearson,2800
gaming,good,Razer,34150
accessories,good,Baseus,9000
phone,fair,Samsung,17250
laptop,fair,Dell,46350
camera,fair,Nikon,54150
furniture,fair,Hatil,15050
bicycle,fair,Trek,8750
appliance,fair,LG,28100
fashion,fair,Aarong,4450
books,fair,OReilly,2900
gaming,fair,Razer,23450
accessories,fair,Baseus,950
phone,poor,OnePlus,11650
laptop,poor,Apple,22400
camera,poor,Fujifilm,21400
furniture,poor,Hatil,11750
bicycle,poor,Hero,8300
appliance,poor,Walton,2900
fashion,poor,Yellow,4200
books,poor,Pearson,400
gaming,poor,Razer,18650
accessories,poor,Baseus,850
phone,new,Samsung,76500
laptop,new,Asus,58350
camera,new,Panasonic,86750
furniture,new,Otobi,58000
bicycle,new,Trek,40050
appliance,new,Singer,84050
fashion,new,Aarong,19100
books,new,OReilly,4950
gaming,new,Sony,66500
accessories,new,Baseus,8300
phone,excellent,Samsung,62200
laptop,excellent,Asus,94200
camera,excellent,Nikon,40800
furniture,excellent,IKEA,7000
bicycle,excellent,Duranta,40700
appliance,excellent,Samsung,65600
fashion,excellent,Aarong,7000
books,excellent,Cambridge,2150
gaming,excellent,Logitech,35450
accessories,excellent,Anker,4450
phone,good,Xiaomi,58200
laptop,good,Apple,74350
camera,good,Fujifilm,26550
furniture,good,Regal,27100
bicycle,good,Phoenix,17450
appliance,good,LG,15950
fashion,good,Yellow,11600
books,good,Cambridge,2600
gaming,good,Microsoft,10750
accessories,good,Anker,1050
phone,fair,Apple,40450
laptop,fair,HP,32950
camera,fair,Nikon,11900
furniture,fair,IKEA,22000
bicycle,fair,Phoenix,20400
appliance,fair,Whirlpool,1250
fashion,fair,Yellow,2750
books,fair,Penguin,150
gaming,fair,Nintendo,1750
accessories,fair,Samsung,950
phone,poor,Apple,18050
laptop,poor,Dell,35000
camera,poor,Sony,16050
furniture,poor,Hatil,3750
bicycle,poor,Duranta,3900
appliance,poor,LG,11950
fashion,poor,Ecstasy,2200
books,poor,OReilly,100
gaming,poor,Razer,19150
accessories,poor,Anker,1200
phone,new,Realme,76350
laptop,new,Asus,68000
camera,new,Nikon,57750
furniture,new,IKEA,4350
bicycle,new,Trek,30850
appliance,new,Singer,65200
fashion,new,Generic,12350
books,new,OReilly,4200
gaming,new,Microsoft,60600
accessories,new,Anker,19400
phone,excellent,Apple,89550
laptop,excellent,Apple,27500
camera,excellent,Nikon,61900
furniture,excellent,Local,23250
bicycle,excellent,Trek,24300
appliance,excellent,Walton,72300
fashion,excellent,Sailor,9450
books,excellent,Cambridge,2500
gaming,excellent,Nintendo,5500
accessories,excellent,Baseus,5300
phone,good,Apple,16050
laptop,good,Apple,74100
camera,good,Panasonic,27250
furniture,good,Regal,2350
bicycle,good,Trek,39850
appliance,good,Samsung,6050
fashion,good,Ecstasy,650
books,good,Pearson,250
gaming,good,Razer,3000
accessories,good,Samsung,9000
phone,fair,Realme,23700
laptop,fair,Acer,75300
camera,fair,Fujifilm,33850
furniture,fair,Local,17650
bicycle,fair,Trek,28100
appliance,fair,Whirlpool,23600
fashion,fair,Ecstasy,1400
books,fair,Penguin,150
gaming,fair,Logitech,12650
accessories,fair,Baseus,550
phone,poor,Realme,29950
laptop,poor,Acer,40550
camera,poor,Panasonic,14400
furniture,poor,Otobi,6800
bicycle,poor,Phoenix,3850
appliance,poor,LG,2650
fashion,poor,Generic,1650
books,poor,Nilkhet,750
gaming,poor,Nintendo,18450
accessories,poor,Baseus,3700
phone,new,Xiaomi,101050
laptop,new,Dell,156250
camera,new,Nikon,97400
furniture,new,Regal,17650
bicycle,new,Giant,6400
appliance,new,Walton,8850
fashion,new,Generic,16200
books,new,Pearson,2350
gaming,new,Logitech,25950
accessories,new,Apple,1000
phone,excellent,OnePlus,35950
laptop,excellent,Acer,100200
camera,excellent,Canon,22750
furniture,excellent,Regal,12850
bicycle,excellent,Phoenix,4150
appliance,excellent,Samsung,77750
fashion,excellent,Yellow,11450
books,excellent,Nilkhet,4750
gaming,excellent,Logitech,26600
accessories,excellent,Baseus,12900
phone,good,OnePlus,11650
laptop,good,Apple,37300
camera,good,Sony,37900
furniture,good,Hatil,33050
bicycle,good,Trek,24900
appliance,good,Singer,38600
fashion,good,Sailor,9150
books,good,Nilkhet,2550
gaming,good,Nintendo,59400
accessories,good,Anker,9550
phone,fair,Xiaomi,51300
laptop,fair,Dell,21550
camera,fair,Fujifilm,38600
furniture,fair,Local,12850
bicycle,fair,Hero,21450
appliance,fair,Walton,5050
fashion,fair,Ecstasy,2100
books,fair,OReilly,2950
gaming,fair,Logitech,12400
accessories,fair,Anker,500
phone,poor,Apple,9850
laptop,poor,Dell,34600
camera,poor,Sony,26900
furniture,poor,Regal,10900
bicycle,poor,Trek,17550
appliance,poor,Samsung,7150
fashion,poor,Generic,1100
books,poor,Nilkhet,100
gaming,poor,Razer,4500
accessories,poor,Generic,2850
phone,new,Realme,42550
laptop,new,Asus,141400
camera,new,Fujifilm,79400
furniture,new,Otobi,14400
bicycle,new,Phoenix,50950
appliance,new,Walton,10750
fashion,new,Aarong,15100
books,new,Cambridge,4600
gaming,new,Logitech,35200
accessories,new,Generic,22600
phone,excellent,Apple,78750
laptop,excellent,Dell,33350
camera,excellent,Fujifilm,38250
furniture,excellent,Regal,18900
bicycle,excellent,Trek,22450
appliance,excellent,Whirlpool,51100
fashion,excellent,Sailor,11050
books,excellent,Nilkhet,3300
gaming,excellent,Logitech,80550
accessories,excellent,Generic,6550
phone,good,Xiaomi,71100
laptop,good,Lenovo,55050
camera,good,Sony,36350
furniture,good,Otobi,31300
bicycle,good,Duranta,28650
appliance,good,LG,37350
fashion,good,Generic,5800
books,good,Cambridge,3600
gaming,good,Logitech,32300
accessories,good,Anker,11850
phone,fair,Apple,10450
laptop,fair,HP,41950
camera,fair,Canon,15950
furniture,fair,Otobi,15200
bicycle,fair,Duranta,9500
appliance,fair,Samsung,24400
fashion,fair,Sailor,1550
books,fair,Pearson,3050
gaming,fair,Razer,12250
accessories,fair,Anker,8650
phone,poor,Xiaomi,5000
laptop,poor,Dell,34100
camera,poor,Panasonic,24350
furniture,poor,Local,7150
bicycle,poor,Giant,3850
appliance,poor,Singer,19350
fashion,poor,Ecstasy,4500
books,poor,Pearson,650
gaming,poor,Logitech,1750
accessories,poor,Baseus,250
phone,new,Xiaomi,77650
laptop,new,Lenovo,127550
camera,new,Nikon,45750
furniture,new,Otobi,51000
bicycle,new,Giant,17500
appliance,new,Singer,44950
fashion,new,Ecstasy,1800
books,new,Pearson,1800
gaming,new,Razer,28400
accessories,new,Anker,20050
phone,excellent,Apple,85550
laptop,excellent,Lenovo,125400
camera,excellent,Sony,83700
furniture,excellent,Otobi,7000
bicycle,excellent,Phoenix,77250
appliance,excellent,Singer,59650
fashion,excellent,Ecstasy,11650
books,excellent,Penguin,3400
gaming,excellent,Nintendo,26100
accessories,excellent,Anker,1200
phone,good,Apple,18450
laptop,good,Lenovo,36450
camera,good,Nikon,55950
furniture,good,IKEA,6850
bicycle,good,Trek,22800
appliance,good,Samsung,57300
fashion,good,Ecstasy,10400
books,good,Cambridge,1250
gaming,good,Nintendo,32500
accessories,good,Baseus,11950
phone,fair,Samsung,20450
laptop,fair,Apple,17700
camera,fair,Canon,28800
furniture,fair,Local,14950
bicycle,fair,Hero,4950
appliance,fair,Samsung,28100
fashion,fair,Sailor,6350
books,fair,Penguin,350
gaming,fair,Razer,12850
accessories,fair,Samsung,5950
phone,poor,Google,10500
laptop,poor,Apple,25000
camera,poor,Canon,8000
furniture,poor,Hatil,8150
bicycle,poor,Phoenix,18550
appliance,poor,LG,11800
fashion,poor,Generic,3600
books,poor,Penguin,100
gaming,poor,Nintendo,18200
accessories,poor,Apple,3100
phone,new,OnePlus,56650
laptop,new,Lenovo,120150
camera,new,Canon,33450
furniture,new,Regal,25350
bicycle,new,Giant,93550
appliance,new,LG,21500
fashion,new,Generic,14600
books,new,Pearson,750
gaming,new,Logitech,32900
accessories,new,Apple,14000
phone,excellent,Realme,88350
laptop,excellent,Apple,20750
camera,excellent,Panasonic,25000
furniture,excellent,Regal,38300
bicycle,excellent,Duranta,21800
appliance,excellent,LG,4700
fashion,excellent,Sailor,11250
books,excellent,Cambridge,3850
gaming,excellent,Logitech,26650
accessories,excellent,Apple,850
phone,good,Samsung,19400
laptop,good,Lenovo,28250
camera,good,Fujifilm,48550
furniture,good,Otobi,10200
bicycle,good,Phoenix,20000
appliance,good,Singer,12350
fashion,good,Yellow,6150
books,good,OReilly,2700
gaming,good,Razer,34200
accessories,good,Generic,5350
phone,fair,Google,30300
laptop,fair,Acer,21350
camera,fair,Fujifilm,38900
furniture,fair,IKEA,8100
bicycle,fair,Duranta,21500
appliance,fair,Singer,25250
fashion,fair,Yellow,4000
books,fair,Penguin,1150
gaming,fair,Sony,12650
accessories,fair,Generic,1900
phone,poor,Xiaomi,27750
laptop,poor,Lenovo,20800
camera,poor,Nikon,17600
furniture,poor,Otobi,7650
bicycle,poor,Phoenix,19450
appliance,poor,Samsung,14400
fashion,poor,Sailor,4400
books,poor,OReilly,900
gaming,poor,Sony,2600
accessories,poor,Generic,3100
phone,new,OnePlus,27150
laptop,new,Lenovo,113300
camera,new,Sony,143050
furniture,new,IKEA,42250
bicycle,new,Giant,75350
appliance,new,LG,64750
fashion,new,Sailor,1000
books,new,Pearson,6050
gaming,new,Nintendo,15650
accessories,new,Baseus,3550
phone,excellent,Google,49800
laptop,excellent,Asus,88300
camera,excellent,Panasonic,114750
furniture,excellent,Local,30700
bicycle,excellent,Giant,68400
appliance,excellent,Walton,7450
fashion,excellent,Aarong,4950
books,excellent,Penguin,5300
gaming,excellent,Microsoft,39400
accessories,excellent,Apple,5000
phone,good,Samsung,66550
laptop,good,Acer,49900
camera,good,Panasonic,79750
furniture,good,IKEA,32100
bicycle,good,Giant,32400
appliance,good,Whirlpool,31650
fashion,good,Aarong,9000
books,good,Nilkhet,3850
gaming,good,Sony,44450
accessories,good,Generic,11050
phone,fair,OnePlus,41400
laptop,fair,Lenovo,66050
camera,fair,Nikon,32850
furniture,fair,Hatil,6900
bicycle,fair,Giant,19000
appliance,fair,Walton,29500
fashion,fair,Ecstasy,2600
books,fair,OReilly,2150
gaming,fair,Sony,29000
accessories,fair,Baseus,6750
phone,poor,Realme,23350
laptop,poor,Apple,13000
camera,poor,Sony,19750
furniture,poor,IKEA,1450
bicycle,poor,Hero,11800
appliance,poor,Singer,20100
fashion,poor,Yellow,3350
books,poor,OReilly,700
gaming,poor,Razer,11250
accessories,poor,Anker,4200
phone,new,OnePlus,115550
laptop,new,Asus,60900
camera,new,Panasonic,83550
furniture,new,Regal,37800
bicycle,new,Trek,33300
appliance,new,Singer,59300
fashion,new,Sailor,3900
books,new,Cambridge,4050
gaming,new,Logitech,49250
accessories,new,Samsung,12600
phone,excellent,Xiaomi,75050
laptop,excellent,HP,94400
camera,excellent,Canon,83100
furniture,excellent,IKEA,38000
bicycle,excellent,Duranta,3800
appliance,excellent,Samsung,20050
fashion,excellent,Sailor,12750
books,excellent,Cambridge,1700
gaming,excellent,Logitech,27100
accessories,excellent,Samsung,2400
phone,good,Realme,44700
laptop,good,Dell,17950
camera,good,Panasonic,20550
furniture,good,IKEA,35250
bicycle,good,Duranta,46750
appliance,good,Samsung,20700
fashion,good,Aarong,2000
books,good,Penguin,850
gaming,good,Logitech,5500
accessories,good,Samsung,6900
phone,fair,OnePlus,38000
laptop,fair,Lenovo,69450
camera,fair,Fujifilm,59600
furniture,fair,Otobi,16500
bicycle,fair,Phoenix,18050
appliance,fair,Samsung,12050
fashion,fair,Ecstasy,6450
books,fair,Nilkhet,1800
gaming,fair,Logitech,3850
accessories,fair,Anker,500
phone,poor,Google,21000
laptop,poor,HP,15600
camera,poor,Panasonic,9950
furniture,poor,Local,400
bicycle,poor,Hero,7150
appliance,poor,Samsung,3350
fashion,poor,Generic,1300
books,poor,OReilly,750
gaming,poor,Microsoft,15400
accessories,poor,Samsung,1350
phone,new,Xiaomi,46050
laptop,new,Acer,64500
camera,new,Canon,39100
furniture,new,Hatil,12000
bicycle,new,Hero,71000
appliance,new,Walton,76700
fashion,new,Ecstasy,7100
books,new,Cambridge,150
gaming,new,Sony,61600
accessories,new,Generic,12400
phone,excellent,Xiaomi,74900
laptop,excellent,Apple,105950
camera,excellent,Sony,28400
furniture,excellent,Regal,12800
bicycle,excellent,Hero,59650
appliance,excellent,Singer,45350
fashion,excellent,Yellow,10550
books,excellent,Nilkhet,2000
gaming,excellent,Sony,34600
accessories,excellent,Samsung,3450
phone,good,Apple,48050
laptop,good,Acer,62850
camera,good,Panasonic,42200
furniture,good,Local,16400
bicycle,good,Phoenix,19750
appliance,good,Samsung,4750
fashion,good,Sailor,10300
books,good,Penguin,2450
gaming,good,Razer,25100
accessories,good,Baseus,1500
phone,fair,Xiaomi,42400
laptop,fair,HP,34250
camera,fair,Fujifilm,6850
furniture,fair,IKEA,5050
bicycle,fair,Hero,28700
appliance,fair,Samsung,15950
fashion,fair,Generic,5750
books,fair,Pearson,1250
gaming,fair,Microsoft,25850
accessories,fair,Samsung,9250
phone,poor,OnePlus,28800
laptop,poor,HP,10750
camera,poor,Canon,14450
furniture,poor,IKEA,8900
bicycle,poor,Hero,13400
appliance,poor,Singer,11900
fashion,poor,Sailor,2750
books,poor,Pearson,1000
gaming,poor,Sony,13000
accessories,poor,Baseus,2100
phone,new,Apple,105000
laptop,new,HP,138150
camera,new,Nikon,130400
furniture,new,Regal,18250
bicycle,new,Phoenix,58300
appliance,new,Samsung,56850
fashion,new,Aarong,4650
books,new,OReilly,2100
gaming,new,Nintendo,29300
accessories,new,Generic,7050
phone,excellent,OnePlus,69650
laptop,excellent,Apple,53250
camera,excellent,Sony,12200
furniture,excellent,Regal,6600
bicycle,excellent,Giant,64850
appliance,excellent,Singer,29400
fashion,excellent,Aarong,5200
books,excellent,Penguin,700
gaming,excellent,Logitech,23750
accessories,excellent,Samsung,10050
phone,good,Xiaomi,22650
laptop,good,Lenovo,96350
camera,good,Fujifilm,53700
furniture,good,Local,24300
bicycle,good,Trek,6450
appliance,good,Samsung,4900
fashion,good,Yellow,1100
books,good,Cambridge,2000
gaming,good,Logitech,30400
accessories,good,Samsung,13950
phone,fair,Google,11000
laptop,fair,HP,11300
camera,fair,Canon,61550
furniture,fair,IKEA,6350
bicycle,fair,Trek,35600
appliance,fair,LG,22650
fashion,fair,Generic,3300
books,fair,Nilkhet,1750
gaming,fair,Nintendo,2950
accessories,fair,Apple,6850
phone,poor,Apple,13200
laptop,poor,HP,27400
camera,poor,Panasonic,21350
furniture,poor,Hatil,12200
bicycle,poor,Duranta,18250
appliance,poor,Samsung,4150
fashion,poor,Aarong,2800
books,poor,Penguin,1000
gaming,poor,Razer,14450
accessories,poor,Apple,3000
phone,new,OnePlus,69450
laptop,new,Acer,143000
camera,new,Canon,113100
furniture,new,Hatil,13000
bicycle,new,Hero,48050
appliance,new,Walton,84250
fashion,new,Aarong,16500
books,new,Penguin,2300
gaming,new,Sony,32550
accessories,new,Anker,17850
phone,excellent,Xiaomi,19500
laptop,excellent,Acer,27800
camera,excellent,Canon,73200
furniture,excellent,IKEA,37150
bicycle,excellent,Phoenix,9750
appliance,excellent,Samsung,24450
fashion,excellent,Ecstasy,8900
books,excellent,OReilly,3800
gaming,excellent,Microsoft,18850
accessories,excellent,Anker,6950
phone,good,OnePlus,74700
laptop,good,Lenovo,34250
camera,good,Panasonic,56350
furniture,good,Otobi,5150
bicycle,good,Phoenix,15650
appliance,good,Singer,48600
fashion,good,Ecstasy,10400
books,good,Pearson,1650
gaming,good,Microsoft,27050
accessories,good,Generic,10600
phone,fair,Realme,22600
laptop,fair,Lenovo,44750
camera,fair,Canon,59000
furniture,fair,IKEA,5950
bicycle,fair,Hero,16350
appliance,fair,Singer,36300
fashion,fair,Sailor,450
books,fair,Cambridge,1250
gaming,fair,Microsoft,19700
accessories,fair,Generic,9900
phone,poor,Realme,23350
laptop,poor,Dell,23550
camera,poor,Panasonic,26850
furniture,poor,Hatil,10350
bicycle,poor,Phoenix,7750
appliance,poor,Singer,3400
fashion,poor,Sailor,1300
books,poor,Penguin,400
gaming,poor,Logitech,18550
accessories,poor,Generic,250
phone,new,Apple,91350
laptop,new,Asus,140250
camera,new,Fujifilm,39300
furniture,new,IKEA,42050
bicycle,new,Giant,12700
appliance,new,Samsung,37150
fashion,new,Aarong,15400
books,new,Pearson,4250
gaming,new,Sony,79250
accessories,new,Anker,5200
phone,excellent,Samsung,21000
laptop,excellent,HP,82500
camera,excellent,Canon,16450
furniture,excellent,Hatil,4250
bicycle,excellent,Giant,34850
appliance,excellent,LG,63050
fashion,excellent,Generic,5550
books,excellent,Nilkhet,1800
gaming,excellent,Nintendo,40200
accessories,excellent,Baseus,12450
phone,good,Realme,44350
laptop,good,Lenovo,60700
camera,good,Sony,76450
furniture,good,Hatil,2000
bicycle,good,Duranta,25400
appliance,good,LG,51200
fashion,good,Ecstasy,11200
books,good,Pearson,1900
gaming,good,Nintendo,56350
accessories,good,Samsung,10000
phone,fair,Apple,31300
laptop,fair,Acer,19250
camera,fair,Panasonic,44750
furniture,fair,Local,9050
bicycle,fair,Trek,32100
appliance,fair,Walton,14700
fashion,fair,Ecstasy,450
books,fair,Nilkhet,200
gaming,fair,Razer,15750
accessories,fair,Apple,6950
phone,poor,OnePlus,4800
laptop,poor,Apple,14850
camera,poor,Sony,13650
furniture,poor,IKEA,6400
bicycle,poor,Trek,1800
appliance,poor,Singer,3450
fashion,poor,Yellow,3250
books,poor,Penguin,1000
gaming,poor,Logitech,7350
accessories,poor,Apple,5750
phone,new,OnePlus,84450
laptop,new,Lenovo,117350
camera,new,Panasonic,126700
furniture,new,IKEA,41950
bicycle,new,Duranta,55600
appliance,new,Whirlpool,48200
fashion,new,Generic,14900
books,new,Cambridge,1600
gaming,new,Nintendo,37600
accessories,new,Apple,10700
phone,excellent,Google,72450
laptop,excellent,Asus,33400
camera,excellent,Fujifilm,57950
furniture,excellent,Regal,8350
bicycle,excellent,Trek,71900
appliance,excellent,Samsung,62600
fashion,excellent,Ecstasy,4950
books,excellent,Cambridge,1800
gaming,excellent,Microsoft,23500
accessories,excellent,Samsung,300
phone,good,Apple,56700
laptop,good,Asus,86850
camera,good,Canon,71500
furniture,good,Otobi,15000
bicycle,good,Phoenix,7350
appliance,good,Whirlpool,62900
fashion,good,Ecstasy,10150
books,good,Pearson,200
gaming,good,Microsoft,36950
accessories,good,Baseus,12800
phone,fair,Samsung,22350
laptop,fair,Acer,69950
camera,fair,Nikon,18200
furniture,fair,Hatil,1350
bicycle,fair,Duranta,15000
appliance,fair,Whirlpool,5250
fashion,fair,Sailor,3650
books,fair,Cambridge,1700
gaming,fair,Microsoft,11450
accessories,fair,Anker,6550
phone,poor,Samsung,21800
laptop,poor,Dell,44250
camera,poor,Fujifilm,22300
furniture,poor,Local,11300
bicycle,poor,Duranta,2000
appliance,poor,LG,15450
fashion,poor,Sailor,4650
books,poor,OReilly,1000
gaming,poor,Nintendo,23000
accessories,poor,Samsung,1650
phone,new,Apple,74000
laptop,new,Acer,71150
camera,new,Panasonic,28550
furniture,new,Hatil,15650
bicycle,new,Phoenix,40250
appliance,new,Walton,46800
fashion,new,Aarong,11350
books,new,Cambridge,3350
gaming,new,Sony,30450
accessories,new,Baseus,4900
phone,excellent,Google,47150
laptop,excellent,Asus,55850
camera,excellent,Sony,24400
furniture,excellent,Hatil,40700
bicycle,excellent,Hero,57800
appliance,excellent,LG,53200
fashion,excellent,Aarong,3100
books,excellent,OReilly,2800
gaming,excellent,Nintendo,13950
accessories,excellent,Samsung,9050
phone,good,OnePlus,39000
laptop,good,Dell,67600
camera,good,Canon,79750
furniture,good,Otobi,25100
bicycle,good,Trek,48300
appliance,good,Samsung,57900
fashion,good,Yellow,4250
books,good,Nilkhet,1400
gaming,good,Microsoft,15800
accessories,good,Apple,8900
phone,fair,Realme,22050
laptop,fair,Apple,44200
camera,fair,Fujifilm,17500
furniture,fair,IKEA,9750
bicycle,fair,Hero,8050
appliance,fair,Walton,41150
fashion,fair,Generic,3850
books,fair,Pearson,1100
gaming,fair,Razer,26600
accessories,fair,Samsung,4950
phone,poor,Google,18400
laptop,poor,Apple,30750
camera,poor,Fujifilm,8800
furniture,poor,IKEA,11500
bicycle,poor,Giant,4800
appliance,poor,Singer,3000
fashion,poor,Ecstasy,1450
books,poor,Nilkhet,650
gaming,poor,Microsoft,15250
accessories,poor,Baseus,3300
phone,new,Apple,40200
laptop,new,Acer,138300
camera,new,Fujifilm,124400
furniture,new,Local,41900
bicycle,new,Giant,67450
appliance,new,LG,62950
fashion,new,Yellow,6850
books,new,Pearson,3850
gaming,new,Sony,60850
accessories,new,Samsung,15750
phone,excellent,Realme,99750
laptop,excellent,Lenovo,121800
camera,excellent,Canon,79500
furniture,excellent,Regal,6750
bicycle,excellent,Giant,33150
appliance,excellent,Singer,18700
fashion,excellent,Ecstasy,11650
books,excellent,Nilkhet,700
gaming,excellent,Razer,29150
accessories,excellent,Samsung,14850
phone,good,Google,63950
laptop,good,HP,22800
camera,good,Nikon,70900
furniture,good,Hatil,20950
bicycle,good,Giant,19700
appliance,good,Singer,37500
fashion,good,Ecstasy,11400
books,good,Pearson,3300
gaming,good,Razer,2300
accessories,good,Apple,1500
phone,fair,Google,53150
laptop,fair,HP,75400
camera,fair,Sony,28050
furniture,fair,Local,8000
bicycle,fair,Hero,27950
appliance,fair,Walton,40150
fashion,fair,Sailor,4650
books,fair,Penguin,2850
gaming,fair,Logitech,3700
accessories,fair,Baseus,1100
phone,poor,Samsung,25250
laptop,poor,Apple,9300
camera,poor,Sony,7000
furniture,poor,Hatil,7600
bicycle,poor,Hero,14350
appliance,poor,Walton,15250
fashion,poor,Yellow,1600
books,poor,Penguin,150
gaming,poor,Nintendo,21050
accessories,poor,Anker,2150
phone,new,OnePlus,56400
laptop,new,Asus,162550
camera,new,Fujifilm,62700
furniture,new,Otobi,7100
bicycle,new,Phoenix,26000
appliance,new,Samsung,59150
fashion,new,Yellow,6550
books,new,Pearson,2800
gaming,new,Sony,68650
accessories,new,Baseus,19800
phone,excellent,Xiaomi,13500
laptop,excellent,Dell,37850
camera,excellent,Panasonic,101500
furniture,excellent,Otobi,27300
bicycle,excellent,Duranta,29500
appliance,excellent,Samsung,21200
fashion,excellent,Yellow,1750
books,excellent,Penguin,2550
gaming,excellent,Razer,45150
accessories,excellent,Apple,4400
phone,good,Samsung,29650
laptop,good,Dell,103850
camera,good,Nikon,44450
furniture,good,Otobi,27050
bicycle,good,Giant,27350
appliance,good,Samsung,57350
fashion,good,Sailor,5950
books,good,Nilkhet,1050
gaming,good,Logitech,10200
accessories,good,Anker,750
phone,fair,Google,50450
laptop,fair,Acer,30250
camera,fair,Canon,11950
furniture,fair,Local,22750
bicycle,fair,Giant,38200
appliance,fair,Whirlpool,22050
fashion,fair,Aarong,8150
books,fair,Nilkhet,1450
gaming,fair,Microsoft,34150
accessories,fair,Apple,7600
phone,poor,OnePlus,6750
laptop,poor,Asus,22600
camera,poor,Canon,7300
furniture,poor,Hatil,3500
bicycle,poor,Giant,1100
appliance,poor,Singer,14450
fashion,poor,Ecstasy,3450
books,poor,Penguin,900
gaming,poor,Microsoft,16450
accessories,poor,Apple,2900
phone,new,Realme,80650
laptop,new,Acer,35000
camera,new,Nikon,98550
furniture,new,IKEA,38050
bicycle,new,Duranta,55500
appliance,new,Whirlpool,90000
fashion,new,Aarong,8700
books,new,Nilkhet,2850
gaming,new,Razer,20700
accessories,new,Baseus,11850
phone,excellent,OnePlus,41400
laptop,excellent,Apple,43600
camera,excellent,Canon,67450
furniture,excellent,Hatil,29050
bicycle,excellent,Trek,26600
appliance,excellent,Walton,18350
fashion,excellent,Ecstasy,14900
books,excellent,Penguin,1350
gaming,excellent,Logitech,70250
accessories,excellent,Apple,17000
phone,good,Samsung,37500
laptop,good,Apple,81750
camera,good,Sony,12150
furniture,good,Hatil,17150
bicycle,good,Trek,19250
appliance,good,Whirlpool,56400
fashion,good,Ecstasy,4050
books,good,OReilly,1050
gaming,good,Razer,9850
accessories,good,Baseus,2800
phone,fair,Google,57600
laptop,fair,Acer,68850
camera,fair,Fujifilm,26250
furniture,fair,Hatil,9200
bicycle,fair,Phoenix,33800
appliance,fair,Singer,10000
fashion,fair,Generic,5450
books,fair,Penguin,2050
gaming,fair,Nintendo,24600
accessories,fair,Baseus,2600
phone,poor,Apple,29600
laptop,poor,HP,26100
camera,poor,Canon,7500
furniture,poor,Otobi,9700
bicycle,poor,Giant,4200
appliance,poor,Singer,12050
fashion,poor,Yellow,2050
books,poor,Nilkhet,300
gaming,poor,Sony,3350
accessories,poor,Anker,1550
phone,new,OnePlus,55450
laptop,new,Asus,51600
camera,new,Fujifilm,23200
furniture,new,Hatil,4250
bicycle,new,Hero,62250
appliance,new,Samsung,71450
fashion,new,Yellow,11700
books,new,OReilly,2400
gaming,new,Microsoft,3950
accessories,new,Generic,7700
phone,excellent,Xiaomi,32000
laptop,excellent,Acer,77050
camera,excellent,Fujifilm,45850
furniture,excellent,Hatil,9250
bicycle,excellent,Hero,31250
appliance,excellent,LG,81400
fashion,excellent,Generic,7750
books,excellent,Cambridge,4500
gaming,excellent,Razer,62250
accessories,excellent,Samsung,4300
phone,good,Apple,32800
laptop,good,Asus,63050
camera,good,Sony,86000
furniture,good,IKEA,10450
bicycle,good,Trek,7750
appliance,good,Walton,13700
fashion,good,Ecstasy,7000
books,good,OReilly,1300
gaming,good,Logitech,17200
accessories,good,Anker,9850
phone,fair,Google,42200
laptop,fair,Dell,14200
camera,fair,Panasonic,60500
furniture,fair,Local,22000
bicycle,fair,Trek,22600
appliance,fair,Singer,37800
fashion,fair,Ecstasy,3650
books,fair,Pearson,2500
gaming,fair,Microsoft,23350
accessories,fair,Baseus,6250
phone,poor,OnePlus,7300
laptop,poor,Acer,24300
camera,poor,Canon,5550
furniture,poor,Regal,12100
bicycle,poor,Phoenix,12350
appliance,poor,Whirlpool,16000
fashion,poor,Sailor,400
books,poor,Pearson,1650
gaming,poor,Razer,20150
accessories,poor,Generic,1450
phone,new,Apple,65100
laptop,new,Dell,81850
camera,new,Sony,152750
furniture,new,IKEA,33100
bicycle,new,Giant,73000
appliance,new,Whirlpool,63850
fashion,new,Ecstasy,16250
books,new,Cambridge,3700
gaming,new,Razer,55350
accessories,new,Apple,4200
phone,excellent,Xiaomi,37200
laptop,excellent,HP,36750
camera,excellent,Sony,33550
furniture,excellent,Regal,30050
bicycle,excellent,Trek,39950
appliance,excellent,LG,46250
fashion,excellent,Yellow,1250
books,excellent,Pearson,3600
gaming,excellent,Razer,26450
accessories,excellent,Generic,11950
phone,good,Samsung,44850
laptop,good,HP,112850
camera,good,Fujifilm,44350
furniture,good,Hatil,5100
bicycle,good,Duranta,15400
appliance,good,Whirlpool,44350
fashion,good,Generic,2250
books,good,Cambridge,3150
gaming,good,Microsoft,50350
accessories,good,Samsung,1200
phone,fair,Xiaomi,21200
laptop,fair,Asus,25250
camera,fair,Nikon,30600
furniture,fair,Hatil,20100
bicycle,fair,Phoenix,35100
appliance,fair,Whirlpool,11400
fashion,fair,Generic,7450
books,fair,Pearson,900
gaming,fair,Logitech,16300
accessories,fair,Anker,200
phone,poor,Xiaomi,21000
laptop,poor,HP,21600
camera,poor,Panasonic,36500
furniture,poor,Hatil,450
bicycle,poor,Duranta,11750
appliance,poor,Walton,1900
fashion,poor,Ecstasy,1600
books,poor,Cambridge,250
gaming,poor,Razer,14050
accessories,poor,Anker,1400
phone,new,Samsung,95850
laptop,new,Dell,102250
camera,new,Nikon,46250
furniture,new,Hatil,25600
bicycle,new,Hero,71400
appliance,new,Whirlpool,8550
fashion,new,Ecstasy,2650
books,new,Nilkhet,550
gaming,new,Sony,49600
accessories,new,Samsung,10350
phone,excellent,Apple,93800
laptop,excellent,HP,21700
camera,excellent,Fujifilm,118400
furniture,excellent,Hatil,40400
bicycle,excellent,Hero,63100
appliance,excellent,Singer,19150
fashion,excellent,Sailor,14600
books,excellent,OReilly,5600
gaming,excellent,Nintendo,42750
accessories,excellent,Anker,3150
phone,good,Apple,44700
laptop,good,Lenovo,83400
camera,good,Canon,75100
furniture,good,Local,6250
bicycle,good,Giant,41500
appliance,good,Walton,42200
fashion,good,Yellow,3750
books,good,Cambridge,2650
gaming,good,Nintendo,52450
accessories,good,Baseus,1850
phone,fair,Apple,20850
laptop,fair,Asus,65500
camera,fair,Fujifilm,50750
furniture,fair,IKEA,3650
bicycle,fair,Phoenix,13500
appliance,fair,Singer,18900
fashion,fair,Ecstasy,300
books,fair,Nilkhet,1550
gaming,fair,Razer,25350
accessories,fair,Generic,8350
phone,poor,Google,11000
laptop,poor,Dell,30000
camera,poor,Canon,24900
furniture,poor,Otobi,4050
bicycle,poor,Phoenix,12400
appliance,poor,Singer,9800
fashion,poor,Generic,700
books,poor,Cambridge,1300
gaming,poor,Sony,10000
accessories,poor,Samsung,1200
phone,new,Apple,38300
laptop,new,Asus,80750
camera,new,Sony,111100
furniture,new,Regal,39100
bicycle,new,Duranta,9900
appliance,new,Samsung,12500
fashion,new,Aarong,8350
books,new,Cambridge,2850
gaming,new,Logitech,72100
accessories,new,Samsung,9450
phone,excellent,Google,16700
laptop,excellent,Asus,102850
camera,excellent,Fujifilm,75150
furniture,excellent,IKEA,19800
bicycle,excellent,Phoenix,75750
appliance,excellent,Samsung,23400
fashion,excellent,Yellow,6500
books,excellent,Pearson,3850
gaming,excellent,Razer,61450
accessories,excellent,Baseus,5250
phone,good,Samsung,34300
laptop,good,Asus,37700
camera,good,Nikon,42700
furniture,good,Regal,11250
bicycle,good,Duranta,13150
appliance,good,Singer,42350
fashion,good,Aarong,9100
books,good,Pearson,2200
gaming,good,Razer,14950
accessories,good,Apple,12750
phone,fair,Realme,32600
laptop,fair,Apple,16650
camera,fair,Fujifilm,44250
furniture,fair,Otobi,9900
bicycle,fair,Giant,34850
appliance,fair,Singer,17950
fashion,fair,Yellow,2550
books,fair,Penguin,2400
gaming,fair,Microsoft,29250
accessories,fair,Baseus,1000
phone,poor,OnePlus,23400
laptop,poor,Acer,38550
camera,poor,Sony,13500
furniture,poor,Local,9700
bicycle,poor,Giant,8050
appliance,poor,Whirlpool,8400
fashion,poor,Aarong,2900
books,poor,Nilkhet,250
gaming,poor,Microsoft,9050
accessories,poor,Anker,3400
phone,new,Google,94450
laptop,new,Lenovo,37450
camera,new,Sony,144400
furniture,new,Otobi,11350
bicycle,new,Trek,49000
appliance,new,Walton,66100
fashion,new,Generic,2900
books,new,OReilly,1300
gaming,new,Microsoft,40200
accessories,new,Samsung,18550
phone,excellent,OnePlus,28450
laptop,excellent,Acer,57700
camera,excellent,Panasonic,73700
furniture,excellent,IKEA,9800
bicycle,excellent,Giant,63350
appliance,excellent,Whirlpool,34400
fashion,excellent,Generic,6300
books,excellent,Pearson,650
gaming,excellent,Logitech,59400
accessories,excellent,Apple,350
phone,good,Google,57800
laptop,good,Apple,50000
camera,good,Fujifilm,90550
furniture,good,IKEA,20150
bicycle,good,Phoenix,39350
appliance,good,Samsung,21600
fashion,good,Generic,2850
books,good,Cambridge,1200
gaming,good,Nintendo,1750
accessories,good,Samsung,5700
phone,fair,Samsung,53650
laptop,fair,Acer,14800
camera,fair,Canon,16550
furniture,fair,IKEA,7300
bicycle,fair,Phoenix,31450
appliance,fair,LG,29000
fashion,fair,Aarong,4500
books,fair,OReilly,3100
gaming,fair,Sony,6750
accessories,fair,Baseus,2400
phone,poor,Realme,14550
laptop,poor,Asus,9000
camera,poor,Panasonic,10550
furniture,poor,Regal,4850
bicycle,poor,Giant,7300
appliance,poor,Samsung,2600
fashion,poor,Sailor,2100
books,poor,Cambridge,400
gaming,poor,Razer,12550
accessories,poor,Samsung,2350
phone,new,Google,82450
laptop,new,Dell,134850
camera,new,Sony,20550
furniture,new,Hatil,31150
bicycle,new,Trek,43150
appliance,new,Samsung,59150
fashion,new,Generic,9300
books,new,OReilly,6250
gaming,new,Sony,32200
accessories,new,Anker,17750
phone,excellent,Samsung,24650
laptop,excellent,Lenovo,68050
camera,excellent,Fujifilm,43200
furniture,excellent,IKEA,41400
bicycle,excellent,Hero,49050
appliance,excellent,Whirlpool,24700
fashion,excellent,Yellow,4000
books,excellent,Penguin,4950
gaming,excellent,Razer,21350
accessories,excellent,Baseus,16750
phone,good,Xiaomi,77500
laptop,good,HP,41600
camera,good,Nikon,13250
furniture,good,Hatil,26300
bicycle,good,Hero,17900
appliance,good,LG,26300
fashion,good,Aarong,10400
books,good,Cambridge,1850
gaming,good,Microsoft,33100
accessories,good,Samsung,3100
phone,fair,Samsung,18350
laptop,fair,Acer,31800
camera,fair,Canon,56150
furniture,fair,Regal,1150
bicycle,fair,Hero,15900
appliance,fair,Singer,34500
fashion,fair,Yellow,1750
books,fair,OReilly,850
gaming,fair,Nintendo,14100
accessories,fair,Samsung,7750
phone,poor,Realme,4150
laptop,poor,Apple,35050
camera,poor,Panasonic,23900
furniture,poor,Local,6900
bicycle,poor,Duranta,14150
appliance,poor,LG,18750
fashion,poor,Ecstasy,1550
books,poor,OReilly,100
gaming,poor,Nintendo,10500
accessories,poor,Baseus,2550
phone,new,OnePlus,98950
laptop,new,HP,62500
camera,new,Nikon,99750
furniture,new,Regal,35300
bicycle,new,Hero,17750
appliance,new,Whirlpool,53950
fashion,new,Sailor,8450
books,new,Cambridge,4250
gaming,new,Nintendo,71100
accessories,new,Generic,7050
phone,excellent,Apple,94500
laptop,excellent,Dell,99200
camera,excellent,Sony,59000
furniture,excellent,Local,26500
bicycle,excellent,Phoenix,11850
appliance,excellent,Samsung,69000
fashion,excellent,Yellow,6100
books,excellent,Nilkhet,3150
gaming,excellent,Nintendo,50050
accessories,excellent,Samsung,7350
phone,good,Xiaomi,25100
laptop,good,Apple,59000
camera,good,Panasonic,19000
furniture,good,IKEA,33000
bicycle,good,Giant,53000
appliance,good,LG,19250
fashion,good,Generic,3400
books,good,Cambridge,400
gaming,good,Logitech,21550
accessories,good,Baseus,11650
phone,fair,OnePlus,37650
laptop,fair,Acer,65100
camera,fair,Nikon,45250
furniture,fair,IKEA,2100
bicycle,fair,Phoenix,40400
appliance,fair,Samsung,33400
fashion,fair,Sailor,5900
books,fair,OReilly,1750
gaming,fair,Microsoft,36200
accessories,fair,Samsung,8550
phone,poor,Google,23600
laptop,poor,Acer,31900
camera,poor,Sony,18600
furniture,poor,IKEA,2150
bicycle,poor,Giant,5550
appliance,poor,Singer,8600
fashion,poor,Generic,3850
books,poor,Penguin,300
gaming,poor,Sony,18800
accessories,poor,Anker,550
phone,new,Samsung,64550
laptop,new,Apple,111000
camera,new,Panasonic,114800
furniture,new,Hatil,8550
bicycle,new,Giant,46350
appliance,new,Samsung,82400
fashion,new,Aarong,3450
books,new,OReilly,3750
gaming,new,Logitech,65800
accessories,new,Generic,15150
phone,excellent,Realme,100850
laptop,excellent,Apple,89500
camera,excellent,Canon,25750
furniture,excellent,IKEA,21350
bicycle,excellent,Duranta,16850
appliance,excellent,LG,30500
fashion,excellent,Yellow,15300
books,excellent,Pearson,2400
gaming,excellent,Razer,20500
accessories,excellent,Baseus,4350
phone,good,Samsung,30300
laptop,good,HP,21300
camera,good,Fujifilm,74250
furniture,good,Otobi,19900
bicycle,good,Giant,5800
appliance,good,Samsung,25350
fashion,good,Sailor,2200
books,good,Nilkhet,2100
gaming,good,Sony,53900
accessories,good,Samsung,1150
phone,fair,Google,19100
laptop,fair,Dell,29950
camera,fair,Sony,35500
furniture,fair,Local,16650
bicycle,fair,Duranta,2050
appliance,fair,Singer,11900
fashion,fair,Aarong,4450
books,fair,Pearson,1750
gaming,fair,Sony,23000
accessories,fair,Generic,4400
phone,poor,Xiaomi,21150
laptop,poor,HP,28800
camera,poor,Fujifilm,30550
furniture,poor,Local,5450
bicycle,poor,Giant,7250
appliance,poor,LG,12300
fashion,poor,Generic,1150
books,poor,OReilly,850
gaming,poor,Microsoft,9550
accessories,poor,Anker,800
phone,new,Google,83900
laptop,new,Lenovo,145750
camera,new,Sony,39100
furniture,new,Regal,24500
bicycle,new,Duranta,33800
appliance,new,Walton,44250
fashion,new,Yellow,10300
books,new,Pearson,6900
gaming,new,Sony,4500
accessories,new,Samsung,700
phone,excellent,Xiaomi,48550
laptop,excellent,Dell,128300
camera,excellent,Panasonic,61650
furniture,excellent,Regal,12300
bicycle,excellent,Phoenix,52200
appliance,excellent,Singer,21750
fashion,excellent,Generic,6900
books,excellent,OReilly,1450
gaming,excellent,Microsoft,39300
accessories,excellent,Apple,16750
phone,good,Xiaomi,37100
laptop,good,Acer,80100
camera,good,Fujifilm,88700
furniture,good,Regal,12050
bicycle,good,Trek,37100
appliance,good,Samsung,35100
fashion,good,Sailor,5450
books,good,Nilkhet,2950
gaming,good,Logitech,58000
accessories,good,Baseus,10150
phone,fair,Samsung,19500
laptop,fair,Lenovo,23250
camera,fair,Panasonic,44200
furniture,fair,Regal,6100
bicycle,fair,Phoenix,7250
appliance,fair,Samsung,38000
fashion,fair,Generic,7500
books,fair,Penguin,150
gaming,fair,Nintendo,14300
accessories,fair,Generic,3800
phone,poor,OnePlus,12600
laptop,poor,HP,35000
camera,poor,Sony,34050
furniture,poor,Regal,6600
bicycle,poor,Hero,17000
appliance,poor,Singer,15550
fashion,poor,Sailor,1550
books,poor,Penguin,600
gaming,poor,Nintendo,10600
accessories,poor,Anker,1000
phone,new,Realme,54550
laptop,new,Acer,68850
camera,new,Sony,65850
furniture,new,Otobi,16350
bicycle,new,Giant,17850
appliance,new,Samsung,75000
fashion,new,Sailor,7450
books,new,OReilly,500
gaming,new,Sony,75500
accessories,new,Anker,16800
phone,excellent,Xiaomi,88300
laptop,excellent,Lenovo,66050
camera,excellent,Fujifilm,56750
furniture,excellent,Regal,35300
bicycle,excellent,Duranta,62550
appliance,excellent,LG,6250
fashion,excellent,Generic,12950
books,excellent,Nilkhet,3400
gaming,excellent,Razer,67800
accessories,excellent,Anker,10200
phone,good,Apple,65550
laptop,good,Acer,45150
camera,good,Fujifilm,84950
furniture,good,Otobi,31450
bicycle,good,Hero,14250
appliance,good,Singer,45250
fashion,good,Aarong,7200
books,good,Cambridge,2800
gaming,good,Microsoft,7150
accessories,good,Samsung,9400
phone,fair,Realme,15700
laptop,fair,HP,27400
camera,fair,Canon,38600
furniture,fair,Otobi,16950
bicycle,fair,Giant,26050
appliance,fair,Samsung,12750
fashion,fair,Aarong,3500
books,fair,Cambridge,2300
gaming,fair,Sony,16100
accessories,fair,Anker,6700
phone,poor,Google,20950
laptop,poor,HP,12750
camera,poor,Nikon,33200
furniture,poor,IKEA,8250
bicycle,poor,Phoenix,9450
appliance,poor,Walton,13800
fashion,poor,Generic,1650
books,poor,Pearson,1100
gaming,poor,Sony,5300
accessories,poor,Samsung,2900
phone,new,Xiaomi,99450
laptop,new,Dell,151250
camera,new,Canon,47350
furniture,new,Local,20300
bicycle,new,Hero,22950
appliance,new,Walton,2500
fashion,new,Ecstasy,5350
books,new,OReilly,4700
gaming,new,Nintendo,67250
accessories,new,Baseus,18950
phone,excellent,Samsung,22600
laptop,excellent,Acer,115300
camera,excellent,Sony,91650
furniture,excellent,Otobi,15450
bicycle,excellent,Hero,73300
appliance,excellent,LG,50100
fashion,excellent,Aarong,11050
books,excellent,Pearson,1750
gaming,excellent,Sony,57300
accessories,excellent,Samsung,10900
phone,good,Realme,25550
laptop,good,Lenovo,59050
camera,good,Fujifilm,18150
furniture,good,IKEA,1700
bicycle,good,Trek,55300
appliance,good,Walton,14950
fashion,good,Sailor,5200
books,good,Cambridge,300
gaming,good,Nintendo,17850
accessories,good,Baseus,14000
phone,fair,Xiaomi,9150
laptop,fair,Lenovo,23050
camera,fair,Sony,54200
furniture,fair,Hatil,1050
bicycle,fair,Duranta,28500
appliance,fair,Walton,11250
fashion,fair,Aarong,6100
books,fair,Pearson,1600
gaming,fair,Razer,39950
accessories,fair,Anker,150
phone,poor,OnePlus,6100
laptop,poor,Dell,32700
camera,poor,Panasonic,9200
furniture,poor,Local,10700
bicycle,poor,Phoenix,3050
appliance,poor,Singer,8650
fashion,poor,Aarong,4200
books,poor,Pearson,1150
gaming,poor,Razer,20300
accessories,poor,Samsung,4500
phone,new,OnePlus,26300
laptop,new,HP,141800
camera,new,Panasonic,90200
furniture,new,Otobi,38150
bicycle,new,Trek,25450
appliance,new,Walton,10150
fashion,new,Yellow,6950
books,new,OReilly,1750
gaming,new,Logitech,40750
accessories,new,Samsung,2000
phone,excellent,Google,50400
laptop,excellent,HP,51150
camera,excellent,Canon,21450
furniture,excellent,Local,43350
bicycle,excellent,Trek,36250
appliance,excellent,Singer,10100
fashion,excellent,Ecstasy,6300
books,excellent,Penguin,950
gaming,excellent,Nintendo,78250
accessories,excellent,Baseus,9650
phone,good,Realme,27700
laptop,good,Asus,90400
camera,good,Sony,13300
furniture,good,Local,26100
bicycle,good,Giant,5650
appliance,good,LG,45400
fashion,good,Generic,11200
books,good,Pearson,1350
gaming,good,Microsoft,52750
accessories,good,Generic,6950
phone,fair,Samsung,38400
laptop,fair,HP,70900
camera,fair,Fujifilm,34900
furniture,fair,Local,12850
bicycle,fair,Duranta,15700
appliance,fair,LG,25600
fashion,fair,Generic,700
books,fair,Cambridge,350
gaming,fair,Nintendo,24550
accessories,fair,Baseus,9350
phone,poor,Apple,19050
laptop,poor,HP,30900
camera,poor,Panasonic,28000
furniture,poor,Local,11200
bicycle,poor,Trek,6800
appliance,poor,LG,23000
fashion,poor,Ecstasy,2150
books,poor,OReilly,1000
gaming,poor,Nintendo,12150
accessories,poor,Baseus,5350
phone,new,Realme,40400
laptop,new,Apple,173300
camera,new,Sony,68500
furniture,new,Otobi,49550
bicycle,new,Phoenix,57750
appliance,new,Singer,28550
fashion,new,Yellow,17400
books,new,Cambridge,1900
gaming,new,Logitech,55050
accessories,new,Generic,13700
phone,excellent,OnePlus,28000
laptop,excellent,Lenovo,47450
camera,excellent,Sony,90450
furniture,excellent,Otobi,10850
bicycle,excellent,Duranta,60600
appliance,excellent,Walton,59300
fashion,excellent,Sailor,7850
books,excellent,Nilkhet,5450
gaming,excellent,Nintendo,32600
accessories,excellent,Anker,9850
phone,good,Google,24350
laptop,good,Dell,87950
camera,good,Canon,39200
furniture,good,IKEA,27900
bicycle,good,Giant,22700
appliance,good,Singer,55250
fashion,good,Aarong,4900
books,good,Nilkhet,3400
gaming,good,Sony,18300
accessories,good,Anker,10700
phone,fair,Realme,24700
laptop,fair,Lenovo,18950
camera,fair,Panasonic,43450
furniture,fair,IKEA,15050
bicycle,fair,Trek,29300
appliance,fair,Whirlpool,5450
fashion,fair,Sailor,6400
books,fair,Penguin,1250
gaming,fair,Nintendo,32100
accessories,fair,Baseus,8650
phone,poor,Realme,27950
laptop,poor,Dell,18300
camera,poor,Fujifilm,4500
furniture,poor,Regal,5500
bicycle,poor,Giant,21300
appliance,poor,Singer,8450
fashion,poor,Sailor,1800
books,poor,OReilly,1350
gaming,poor,Razer,9650
accessories,poor,Baseus,5300
phone,new,Xiaomi,93400
laptop,new,Dell,38900
camera,new,Panasonic,128300
furniture,new,Otobi,27100
bicycle,new,Phoenix,23150
appliance,new,Samsung,34050
fashion,new,Sailor,2450
books,new,Pearson,4400
gaming,new,Nintendo,41600
accessories,new,Samsung,18650
phone,excellent,Apple,46100
laptop,excellent,Dell,100600
camera,excellent,Panasonic,100200
furniture,excellent,Otobi,24500
bicycle,excellent,Trek,30600
appliance,excellent,Whirlpool,46050
fashion,excellent,Sailor,1750
books,excellent,Penguin,4800
gaming,excellent,Nintendo,9750
accessories,excellent,Samsung,18000
phone,good,Google,31450
laptop,good,Acer,88850
camera,good,Fujifilm,14300
furniture,good,Regal,25400
bicycle,good,Giant,46400
appliance,good,LG,7150
fashion,good,Ecstasy,1500
books,good,Pearson,2950
gaming,good,Sony,61300
accessories,good,Apple,2050
phone,fair,OnePlus,39200
laptop,fair,Acer,23550
camera,fair,Sony,45600
furniture,fair,Local,19050
bicycle,fair,Hero,33200
appliance,fair,Walton,36400
fashion,fair,Sailor,1500
books,fair,Pearson,400
gaming,fair,Razer,2200
accessories,fair,Baseus,7000
phone,poor,Samsung,12500
laptop,poor,Dell,33350
camera,poor,Canon,10900
furniture,poor,Local,7300
bicycle,poor,Giant,7700
appliance,poor,Whirlpool,4900
fashion,poor,Aarong,2650
books,poor,Nilkhet,1650
gaming,poor,Sony,6350
accessories,poor,Baseus,1300
phone,new,Apple,40600
laptop,new,Apple,48050
camera,new,Panasonic,150550
furniture,new,Regal,14100
bicycle,new,Phoenix,26200
appliance,new,Singer,88100
fashion,new,Sailor,8050
books,new,Pearson,500
gaming,new,Razer,88400
accessories,new,Apple,11050
phone,excellent,Google,58200
laptop,excellent,Dell,26650
camera,excellent,Fujifilm,30500
furniture,excellent,Otobi,20150
bicycle,excellent,Trek,26650
appliance,excellent,Samsung,67250
fashion,excellent,Sailor,600
books,excellent,Penguin,900
gaming,excellent,Razer,66950
accessories,excellent,Anker,10500
phone,good,Realme,32750
laptop,good,Apple,60550
camera,good,Panasonic,13550
furniture,good,Regal,2750
bicycle,good,Duranta,19600
appliance,good,Singer,53400
fashion,good,Sailor,5800
books,good,Nilkhet,3200
gaming,good,Logitech,29300
accessories,good,Apple,11950
phone,fair,Samsung,22700
laptop,fair,Lenovo,55850
camera,fair,Panasonic,61200
furniture,fair,Hatil,19500
bicycle,fair,Hero,20800
appliance,fair,Samsung,15550
fashion,fair,Aarong,8050
books,fair,Cambridge,1700
gaming,fair,Nintendo,2650
accessories,fair,Apple,4100
phone,poor,Xiaomi,4100
laptop,poor,Dell,35350
camera,poor,Nikon,34400
furniture,poor,IKEA,11650
bicycle,poor,Giant,16950
appliance,poor,Samsung,11600
fashion,poor,Generic,450
books,poor,Pearson,350
gaming,poor,Nintendo,7850
accessories,poor,Apple,3050
phone,new,Xiaomi,31800
laptop,new,Dell,49600
camera,new,Sony,119350
furniture,new,Otobi,46800
bicycle,new,Hero,83050
appliance,new,Walton,54200
fashion,new,Ecstasy,7600
books,new,OReilly,5400
gaming,new,Sony,76500
accessories,new,Generic,14800
phone,excellent,Samsung,98000
laptop,excellent,Acer,77600
camera,excellent,Fujifilm,53500
furniture,excellent,IKEA,16900
bicycle,excellent,Giant,51200
appliance,excellent,Whirlpool,53300
fashion,excellent,Sailor,4300
books,excellent,OReilly,3350
gaming,excellent,Sony,37950
accessories,excellent,Baseus,12200
phone,good,Apple,18550
laptop,good,Lenovo,88300
camera,good,Nikon,57700
furniture,good,Regal,18600
bicycle,good,Phoenix,45750
appliance,good,Whirlpool,15500
fashion,good,Yellow,2550
books,good,Penguin,1350
gaming,good,Logitech,36200
accessories,good,Generic,7250
phone,fair,Realme,49250
laptop,fair,Dell,51850
camera,fair,Panasonic,21800
furniture,fair,Regal,7950
bicycle,fair,Giant,19650
appliance,fair,Walton,30700
fashion,fair,Aarong,8850
books,fair,Pearson,1950
gaming,fair,Razer,5100
accessories,fair,Anker,6350
phone,poor,OnePlus,11200
laptop,poor,Lenovo,28000
camera,poor,Sony,23700
furniture,poor,Regal,8550
bicycle,poor,Duranta,18650
appliance,poor,Samsung,9700
fashion,poor,Yellow,1900
books,poor,Penguin,1300
gaming,poor,Razer,2550
accessories,poor,Baseus,3100
phone,new,Realme,110100
laptop,new,Acer,73850
camera,new,Canon,74200
furniture,new,Hatil,25700
bicycle,new,Giant,84950
appliance,new,Whirlpool,76200
fashion,new,Yellow,4700
books,new,Penguin,4550
gaming,new,Nintendo,22950
accessories,new,Samsung,19300
phone,excellent,Google,52550
laptop,excellent,Acer,83550
camera,excellent,Sony,70500
furniture,excellent,IKEA,40050
bicycle,excellent,Giant,34100
appliance,excellent,LG,70850
fashion,excellent,Yellow,1500
books,excellent,Pearson,2350
gaming,excellent,Sony,20350
accessories,excellent,Apple,4750
phone,good,Samsung,66800
laptop,good,Lenovo,45500
camera,good,Fujifilm,59000
furniture,good,Otobi,27150
bicycle,good,Phoenix,15850
appliance,good,Samsung,46900
fashion,good,Aarong,1200
books,good,Nilkhet,100
gaming,good,Microsoft,48650
accessories,good,Baseus,1450
phone,fair,Samsung,38600
laptop,fair,Asus,32250
camera,fair,Fujifilm,32850
furniture,fair,Regal,7750
bicycle,fair,Trek,38500
appliance,fair,Samsung,33700
fashion,fair,Sailor,6950
books,fair,Nilkhet,950
gaming,fair,Razer,20300
accessories,fair,Generic,5550
phone,poor,OnePlus,23300
laptop,poor,Acer,36700
camera,poor,Canon,15600
furniture,poor,Hatil,9250
bicycle,poor,Phoenix,4900
appliance,poor,Walton,2450
fashion,poor,Yellow,2400
books,poor,Cambridge,1350
gaming,poor,Microsoft,19050
accessories,poor,Apple,150
phone,new,Samsung,53950
laptop,new,Acer,98100
camera,new,Nikon,56050
furniture,new,Hatil,35250
bicycle,new,Phoenix,58350
appliance,new,Singer,69400
fashion,new,Generic,3300
books,new,OReilly,5300
gaming,new,Microsoft,11600
accessories,new,Anker,14950
phone,excellent,Google,68950
laptop,excellent,Lenovo,81700
camera,excellent,Canon,76850
furniture,excellent,Hatil,32750
bicycle,excellent,Trek,52400
appliance,excellent,Whirlpool,5400
fashion,excellent,Yellow,2250
books,excellent,OReilly,4400
gaming,excellent,Sony,66950
accessories,excellent,Anker,15400
phone,good,Samsung,58100
laptop,good,Lenovo,94200
camera,good,Fujifilm,56950
furniture,good,IKEA,13200
bicycle,good,Trek,4050
appliance,good,Samsung,3350
fashion,good,Yellow,4300
books,good,OReilly,600
gaming,good,Razer,8150
accessories,good,Samsung,2850
phone,fair,Xiaomi,35500
laptop,fair,Apple,64200
camera,fair,Panasonic,30050
furniture,fair,Otobi,6350
bicycle,fair,Giant,21500
appliance,fair,LG,35950
fashion,fair,Ecstasy,650
books,fair,OReilly,950
gaming,fair,Logitech,5600
accessories,fair,Baseus,1600
phone,poor,Samsung,7200
laptop,poor,Asus,32350
camera,poor,Panasonic,27400
furniture,poor,IKEA,6350
bicycle,poor,Giant,2900
appliance,poor,Walton,13250
fashion,poor,Yellow,700
books,poor,Pearson,200
gaming,poor,Microsoft,12600
accessories,poor,Anker,1200
phone,new,Google,40100
laptop,new,Apple,106550
camera,new,Sony,47900
furniture,new,Local,20650
bicycle,new,Trek,32100
appliance,new,Samsung,59750
fashion,new,Sailor,12200
books,new,Cambridge,3200
gaming,new,Razer,7600
accessories,new,Baseus,21300
phone,excellent,Apple,80800
laptop,excellent,Dell,30500
camera,excellent,Panasonic,59950
furniture,excellent,Otobi,34050
bicycle,excellent,Trek,35900
appliance,excellent,Whirlpool,44350
fashion,excellent,Sailor,4800
books,excellent,Penguin,4050
gaming,excellent,Razer,61900
accessories,excellent,Apple,3200
phone,good,Samsung,48500
laptop,good,Dell,61550
camera,good,Sony,45350
furniture,good,Hatil,950
bicycle,good,Trek,3550
appliance,good,Walton,50250
fashion,good,Sailor,5500
books,good,OReilly,4050
gaming,good,Logitech,1700
accessories,good,Anker,2750
phone,fair,Samsung,25950
laptop,fair,Lenovo,73700
camera,fair,Panasonic,34150
furniture,fair,Otobi,21250
bicycle,fair,Duranta,18950
appliance,fair,LG,4500
fashion,fair,Sailor,4350
books,fair,OReilly,3000
gaming,fair,Razer,17050
accessories,fair,Apple,2900
phone,poor,Samsung,21850
laptop,poor,Lenovo,14750
camera,poor,Fujifilm,7900
furniture,poor,IKEA,10950
bicycle,poor,Trek,20350
appliance,poor,Whirlpool,17300
fashion,poor,Aarong,800
books,poor,Penguin,100
gaming,poor,Razer,5600
accessories,poor,Apple,1150
phone,new,Realme,128900
laptop,new,Dell,90050
camera,new,Nikon,82400
furniture,new,Otobi,51600
bicycle,new,Duranta,68750
appliance,new,Singer,40800
fashion,new,Yellow,17100
books,new,Pearson,5100
gaming,new,Logitech,85500
accessories,new,Anker,13900
phone,excellent,Samsung,28700
laptop,excellent,Acer,66900
camera,excellent,Canon,27050
furniture,excellent,Otobi,32750
bicycle,excellent,Phoenix,44900
appliance,excellent,Samsung,32650
fashion,excellent,Sailor,6800
books,excellent,Penguin,1400
gaming,excellent,Microsoft,20300
accessories,excellent,Apple,2050
phone,good,Realme,56300
laptop,good,Lenovo,24700
camera,good,Fujifilm,15400
furniture,good,IKEA,30050
bicycle,good,Phoenix,28250
appliance,good,Samsung,39600
fashion,good,Sailor,2600
books,good,Pearson,3350
gaming,good,Sony,20800
accessories,good,Apple,3450
phone,fair,Realme,7800
laptop,fair,Asus,43100
camera,fair,Fujifilm,31900
furniture,fair,Otobi,22750
bicycle,fair,Duranta,33600
appliance,fair,Walton,38600
fashion,fair,Aarong,1700
books,fair,Penguin,250
gaming,fair,Sony,28100
accessories,fair,Baseus,700
phone,poor,Apple,27400
laptop,poor,Asus,31250
camera,poor,Canon,27850
furniture,poor,Regal,9500
bicycle,poor,Phoenix,10800
appliance,poor,LG,7300
fashion,poor,Sailor,1550
books,poor,Cambridge,500
gaming,poor,Nintendo,13200
accessories,poor,Baseus,5250
phone,new,Apple,73600
laptop,new,Dell,160550
camera,new,Sony,99950
furniture,new,Regal,40550
bicycle,new,Phoenix,69400
appliance,new,Walton,13200
fashion,new,Sailor,17450
books,new,OReilly,4800
gaming,new,Nintendo,51350
accessories,new,Baseus,5950
phone,excellent,OnePlus,89700
laptop,excellent,Apple,103350
camera,excellent,Panasonic,37400
furniture,excellent,Hatil,21250
bicycle,excellent,Giant,35350
appliance,excellent,Singer,13800
fashion,excellent,Generic,13550
books,excellent,Penguin,4400
gaming,excellent,Logitech,56400
accessories,excellent,Samsung,12850
phone,good,Google,34000
laptop,good,Lenovo,35600
camera,good,Canon,58150
furniture,good,Otobi,6250
bicycle,good,Trek,52500
appliance,good,Walton,38600
fashion,good,Aarong,6450
books,good,Cambridge,1000
gaming,good,Logitech,10100
accessories,good,Apple,5100
phone,fair,Xiaomi,41250
laptop,fair,Asus,26950
camera,fair,Canon,65900
furniture,fair,Regal,2150
bicycle,fair,Trek,5600
appliance,fair,Walton,30500
fashion,fair,Yellow,6700
books,fair,Pearson,1850
gaming,fair,Razer,9300
accessories,fair,Baseus,5700
phone,poor,Apple,18900
laptop,poor,Apple,36300
camera,poor,Nikon,19150
furniture,poor,IKEA,8350
bicycle,poor,Hero,15650
appliance,poor,Samsung,15450
fashion,poor,Yellow,2400
books,poor,Cambridge,850
gaming,poor,Sony,5050
accessories,poor,Anker,2550
phone,new,Samsung,90650
laptop,new,Acer,41000
camera,new,Canon,113400
furniture,new,Hatil,36300
bicycle,new,Giant,34450
appliance,new,Walton,64650
fashion,new,Yellow,19750
books,new,Cambridge,4600
gaming,new,Microsoft,30700
accessories,new,Samsung,18450
phone,excellent,Google,60900
laptop,excellent,Dell,92800
camera,excellent,Sony,60450
furniture,excellent,Regal,2300
bicycle,excellent,Phoenix,9350
appliance,excellent,Singer,29600
fashion,excellent,Generic,4550
books,excellent,Cambridge,2600
gaming,excellent,Sony,28150
accessories,excellent,Anker,12800
phone,good,OnePlus,15650
laptop,good,Asus,106550
camera,good,Panasonic,27850
furniture,good,Local,2700
bicycle,good,Duranta,15100
appliance,good,Singer,32200
fashion,good,Yellow,6650
books,good,Penguin,1850
gaming,good,Sony,24200
accessories,good,Anker,1750
phone,fair,Samsung,23650
laptop,fair,HP,27800
camera,fair,Nikon,51850
furniture,fair,Local,15400
bicycle,fair,Trek,2200
appliance,fair,Samsung,17850
fashion,fair,Ecstasy,6750
books,fair,Penguin,2500
gaming,fair,Logitech,9900
accessories,fair,Samsung,1850
phone,poor,Google,15450
laptop,poor,Lenovo,36200
camera,poor,Sony,10900
furniture,poor,Local,6950
bicycle,poor,Hero,13400
appliance,poor,Walton,19350
fashion,poor,Ecstasy,2600
books,poor,OReilly,150
gaming,poor,Logitech,20250
accessories,poor,Samsung,1850
phone,new,Realme,105350
laptop,new,HP,43550
camera,new,Sony,67800
furniture,new,Regal,8500
bicycle,new,Giant,33950
appliance,new,LG,77650
fashion,new,Generic,9700
books,new,OReilly,7250
gaming,new,Razer,44250
accessories,new,Apple,19200
phone,excellent,Realme,76100
laptop,excellent,Acer,108150
camera,excellent,Nikon,15450
furniture,excellent,Local,10700
bicycle,excellent,Phoenix,50600
appliance,excellent,Whirlpool,13350
fashion,excellent,Generic,5550
books,excellent,Cambridge,3050
gaming,excellent,Sony,15850
accessories,excellent,Anker,9650
phone,good,Samsung,71450
laptop,good,Dell,56450
camera,good,Fujifilm,57600
furniture,good,Otobi,850
bicycle,good,Phoenix,40350
appliance,good,Whirlpool,13100
fashion,good,Yellow,5600
books,good,Cambridge,700
gaming,good,Sony,17500
accessories,good,Apple,3950
phone,fair,Google,12800
laptop,fair,Dell,42850
camera,fair,Sony,61200
furniture,fair,Regal,18450
bicycle,fair,Hero,8050
appliance,fair,Singer,32750
fashion,fair,Aarong,5450
books,fair,OReilly,300
gaming,fair,Logitech,22700
accessories,fair,Anker,7000
phone,poor,Apple,20050
laptop,poor,Asus,26100
camera,poor,Canon,10350
furniture,poor,Otobi,1100
bicycle,poor,Hero,2450
appliance,poor,Whirlpool,13050
fashion,poor,Aarong,3050
books,poor,Penguin,400
gaming,poor,Microsoft,14900
accessories,poor,Generic,1250
phone,new,OnePlus,73350
laptop,new,Asus,89200
camera,new,Fujifilm,95650
furniture,new,Local,4650
bicycle,new,Hero,11350
appliance,new,Walton,44600
fashion,new,Aarong,6400
books,new,OReilly,7150
gaming,new,Microsoft,48050
accessories,new,Apple,6550
phone,excellent,Samsung,12800
laptop,excellent,Acer,38550
camera,excellent,Panasonic,57100
furniture,excellent,Otobi,11650
bicycle,excellent,Duranta,61950
appliance,excellent,Walton,55300
fashion,excellent,Aarong,9200
books,excellent,Cambridge,250
gaming,excellent,Razer,26550
accessories,excellent,Samsung,14200
phone,good,Realme,85450
laptop,good,Asus,107550
camera,good,Panasonic,70450
furniture,good,IKEA,27350
bicycle,good,Trek,49150
appliance,good,Walton,6700
fashion,good,Ecstasy,1850
books,good,Cambridge,1000
gaming,good,Nintendo,28200
accessories,good,Apple,7800
phone,fair,OnePlus,15900
laptop,fair,HP,62450
camera,fair,Fujifilm,29550
furniture,fair,Local,19050
bicycle,fair,Duranta,29350
appliance,fair,Singer,6300
fashion,fair,Yellow,8050
books,fair,Cambridge,350
gaming,fair,Nintendo,1950
accessories,fair,Anker,2650
phone,poor,OnePlus,28450
laptop,poor,HP,11350
camera,poor,Nikon,10500
furniture,poor,Regal,1700
bicycle,poor,Hero,2600
appliance,poor,Singer,5100
fashion,poor,Generic,1050
books,poor,Nilkhet,350
gaming,poor,Nintendo,6850
accessories,poor,Baseus,1900
phone,new,Xiaomi,106200
laptop,new,Lenovo,66000
camera,new,Panasonic,110000
furniture,new,Regal,53600
bicycle,new,Giant,71250
appliance,new,Singer,71700
fashion,new,Generic,5300
books,new,OReilly,4200
gaming,new,Sony,11800
accessories,new,Samsung,10050
phone,excellent,Realme,77800
laptop,excellent,Dell,98950
camera,excellent,Sony,96050
furniture,excellent,Local,25400
bicycle,excellent,Giant,16900
appliance,excellent,Samsung,16250
fashion,excellent,Sailor,13650
books,excellent,OReilly,650
gaming,excellent,Logitech,3850
accessories,excellent,Samsung,7900
phone,good,Apple,67900
laptop,good,Asus,35600
camera,good,Canon,74600
furniture,good,Hatil,26900
bicycle,good,Phoenix,25300
appliance,good,Singer,48900
fashion,good,Sailor,2300
books,good,Pearson,3150
gaming,good,Microsoft,29900
accessories,good,Apple,150
phone,fair,Xiaomi,21400
laptop,fair,Dell,60550
camera,fair,Panasonic,54100
furniture,fair,Otobi,4850
bicycle,fair,Duranta,21250
appliance,fair,LG,20800
fashion,fair,Ecstasy,4250
books,fair,Penguin,1800
gaming,fair,Nintendo,20600
accessories,fair,Generic,9650
phone,poor,Xiaomi,25050
laptop,poor,Asus,28550
camera,poor,Nikon,10350
furniture,poor,Local,13150
bicycle,poor,Giant,18200
appliance,poor,Walton,7650
fashion,poor,Ecstasy,1950
books,poor,Cambridge,100
gaming,poor,Razer,9500
accessories,poor,Generic,2300
phone,new,Apple,83300
laptop,new,Asus,115500
camera,new,Fujifilm,144150
furniture,new,Hatil,24300
bicycle,new,Hero,30300
appliance,new,Whirlpool,45650
fashion,new,Ecstasy,8000
books,new,OReilly,4850
gaming,new,Razer,3650
accessories,new,Baseus,14450
phone,excellent,Google,61300
laptop,excellent,Asus,72350
camera,excellent,Nikon,18150
furniture,excellent,IKEA,24100
bicycle,excellent,Phoenix,54250
appliance,excellent,Singer,51300
fashion,excellent,Aarong,14000
books,excellent,Pearson,4000
gaming,excellent,Microsoft,32100
accessories,excellent,Anker,10300
phone,good,Xiaomi,51150
laptop,good,Acer,43650
camera,good,Fujifilm,74650
furniture,good,IKEA,1350
bicycle,good,Phoenix,24300
appliance,good,Walton,32950
fashion,good,Ecstasy,9500
books,good,Nilkhet,1600
gaming,good,Microsoft,2800
accessories,good,Anker,11450
phone,fair,Apple,18950
laptop,fair,Acer,14050
camera,fair,Nikon,35250
furniture,fair,IKEA,11600
bicycle,fair,Trek,24450
appliance,fair,Whirlpool,31150
fashion,fair,Aarong,3650
books,fair,Nilkhet,2750
gaming,fair,Sony,6050
accessories,fair,Apple,2100
phone,poor,Google,27050
laptop,poor,Apple,18800
camera,poor,Canon,28250
furniture,poor,Local,450
bicycle,poor,Phoenix,15500
appliance,poor,Singer,8500
fashion,poor,Aarong,850
books,poor,Cambridge,150
gaming,poor,Sony,20200
accessories,poor,Samsung,3750
phone,new,Google,96950
laptop,new,Acer,83250
camera,new,Sony,110750
furniture,new,Local,27650
bicycle,new,Phoenix,53800
appliance,new,Whirlpool,76550
fashion,new,Yellow,5150
books,new,Nilkhet,1900
gaming,new,Razer,42750
accessories,new,Generic,16350
phone,excellent,Xiaomi,49700
laptop,excellent,Dell,107400
camera,excellent,Canon,64050
furniture,excellent,Otobi,11050
bicycle,excellent,Phoenix,36150
appliance,excellent,Walton,31900
fashion,excellent,Sailor,4600
books,excellent,OReilly,3450
gaming,excellent,Logitech,10200
accessories,excellent,Anker,2950
phone,good,Samsung,57450
laptop,good,HP,54500
camera,good,Nikon,64650
furniture,good,Regal,18200
bicycle,good,Duranta,52350
appliance,good,Singer,22750
fashion,good,Sailor,12700
books,good,Cambridge,300
gaming,good,Sony,38500
accessories,good,Samsung,6350
phone,fair,Samsung,16350
laptop,fair,Asus,24750
camera,fair,Panasonic,35700
furniture,fair,Otobi,16500
bicycle,fair,Trek,13550
appliance,fair,Whirlpool,41150
fashion,fair,Ecstasy,800
books,fair,OReilly,1350
gaming,fair,Logitech,38100
accessories,fair,Samsung,2400
phone,poor,Realme,14450
laptop,poor,HP,31200
camera,poor,Nikon,18050
furniture,poor,Otobi,11100
bicycle,poor,Hero,17250
appliance,poor,Walton,6200
fashion,poor,Yellow,2700
books,poor,Cambridge,1500
gaming,poor,Razer,14350
accessories,poor,Anker,3300
phone,new,Realme,92600
laptop,new,HP,69750
camera,new,Panasonic,36700
furniture,new,Regal,6100
bicycle,new,Giant,31150
appliance,new,Singer,31300
fashion,new,Aarong,9000
books,new,Pearson,3250
gaming,new,Logitech,21900
accessories,new,Apple,17550
phone,excellent,Realme,63250
laptop,excellent,Dell,53400
camera,excellent,Fujifilm,126350
furniture,excellent,Otobi,10550
bicycle,excellent,Giant,16900
appliance,excellent,Samsung,17950
fashion,excellent,Generic,6200
books,excellent,OReilly,400
gaming,excellent,Logitech,7100
accessories,excellent,Samsung,12350
phone,good,Realme,48200
laptop,good,Lenovo,67200
camera,good,Sony,95450
furniture,good,Hatil,8300
bicycle,good,Trek,30550
appliance,good,Samsung,25600
fashion,good,Generic,9500
books,good,OReilly,1700
gaming,good,Logitech,11800
accessories,good,Apple,11650
phone,fair,Xiaomi,41300
laptop,fair,Lenovo,61600
camera,fair,Panasonic,12100
furniture,fair,IKEA,14550
bicycle,fair,Duranta,19500
appliance,fair,Whirlpool,28650
fashion,fair,Yellow,6250
books,fair,Penguin,950
gaming,fair,Sony,18350
accessories,fair,Generic,1900
phone,poor,Apple,26750
laptop,poor,Dell,21700
camera,poor,Canon,17350
furniture,poor,Otobi,5050
bicycle,poor,Hero,9900
appliance,poor,Singer,5500
fashion,poor,Sailor,4400
books,poor,Pearson,1000
gaming,poor,Microsoft,1650
accessories,poor,Anker,3150
phone,new,OnePlus,20750
laptop,new,Lenovo,149450
camera,new,Nikon,58600
furniture,new,Local,46500
bicycle,new,Phoenix,37300
appliance,new,Samsung,16800
fashion,new,Aarong,12400
books,new,OReilly,5300
gaming,new,Nintendo,38550
accessories,new,Apple,11600
phone,excellent,Samsung,39100
laptop,excellent,Dell,70300
camera,excellent,Canon,28900
furniture,excellent,Local,21050
bicycle,excellent,Hero,33500
appliance,excellent,LG,35700
fashion,excellent,Yellow,5850
books,excellent,Penguin,950
gaming,excellent,Nintendo,54450
accessories,excellent,Apple,13500
phone,good,Apple,36600
laptop,good,Asus,26800
camera,good,Canon,52050
furniture,good,IKEA,15500
bicycle,good,Duranta,49350
appliance,good,Whirlpool,60700
fashion,good,Generic,11550
books,good,Penguin,3150
gaming,good,Nintendo,61950
accessories,good,Apple,4950
phone,fair,Samsung,14050
laptop,fair,Acer,12150
camera,fair,Canon,58700
furniture,fair,Regal,6650
bicycle,fair,Duranta,25100
appliance,fair,Walton,11650
fashion,fair,Generic,6200
books,fair,Nilkhet,2750
gaming,fair,Sony,23500
accessories,fair,Baseus,1450
phone,poor,Samsung,26700
laptop,poor,Acer,16700
camera,poor,Nikon,30700
furniture,poor,IKEA,7650
bicycle,poor,Giant,15600
appliance,poor,LG,11950
fashion,poor,Ecstasy,2550
books,poor,Nilkhet,600
gaming,poor,Razer,1050
accessories,poor,Anker,650
phone,new,Apple,62950
laptop,new,Asus,80900
camera,new,Sony,19500
furniture,new,Hatil,33800
bicycle,new,Giant,78800
appliance,new,Walton,52850
fashion,new,Aarong,8350
books,new,Cambridge,2200
gaming,new,Logitech,76050
accessories,new,Baseus,2200
phone,excellent,Realme,40750
laptop,excellent,Lenovo,49300
camera,excellent,Panasonic,53500
furniture,excellent,IKEA,33150
bicycle,excellent,Giant,58750
appliance,excellent,Samsung,20400
fashion,excellent,Generic,6350
books,excellent,OReilly,2350
gaming,excellent,Razer,28400
accessories,excellent,Generic,9950
phone,good,Samsung,43550
laptop,good,Acer,87200
camera,good,Sony,59900
furniture,good,Hatil,22150
bicycle,good,Hero,50850
appliance,good,Singer,37850
fashion,good,Sailor,8100
books,good,Cambridge,3800
gaming,good,Razer,13800
accessories,good,Baseus,3050
phone,fair,OnePlus,30800
laptop,fair,Apple,22150
camera,fair,Fujifilm,22500
furniture,fair,Otobi,21100
bicycle,fair,Giant,10150
appliance,fair,Singer,14150
fashion,fair,Aarong,3200
books,fair,OReilly,2600
gaming,fair,Nintendo,17700
accessories,fair,Apple,700
phone,poor,Samsung,11300
laptop,poor,Dell,15250
camera,poor,Sony,25700
furniture,poor,Otobi,2400
bicycle,poor,Phoenix,2450
appliance,poor,Whirlpool,22300
fashion,poor,Aarong,3800
books,poor,Pearson,800
gaming,poor,Microsoft,6000
accessories,poor,Baseus,4400
phone,new,Samsung,38750
laptop,new,HP,62600
camera,new,Sony,34650
furniture,new,IKEA,28600
bicycle,new,Hero,62400
appliance,new,Singer,64250
fashion,new,Yellow,8050
books,new,Cambridge,1000
gaming,new,Nintendo,33100
accessories,new,Generic,8850
phone,excellent,Google,40850
laptop,excellent,HP,26250
camera,excellent,Nikon,129950
furniture,excellent,IKEA,27500
bicycle,excellent,Trek,47850
appliance,excellent,Samsung,36950
fashion,excellent,Ecstasy,15400
books,excellent,Nilkhet,4350
gaming,excellent,Razer,60400
accessories,excellent,Samsung,12700
phone,good,Xiaomi,55950
laptop,good,Asus,79550
camera,good,Fujifilm,49950
furniture,good,Otobi,20900
bicycle,good,Trek,31250
appliance,good,Whirlpool,46900
fashion,good,Sailor,4550
books,good,Pearson,3450
gaming,good,Sony,31450
accessories,good,Apple,10350
phone,fair,Realme,16050
laptop,fair,Asus,16850
camera,fair,Fujifilm,9400
furniture,fair,Otobi,12150
bicycle,fair,Phoenix,2950
appliance,fair,Singer,15850
fashion,fair,Generic,1500
books,fair,Cambridge,1650
gaming,fair,Sony,31800
accessories,fair,Anker,200
phone,poor,Realme,4650
laptop,poor,Acer,31750
camera,poor,Sony,9150
furniture,poor,Otobi,2250
bicycle,poor,Duranta,12550
appliance,poor,Singer,10500
fashion,poor,Yellow,400
books,poor,OReilly,650
gaming,poor,Nintendo,6250
accessories,poor,Generic,2350
phone,new,OnePlus,49450
laptop,new,Apple,74400
camera,new,Fujifilm,101850
furniture,new,IKEA,37900
bicycle,new,Duranta,58400
appliance,new,LG,81150
fashion,new,Ecstasy,4500
books,new,OReilly,400
gaming,new,Microsoft,36400
accessories,new,Generic,5850
phone,excellent,Apple,37700
laptop,excellent,Acer,78300
camera,excellent,Fujifilm,105100
furniture,excellent,Regal,4400
bicycle,excellent,Hero,57950
appliance,excellent,Whirlpool,10650
fashion,excellent,Yellow,7300
books,excellent,Penguin,5200
gaming,excellent,Microsoft,56700
accessories,excellent,Generic,6150
phone,good,Samsung,77600
laptop,good,Apple,61200
camera,good,Nikon,18600
furniture,good,Regal,7300
bicycle,good,Hero,38550
appliance,good,Walton,3000
fashion,good,Generic,6250
books,good,Penguin,1250
gaming,good,Logitech,28400
accessories,good,Samsung,10800
phone,fair,Samsung,18050
laptop,fair,Apple,37100
camera,fair,Fujifilm,48450
furniture,fair,Hatil,23750
bicycle,fair,Hero,33350
appliance,fair,LG,2250
fashion,fair,Yellow,4750
books,fair,Nilkhet,1500
gaming,fair,Microsoft,26250
accessories,fair,Baseus,2900
phone,poor,Samsung,9600
laptop,poor,Apple,32850
camera,poor,Canon,17950
furniture,poor,Regal,1350
bicycle,poor,Duranta,14150
appliance,poor,Samsung,13800
fashion,poor,Sailor,2950
books,poor,Penguin,900
gaming,poor,Logitech,8100
accessories,poor,Anker,2100
phone,new,Xiaomi,77800
laptop,new,Apple,39400
camera,new,Sony,22850
furniture,new,Otobi,39250
bicycle,new,Hero,56300
appliance,new,Singer,75750
fashion,new,Generic,15700
books,new,Cambridge,3550
gaming,new,Razer,41000
accessories,new,Samsung,12000
phone,excellent,Realme,78050
laptop,excellent,HP,63950
camera,excellent,Panasonic,79200
furniture,excellent,Hatil,1600
bicycle,excellent,Giant,29700
appliance,excellent,Singer,61800
fashion,excellent,Yellow,10350
books,excellent,Pearson,5050
gaming,excellent,Microsoft,8000
accessories,excellent,Anker,18100
phone,good,OnePlus,59600
laptop,good,Lenovo,69600
camera,good,Canon,91800
furniture,good,Local,15700
bicycle,good,Trek,33600
appliance,good,Singer,50300
fashion,good,Ecstasy,7600
books,good,Penguin,2500
gaming,good,Logitech,14700
accessories,good,Baseus,2500
phone,fair,Google,32450
laptop,fair,Acer,63850
camera,fair,Fujifilm,47450
furniture,fair,Hatil,10900
bicycle,fair,Hero,23000
appliance,fair,Walton,3550
fashion,fair,Aarong,7600
books,fair,Pearson,1100
gaming,fair,Logitech,34200
accessories,fair,Samsung,5550
phone,poor,Xiaomi,21900
laptop,poor,Asus,12150
camera,poor,Canon,39100
furniture,poor,Otobi,11450
bicycle,poor,Giant,3550
appliance,poor,Whirlpool,8650
fashion,poor,Aarong,2350
books,poor,Pearson,1350
gaming,poor,Razer,1550
accessories,poor,Apple,3600
phone,new,Xiaomi,58550
laptop,new,Asus,67650
camera,new,Panasonic,120000
furniture,new,Regal,35300
bicycle,new,Giant,62550
appliance,new,Samsung,20600
fashion,new,Ecstasy,11400
books,new,OReilly,950
gaming,new,Nintendo,58150
accessories,new,Baseus,8500
phone,excellent,Xiaomi,40800
laptop,excellent,Asus,39100
camera,excellent,Fujifilm,69500
furniture,excellent,Local,32050
bicycle,excellent,Hero,21050
appliance,excellent,LG,39900
fashion,excellent,Yellow,6900
books,excellent,Penguin,2150
gaming,excellent,Sony,34600
accessories,excellent,Generic,950
phone,good,Realme,63500
laptop,good,Apple,21750
camera,good,Panasonic,57050
furniture,good,Hatil,2900
bicycle,good,Hero,38950
appliance,good,Singer,11950
fashion,good,Yellow,9100
books,good,OReilly,850
gaming,good,Logitech,2800
accessories,good,Generic,7400
phone,fair,OnePlus,30700
laptop,fair,Apple,66600
camera,fair,Fujifilm,13450
furniture,fair,Otobi,2550
bicycle,fair,Trek,27200
appliance,fair,Samsung,14300
fashion,fair,Sailor,6550
books,fair,Pearson,1450
gaming,fair,Microsoft,44450
accessories,fair,Samsung,7600
phone,poor,Realme,19100
laptop,poor,Asus,29450
camera,poor,Fujifilm,21950
furniture,poor,Hatil,7150
bicycle,poor,Hero,14100
appliance,poor,Samsung,8350
fashion,poor,Generic,2550
books,poor,OReilly,1200
gaming,poor,Nintendo,1150
accessories,poor,Baseus,3450
phone,new,Apple,48550
laptop,new,Dell,112050
camera,new,Panasonic,20800
furniture,new,Otobi,41400
bicycle,new,Hero,19950
appliance,new,LG,12800
fashion,new,Generic,3100
books,new,Nilkhet,5150
gaming,new,Logitech,69200
accessories,new,Anker,4750
phone,excellent,OnePlus,46800
laptop,excellent,Dell,59950
camera,excellent,Panasonic,27950
furniture,excellent,Regal,38750
bicycle,excellent,Giant,35650
appliance,excellent,Singer,15850
fashion,excellent,Yellow,3000
books,excellent,Pearson,4150
gaming,excellent,Nintendo,12850
accessories,excellent,Anker,15350
phone,good,OnePlus,56200
laptop,good,Lenovo,91000
camera,good,Fujifilm,13950
furniture,good,IKEA,1850
bicycle,good,Giant,54850
appliance,good,LG,47350
fashion,good,Ecstasy,6100
books,good,Nilkhet,1550
gaming,good,Nintendo,13350
accessories,good,Anker,11200
phone,fair,Samsung,48550
laptop,fair,Apple,51150
camera,fair,Fujifilm,8850
furniture,fair,Local,3700
bicycle,fair,Duranta,11150
appliance,fair,Walton,20350
fashion,fair,Ecstasy,2950
books,fair,Penguin,850
gaming,fair,Logitech,22650
accessories,fair,Baseus,2600
phone,poor,Realme,20850
laptop,poor,HP,7150
camera,poor,Sony,4950
furniture,poor,Local,4150
bicycle,poor,Hero,2500
appliance,poor,LG,22700
fashion,poor,Yellow,250
books,poor,OReilly,1300
gaming,poor,Nintendo,10050
accessories,poor,Generic,3800
phone,new,Realme,127550
laptop,new,Dell,36450
camera,new,Fujifilm,63200
furniture,new,IKEA,40150
bicycle,new,Hero,40100
appliance,new,Whirlpool,42200
fashion,new,Sailor,4650
books,new,OReilly,3750
gaming,new,Logitech,44700
accessories,new,Generic,4150
phone,excellent,OnePlus,27600
laptop,excellent,Dell,52100
camera,excellent,Canon,66650
furniture,excellent,Local,15850
bicycle,excellent,Hero,28650
appliance,excellent,Singer,54850
fashion,excellent,Ecstasy,5700
books,excellent,Pearson,1400
gaming,excellent,Nintendo,48300
accessories,excellent,Anker,5000
phone,good,Google,57700
laptop,good,Apple,35400
camera,good,Fujifilm,53400
furniture,good,IKEA,14900
bicycle,good,Phoenix,50000
appliance,good,Walton,30650
fashion,good,Sailor,4900
books,good,Nilkhet,800
gaming,good,Razer,8000
accessories,good,Samsung,10400
phone,fair,Realme,32250
laptop,fair,HP,60900
camera,fair,Sony,43200
furniture,fair,Otobi,22250
bicycle,fair,Phoenix,38250
appliance,fair,Singer,21900
fashion,fair,Generic,8900
books,fair,Nilkhet,2050
gaming,fair,Logitech,17150
accessories,fair,Baseus,4250
phone,poor,Apple,7300
laptop,poor,Acer,17400
camera,poor,Nikon,11700
furniture,poor,Local,4500
bicycle,poor,Duranta,19300
appliance,poor,Singer,5900
fashion,poor,Aarong,3050
books,poor,Nilkhet,1050
gaming,poor,Razer,2400
accessories,poor,Samsung,4850
phone,new,OnePlus,125550
laptop,new,Lenovo,69300
camera,new,Canon,97750
furniture,new,Otobi,36300
bicycle,new,Phoenix,65500
appliance,new,Whirlpool,76050
fashion,new,Sailor,17550
books,new,Cambridge,4700
gaming,new,Sony,80550
accessories,new,Apple,19100
phone,excellent,Samsung,83800
laptop,excellent,HP,62600
camera,excellent,Panasonic,17900
furniture,excellent,Regal,14100
bicycle,excellent,Giant,14150
appliance,excellent,Singer,38700
fashion,excellent,Ecstasy,1100
books,excellent,Pearson,3650
gaming,excellent,Nintendo,64300
accessories,excellent,Apple,1500
phone,good,Apple,51900
laptop,good,Lenovo,58950
camera,good,Canon,51900
furniture,good,Local,21400
bicycle,good,Hero,13650
appliance,good,Whirlpool,31350
fashion,good,Ecstasy,4150
books,good,Pearson,1250
gaming,good,Nintendo,9100
accessories,good,Generic,14650
phone,fair,Samsung,42950
laptop,fair,Acer,13500
camera,fair,Fujifilm,37050
furniture,fair,Hatil,17750
bicycle,fair,Hero,37850
appliance,fair,Whirlpool,18800
fashion,fair,Yellow,2000
books,fair,Pearson,1600
gaming,fair,Nintendo,25850
accessories,fair,Apple,5100
phone,poor,Realme,9700
laptop,poor,HP,9450
camera,poor,Panasonic,21000
furniture,poor,Hatil,7500
bicycle,poor,Phoenix,1300
appliance,poor,LG,19900
fashion,poor,Ecstasy,1600
books,poor,Pearson,200
gaming,poor,Microsoft,4550
accessories,poor,Anker,2050
phone,new,Apple,36700
laptop,new,Apple,95050
camera,new,Canon,82800
furniture,new,IKEA,16550
bicycle,new,Giant,33100
appliance,new,Samsung,74650
fashion,new,Aarong,9800
books,new,Pearson,800
gaming,new,Razer,32800
accessories,new,Anker,7350
phone,excellent,OnePlus,51900
laptop,excellent,Asus,143750
camera,excellent,Canon,16800
furniture,excellent,Local,31600
bicycle,excellent,Hero,43300
appliance,excellent,Samsung,32450
fashion,excellent,Sailor,3750
books,excellent,OReilly,4200
gaming,excellent,Nintendo,45100
accessories,excellent,Generic,11600
phone,good,Xiaomi,26200
laptop,good,Acer,74300
camera,good,Panasonic,64150
furniture,good,Regal,27100
bicycle,good,Phoenix,52900
appliance,good,Singer,7100
fashion,good,Yellow,1550
books,good,Penguin,3150
gaming,good,Razer,50900
accessories,good,Anker,8800
phone,fair,Google,36700
laptop,fair,Lenovo,31300
camera,fair,Sony,61250
furniture,fair,Regal,7700
bicycle,fair,Trek,30050
appliance,fair,Singer,6500
fashion,fair,Sailor,5150
books,fair,Nilkhet,2550
gaming,fair,Razer,17750
accessories,fair,Samsung,1750
phone,poor,Xiaomi,19250
laptop,poor,Asus,12200
camera,poor,Sony,18100
furniture,poor,Otobi,5900
bicycle,poor,Phoenix,14300
appliance,poor,Singer,10300
fashion,poor,Ecstasy,3150
books,poor,Cambridge,150
gaming,poor,Razer,15550
accessories,poor,Anker,5150
phone,new,Realme,72500
laptop,new,Lenovo,127450
camera,new,Canon,76300
furniture,new,Otobi,21650
bicycle,new,Phoenix,7950
appliance,new,LG,27000
fashion,new,Sailor,3150
books,new,Nilkhet,1050
gaming,new,Logitech,83150
accessories,new,Anker,17650
phone,excellent,Apple,43950
laptop,excellent,Lenovo,78250
camera,excellent,Canon,88550
furniture,excellent,Local,28350
bicycle,excellent,Hero,24700
appliance,excellent,Whirlpool,21900
fashion,excellent,Aarong,9050
books,excellent,Penguin,350
gaming,excellent,Sony,59150
accessories,excellent,Apple,7350
phone,good,OnePlus,72250
laptop,good,Apple,82400
camera,good,Sony,20600
furniture,good,Hatil,17500
bicycle,good,Hero,17900
appliance,good,Singer,52500
fashion,good,Ecstasy,12500
books,good,Pearson,400
gaming,good,Razer,54650
accessories,good,Baseus,6200
phone,fair,Samsung,24850
laptop,fair,Dell,63200
camera,fair,Canon,35300
furniture,fair,IKEA,10600
bicycle,fair,Trek,28250
appliance,fair,Samsung,14650
fashion,fair,Generic,2700
books,fair,Nilkhet,2100
gaming,fair,Sony,22700
accessories,fair,Generic,2150
phone,poor,Google,9900
laptop,poor,Apple,20500
camera,poor,Nikon,32150
furniture,poor,Otobi,9200
bicycle,poor,Hero,20600
appliance,poor,LG,16650
fashion,poor,Generic,600
books,poor,Pearson,1500
gaming,poor,Sony,20850
accessories,poor,Anker,5050
phone,new,Samsung,88050
laptop,new,Asus,69650
camera,new,Fujifilm,42050
furniture,new,Hatil,41800
bicycle,new,Phoenix,39100
appliance,new,LG,61400
fashion,new,Generic,11850
books,new,Cambridge,2450
gaming,new,Microsoft,44550
accessories,new,Baseus,6900
phone,excellent,Google,51400
laptop,excellent,Apple,121850
camera,excellent,Panasonic,34650
furniture,excellent,Regal,8900
bicycle,excellent,Phoenix,32300
appliance,excellent,Whirlpool,57800
fashion,excellent,Sailor,2800
books,excellent,Pearson,3900
gaming,excellent,Razer,23850
accessories,excellent,Generic,16250
phone,good,OnePlus,61350
laptop,good,Asus,41500
camera,good,Panasonic,28850
furniture,good,Local,17950
bicycle,good,Giant,14700
appliance,good,Samsung,35100
fashion,good,Generic,4650
books,good,OReilly,1400
gaming,good,Razer,27500
accessories,good,Apple,8800
phone,fair,Samsung,15200
laptop,fair,Asus,14250
camera,fair,Panasonic,27800
furniture,fair,IKEA,1500
bicycle,fair,Trek,7300
appliance,fair,Whirlpool,15100
fashion,fair,Ecstasy,2900
books,fair,OReilly,1850
gaming,fair,Sony,23900
accessories,fair,Apple,7000
phone,poor,Xiaomi,10400
laptop,poor,Acer,20850
camera,poor,Fujifilm,22900
furniture,poor,Otobi,3550
bicycle,poor,Phoenix,17600
appliance,poor,Whirlpool,6000
fashion,poor,Ecstasy,3000
books,poor,Penguin,1250
gaming,poor,Sony,13150
accessories,poor,Baseus,1100
phone,new,Realme,46500
laptop,new,Acer,33500
camera,new,Panasonic,60500
furniture,new,IKEA,52450
bicycle,new,Phoenix,61500
appliance,new,Whirlpool,9800
fashion,new,Generic,15500
books,new,Cambridge,1250
gaming,new,Microsoft,38300
accessories,new,Generic,18600
phone,excellent,OnePlus,22550
laptop,excellent,Acer,84950
camera,excellent,Nikon,128250
furniture,excellent,IKEA,24500
bicycle,excellent,Hero,60400
appliance,excellent,Singer,50450
fashion,excellent,Ecstasy,3150
books,excellent,Penguin,1200
gaming,excellent,Razer,12550
accessories,excellent,Apple,6000
phone,good,Xiaomi,55600
laptop,good,Acer,50150
camera,good,Canon,22800
furniture,good,Local,14500
bicycle,good,Giant,37500
appliance,good,Samsung,50100
fashion,good,Sailor,7100
books,good,Pearson,1550
gaming,good,Sony,31750
accessories,good,Anker,2750
phone,fair,Google,41800
laptop,fair,Asus,61500
camera,fair,Panasonic,25950
furniture,fair,Regal,7300
bicycle,fair,Phoenix,19350
appliance,fair,Whirlpool,33250
fashion,fair,Ecstasy,7050
books,fair,Nilkhet,2850
gaming,fair,Razer,4750
accessories,fair,Baseus,3600
phone,poor,Google,28300
laptop,poor,Lenovo,18800
camera,poor,Canon,7300
furniture,poor,IKEA,6400
bicycle,poor,Hero,10850
appliance,poor,Whirlpool,10400
fashion,poor,Generic,1400
books,poor,Pearson,400
gaming,poor,Razer,16200
accessories,poor,Generic,2550
phone,new,Apple,66900
laptop,new,Acer,89450
camera,new,Canon,32650
furniture,new,Hatil,18550
bicycle,new,Duranta,33950
appliance,new,Walton,53100
fashion,new,Sailor,12150
books,new,Nilkhet,3050
gaming,new,Microsoft,67150
accessories,new,Samsung,20150
phone,excellent,Apple,19500
laptop,excellent,Dell,99000
camera,excellent,Fujifilm,42400
furniture,excellent,Hatil,11650
bicycle,excellent,Duranta,26700
appliance,excellent,Walton,38800
fashion,excellent,Ecstasy,800
books,excellent,Nilkhet,1250
gaming,excellent,Microsoft,58150
accessories,excellent,Apple,17650
phone,good,Realme,13550
laptop,good,Dell,52050
camera,good,Panasonic,59350
furniture,good,IKEA,12600
bicycle,good,Phoenix,37500
appliance,good,LG,30050
fashion,good,Sailor,8300
books,good,OReilly,4250
gaming,good,Razer,39650
accessories,good,Anker,13700
phone,fair,Samsung,19250
laptop,fair,Dell,14900
camera,fair,Nikon,30250
furniture,fair,Hatil,6900
bicycle,fair,Duranta,17800
appliance,fair,LG,2300
fashion,fair,Ecstasy,1800
books,fair,Nilkhet,700
gaming,fair,Razer,30400
accessories,fair,Anker,10100
phone,poor,Google,28100
laptop,poor,Asus,25300
camera,poor,Canon,14800
furniture,poor,Hatil,4200
bicycle,poor,Duranta,20050
appliance,poor,LG,2650
fashion,poor,Ecstasy,3950
books,poor,OReilly,500
gaming,poor,Logitech,10500
accessories,poor,Anker,1750
phone,new,Xiaomi,63700
laptop,new,Lenovo,125950
camera,new,Canon,112700
furniture,new,Hatil,32900
bicycle,new,Trek,33050
appliance,new,Samsung,47450
fashion,new,Aarong,16950
books,new,OReilly,400
gaming,new,Microsoft,49800
accessories,new,Apple,6500
phone,excellent,Realme,56700
laptop,excellent,HP,107700
camera,excellent,Fujifilm,120400
furniture,excellent,IKEA,42450
bicycle,excellent,Duranta,71150
appliance,excellent,Samsung,24950
fashion,excellent,Yellow,4350
books,excellent,Cambridge,200
gaming,excellent,Logitech,63700
accessories,excellent,Apple,5850
phone,good,Google,21100
laptop,good,Apple,65100
camera,good,Panasonic,37450
furniture,good,Local,17850
bicycle,good,Trek,28850
appliance,good,Whirlpool,45200
fashion,good,Aarong,3200
books,good,OReilly,350
gaming,good,Logitech,31300
accessories,good,Anker,7050
phone,fair,Xiaomi,38200
laptop,fair,Apple,42800
camera,fair,Sony,54150
furniture,fair,IKEA,12700
bicycle,fair,Duranta,20050
appliance,fair,Walton,10100
fashion,fair,Yellow,7250
books,fair,OReilly,1100
gaming,fair,Sony,38700
accessories,fair,Generic,3500
phone,poor,Realme,5300
laptop,poor,Acer,25300
camera,poor,Sony,19500
furniture,poor,IKEA,10800
bicycle,poor,Duranta,10750
appliance,poor,LG,14350
fashion,poor,Sailor,500
books,poor,Nilkhet,1400
gaming,poor,Logitech,19200
accessories,poor,Apple,3800
phone,new,OnePlus,37300
laptop,new,Dell,143150
camera,new,Nikon,132450
furniture,new,IKEA,44150
bicycle,new,Giant,66150
appliance,new,Samsung,14000
fashion,new,Ecstasy,9500
books,new,Nilkhet,1150
gaming,new,Razer,10300
accessories,new,Samsung,17800
phone,excellent,Realme,44450
laptop,excellent,Dell,72100
camera,excellent,Canon,66350
furniture,excellent,IKEA,11100
bicycle,excellent,Duranta,4200
appliance,excellent,Walton,61750
fashion,excellent,Aarong,3800
books,excellent,Pearson,250
gaming,excellent,Microsoft,26100
accessories,excellent,Anker,6100
phone,good,Samsung,70600
laptop,good,HP,32650
camera,good,Sony,77500
furniture,good,IKEA,17700
bicycle,good,Duranta,44150
appliance,good,LG,6850
fashion,good,Yellow,9400
books,good,Penguin,250
gaming,good,Razer,25700
accessories,good,Baseus,5450
phone,fair,Apple,52800
laptop,fair,Dell,42600
camera,fair,Sony,44850
furniture,fair,Otobi,10200
bicycle,fair,Giant,15850
appliance,fair,LG,23700
fashion,fair,Yellow,7350
books,fair,OReilly,2900
gaming,fair,Logitech,11100
accessories,fair,Generic,8750
phone,poor,Realme,11800
laptop,poor,Lenovo,27700
camera,poor,Fujifilm,22900
furniture,poor,Regal,11050
bicycle,poor,Phoenix,20900
appliance,poor,Samsung,22950
fashion,poor,Aarong,3200
books,poor,Cambridge,550
gaming,poor,Logitech,1100
accessories,poor,Generic,1550
phone,new,OnePlus,112600
laptop,new,HP,31650
camera,new,Canon,159800
furniture,new,Otobi,9750
bicycle,new,Hero,62600
appliance,new,Singer,33000
fashion,new,Ecstasy,750
books,new,OReilly,800
gaming,new,Microsoft,47650
accessories,new,Generic,650
phone,excellent,OnePlus,108250
laptop,excellent,Apple,45400
camera,excellent,Nikon,54600
furniture,excellent,IKEA,18900
bicycle,excellent,Duranta,65300
appliance,excellent,Whirlpool,57200
fashion,excellent,Sailor,5100
books,excellent,Penguin,3050
gaming,excellent,Nintendo,46950
accessories,excellent,Apple,6550
phone,good,Xiaomi,70150
laptop,good,HP,69500
camera,good,Fujifilm,102250
furniture,good,IKEA,9200
bicycle,good,Giant,6700
appliance,good,Walton,3900
fashion,good,Aarong,10100
books,good,OReilly,150
gaming,good,Logitech,29700
accessories,good,Baseus,5450
phone,fair,OnePlus,23750
laptop,fair,Apple,54350
camera,fair,Fujifilm,39550
furniture,fair,Hatil,20500
bicycle,fair,Phoenix,15400
appliance,fair,LG,33350
fashion,fair,Aarong,750
books,fair,Cambridge,1400
gaming,fair,Microsoft,26350
accessories,fair,Baseus,4650
phone,poor,Realme,24350
laptop,poor,Apple,14000
camera,poor,Sony,14400
furniture,poor,Local,2150
bicycle,poor,Duranta,7900
appliance,poor,Walton,19150
fashion,poor,Yellow,2450
books,poor,OReilly,1300
gaming,poor,Logitech,850
accessories,poor,Anker,150
phone,new,Xiaomi,109550
laptop,new,Acer,157300
camera,new,Fujifilm,49400
furniture,new,Local,15500
bicycle,new,Giant,42400
appliance,new,LG,7900
fashion,new,Aarong,6800
books,new,Cambridge,6150
gaming,new,Razer,28800
accessories,new,Anker,1300
phone,excellent,Samsung,35500
laptop,excellent,HP,109400
camera,excellent,Canon,42550
furniture,excellent,Hatil,10100
bicycle,excellent,Hero,63400
appliance,excellent,LG,29400
fashion,excellent,Generic,4350
books,excellent,Pearson,3050
gaming,excellent,Sony,49350
accessories,excellent,Anker,14950
phone,good,Google,32050
laptop,good,Asus,63550
camera,good,Nikon,27550
furniture,good,IKEA,1950
bicycle,good,Giant,30950
appliance,good,Walton,28050
fashion,good,Aarong,7650
books,good,Nilkhet,550
gaming,good,Microsoft,16350
accessories,good,Baseus,2200
phone,fair,Xiaomi,17600
laptop,fair,HP,26250
camera,fair,Canon,33900
furniture,fair,IKEA,19100
bicycle,fair,Trek,14700
appliance,fair,Singer,15450
fashion,fair,Ecstasy,5050
books,fair,Nilkhet,1200
gaming,fair,Razer,20150
accessories,fair,Anker,9100
phone,poor,Google,18400
laptop,poor,Dell,9500
camera,poor,Nikon,23850
furniture,poor,Otobi,11300
bicycle,poor,Hero,6350
appliance,poor,Walton,13350
fashion,poor,Ecstasy,550
books,poor,Nilkhet,1050
gaming,poor,Nintendo,1200
accessories,poor,Anker,4550
phone,new,OnePlus,32300
laptop,new,Asus,40600
camera,new,Panasonic,47950
furniture,new,Hatil,12650
bicycle,new,Giant,75950
appliance,new,Whirlpool,50300
fashion,new,Yellow,6600
books,new,Cambridge,5800
gaming,new,Sony,9600
accessories,new,Baseus,21200
phone,excellent,Google,93800
laptop,excellent,Lenovo,51250
camera,excellent,Panasonic,96600
furniture,excellent,Hatil,23400
bicycle,excellent,Trek,15000
appliance,excellent,Walton,42700
fashion,excellent,Generic,15100
books,excellent,Cambridge,2900
gaming,excellent,Microsoft,19250
accessories,excellent,Anker,17600
phone,good,OnePlus,58800
laptop,good,Asus,17200
camera,good,Panasonic,84150
furniture,good,IKEA,8850
bicycle,good,Duranta,16600
appliance,good,Samsung,44850
fashion,good,Sailor,5050
books,good,Nilkhet,4400
gaming,good,Razer,41100
accessories,good,Baseus,4500
phone,fair,OnePlus,11800
laptop,fair,Asus,66650
camera,fair,Sony,18550
furniture,fair,Local,10650
bicycle,fair,Hero,24250
appliance,fair,Singer,6450
fashion,fair,Generic,1100
books,fair,Pearson,650
gaming,fair,Nintendo,5700
accessories,fair,Anker,7350
phone,poor,Samsung,20900
laptop,poor,HP,32050
camera,poor,Nikon,28900
furniture,poor,Local,2100
bicycle,poor,Trek,13600
appliance,poor,LG,1200
fashion,poor,Aarong,450
books,poor,Cambridge,700
gaming,poor,Microsoft,8150
accessories,poor,Anker,4900
phone,new,Google,43300
laptop,new,Acer,101700
camera,new,Sony,111900
furniture,new,IKEA,48300
bicycle,new,Phoenix,5900
appliance,new,Whirlpool,41100
fashion,new,Yellow,16900
books,new,Cambridge,3700
gaming,new,Microsoft,68850
accessories,new,Baseus,16300
phone,excellent,Google,73850
laptop,excellent,Asus,89800
camera,excellent,Fujifilm,71800
furniture,excellent,Otobi,9650
bicycle,excellent,Hero,24500
appliance,excellent,LG,28050
fashion,excellent,Aarong,3150
books,excellent,Penguin,1450
gaming,excellent,Sony,75500
accessories,excellent,Samsung,6350
phone,good,OnePlus,30700
laptop,good,Lenovo,66600
camera,good,Fujifilm,75150
furniture,good,IKEA,14100
bicycle,good,Trek,52800
appliance,good,Walton,15800
fashion,good,Sailor,500
books,good,Nilkhet,2800
gaming,good,Microsoft,10750
accessories,good,Anker,12750
phone,fair,Samsung,20750
laptop,fair,Dell,60200
camera,fair,Panasonic,21350
furniture,fair,Otobi,23600
bicycle,fair,Hero,20450
appliance,fair,LG,2300
fashion,fair,Generic,1350
books,fair,OReilly,2800
gaming,fair,Razer,20350
accessories,fair,Anker,8400
phone,poor,OnePlus,19950
laptop,poor,Acer,7600
camera,poor,Canon,21500
furniture,poor,Hatil,8400
bicycle,poor,Trek,5700
appliance,poor,Samsung,15400
fashion,poor,Yellow,2200
books,poor,Pearson,1100
gaming,poor,Sony,2100
accessories,poor,Baseus,4600
phone,new,Realme,51400
laptop,new,Lenovo,74350
camera,new,Nikon,91500
furniture,new,Local,26100
bicycle,new,Phoenix,60050
appliance,new,Whirlpool,29700
fashion,new,Generic,950
books,new,OReilly,2850
gaming,new,Microsoft,32300
accessories,new,Baseus,3450
phone,excellent,Apple,44450
laptop,excellent,HP,137800
camera,excellent,Panasonic,40400
furniture,excellent,Otobi,31750
bicycle,excellent,Trek,8050
appliance,excellent,Walton,59100
fashion,excellent,Generic,13850
books,excellent,Nilkhet,3400
gaming,excellent,Microsoft,62050
accessories,excellent,Anker,4900
phone,good,Google,64800
laptop,good,Lenovo,89200
camera,good,Canon,30250
furniture,good,Regal,17200
bicycle,good,Trek,43800
appliance,good,Samsung,16650
fashion,good,Generic,7900
books,good,Cambridge,1450
gaming,good,Razer,45350
accessories,good,Anker,13550
phone,fair,Apple,22600
laptop,fair,Dell,66800
camera,fair,Panasonic,48700
furniture,fair,Otobi,1200
bicycle,fair,Phoenix,13450
appliance,fair,Walton,16800
fashion,fair,Generic,7250
books,fair,Nilkhet,450
gaming,fair,Razer,7950
accessories,fair,Generic,5250
phone,poor,Google,14000
laptop,poor,Dell,30350
camera,poor,Canon,32150
furniture,poor,Regal,4200
bicycle,poor,Duranta,16900
appliance,poor,Whirlpool,11650
fashion,poor,Yellow,2900
books,poor,Pearson,650
gaming,poor,Logitech,2800
accessories,poor,Baseus,4850
phone,new,Google,37300
laptop,new,HP,48600
camera,new,Sony,47050
furniture,new,Local,33900
bicycle,new,Duranta,59950
appliance,new,Singer,44000
fashion,new,Yellow,10350
books,new,Penguin,3100
gaming,new,Microsoft,20950
accessories,new,Generic,6450
phone,excellent,Samsung,90550
laptop,excellent,Dell,76400
camera,excellent,Nikon,84150
furniture,excellent,Local,8600
bicycle,excellent,Phoenix,20000
appliance,excellent,LG,26950
fashion,excellent,Generic,6600
books,excellent,Nilkhet,3350
gaming,excellent,Microsoft,31000
accessories,excellent,Apple,7750
phone,good,Xiaomi,19750
laptop,good,Acer,54950
camera,good,Fujifilm,20000
furniture,good,Otobi,28750
bicycle,good,Giant,30500
appliance,good,Singer,24450
fashion,good,Yellow,9300
books,good,Cambridge,2250
gaming,good,Sony,2750
accessories,good,Baseus,5300
phone,fair,Google,44650
laptop,fair,Acer,26700
camera,fair,Fujifilm,22350
furniture,fair,Local,18500
bicycle,fair,Giant,27050
appliance,fair,Samsung,19650
fashion,fair,Generic,7950
books,fair,Nilkhet,100
gaming,fair,Razer,28100
accessories,fair,Anker,5350
phone,poor,OnePlus,30950
laptop,poor,Lenovo,21600
camera,poor,Canon,32500
furniture,poor,IKEA,10800
bicycle,poor,Trek,9900
appliance,poor,LG,4400
fashion,poor,Aarong,3950
books,poor,Penguin,1200
gaming,poor,Logitech,18850
accessories,poor,Samsung,2200
phone,new,Xiaomi,63900
laptop,new,Lenovo,51400
camera,new,Panasonic,71850
furniture,new,Otobi,9450
bicycle,new,Hero,69850
appliance,new,Whirlpool,17550
fashion,new,Sailor,11100
books,new,Cambridge,3300
gaming,new,Sony,11700
accessories,new,Anker,14550
phone,excellent,Realme,62650
laptop,excellent,HP,34650
camera,excellent,Canon,62550
furniture,excellent,IKEA,47950
bicycle,excellent,Duranta,14250
appliance,excellent,Whirlpool,28950
fashion,excellent,Aarong,1000
books,excellent,OReilly,1550
gaming,excellent,Razer,62050
accessories,excellent,Samsung,18550
phone,good,Samsung,56150
laptop,good,Acer,66100
camera,good,Panasonic,57400
furniture,good,Otobi,8900
bicycle,good,Duranta,23250
appliance,good,LG,22900
fashion,good,Yellow,3450
books,good,Pearson,3150
gaming,good,Microsoft,32700
accessories,good,Baseus,5000
phone,fair,Samsung,25500
laptop,fair,Asus,64700
camera,fair,Panasonic,43150
furniture,fair,Hatil,18350
bicycle,fair,Phoenix,22550
appliance,fair,Whirlpool,10100
fashion,fair,Ecstasy,7600
books,fair,OReilly,3100
gaming,fair,Razer,15500
accessories,fair,Generic,3300
phone,poor,Google,14350
laptop,poor,Lenovo,28150
camera,poor,Fujifilm,26100
furniture,poor,Local,5950
bicycle,poor,Hero,11900
appliance,poor,LG,17550
fashion,poor,Sailor,850
books,poor,Nilkhet,1550
gaming,poor,Sony,10950
accessories,poor,Anker,4150
phone,new,OnePlus,101800
laptop,new,HP,94600
camera,new,Canon,43800
furniture,new,Hatil,34850
bicycle,new,Duranta,51650
appliance,new,LG,55700
fashion,new,Yellow,9150
books,new,Cambridge,2200
gaming,new,Sony,30250
accessories,new,Generic,13450
phone,excellent,Google,17100
laptop,excellent,Lenovo,71300
camera,excellent,Fujifilm,103600
furniture,excellent,Regal,36150
bicycle,excellent,Giant,66600
appliance,excellent,Whirlpool,16200
fashion,excellent,Yellow,3400
books,excellent,Cambridge,2400
gaming,excellent,Logitech,41550
accessories,excellent,Baseus,14300
phone,good,OnePlus,65500
laptop,good,HP,32150
camera,good,Nikon,43100
furniture,good,IKEA,12000
bicycle,good,Giant,24400
appliance,good,Samsung,51400
fashion,good,Yellow,6450
books,good,Nilkhet,1050
gaming,good,Nintendo,1800
accessories,good,Samsung,9600
phone,fair,Google,39300
laptop,fair,Asus,12750
camera,fair,Sony,6900
furniture,fair,Otobi,12700
bicycle,fair,Trek,8950
appliance,fair,Samsung,26500
fashion,fair,Yellow,4250
books,fair,OReilly,600
gaming,fair,Sony,8150
accessories,fair,Apple,2300
phone,poor,Xiaomi,18350
laptop,poor,Asus,29300
camera,poor,Canon,3750
furniture,poor,Otobi,11200
bicycle,poor,Giant,6850
appliance,poor,Singer,19400
fashion,poor,Ecstasy,2300
books,poor,Pearson,1300
gaming,poor,Sony,11750
accessories,poor,Anker,3400
phone,new,OnePlus,39700
laptop,new,Lenovo,75550
camera,new,Nikon,67800
furniture,new,IKEA,14750
bicycle,new,Duranta,61550
appliance,new,Samsung,39150
fashion,new,Yellow,7300
books,new,Cambridge,4100
gaming,new,Razer,29850
accessories,new,Apple,3300
phone,excellent,Google,43100
laptop,excellent,Acer,55100
camera,excellent,Sony,86000
furniture,excellent,Local,20400
bicycle,excellent,Phoenix,34250
appliance,excellent,Singer,47200
fashion,excellent,Generic,11350
books,excellent,OReilly,3600
gaming,excellent,Logitech,4800
accessories,excellent,Generic,15100
phone,good,Google,52600
laptop,good,Lenovo,93200
camera,good,Fujifilm,73400
furniture,good,Otobi,30450
bicycle,good,Trek,38000
appliance,good,LG,38100
fashion,good,Yellow,3400
books,good,Penguin,1200
gaming,good,Microsoft,61850
accessories,good,Samsung,400
phone,fair,Apple,35900
laptop,fair,Apple,64600
camera,fair,Canon,64900
furniture,fair,Otobi,18650
bicycle,fair,Hero,6250
appliance,fair,Whirlpool,36850
fashion,fair,Yellow,2100
books,fair,OReilly,2200
gaming,fair,Logitech,7900
accessories,fair,Baseus,2750
phone,poor,Realme,11600
laptop,poor,Apple,29300
camera,poor,Panasonic,16800
furniture,poor,Regal,5950
bicycle,poor,Phoenix,4700
appliance,poor,Samsung,17200
fashion,poor,Aarong,2200
books,poor,Cambridge,350
gaming,poor,Microsoft,11450
accessories,poor,Anker,4650
phone,new,Samsung,62400
laptop,new,Dell,134950
camera,new,Fujifilm,102000
furniture,new,Otobi,31750
bicycle,new,Trek,71350
appliance,new,Whirlpool,3650
fashion,new,Generic,3000
books,new,Pearson,4700
gaming,new,Microsoft,73700
accessories,new,Samsung,1400
phone,excellent,Apple,26200
laptop,excellent,Dell,78100
camera,excellent,Sony,71000
furniture,excellent,Otobi,31250
bicycle,excellent,Hero,15950
appliance,excellent,Whirlpool,8550
fashion,excellent,Aarong,7250
books,excellent,OReilly,3350
gaming,excellent,Razer,60850
accessories,excellent,Samsung,15150
phone,good,OnePlus,33050
laptop,good,Asus,103300
camera,good,Sony,85500
furniture,good,IKEA,20700
bicycle,good,Giant,16450
appliance,good,Walton,2700
fashion,good,Ecstasy,2050
books,good,Penguin,4450
gaming,good,Nintendo,44750
accessories,good,Apple,13000
phone,fair,Apple,35500
laptop,fair,Dell,53750
camera,fair,Nikon,54900
furniture,fair,IKEA,19050
bicycle,fair,Duranta,25550
appliance,fair,Whirlpool,13050
fashion,fair,Generic,500
books,fair,Nilkhet,1800
gaming,fair,Razer,3500
accessories,fair,Samsung,6150
phone,poor,Apple,20200
laptop,poor,Dell,7150
camera,poor,Sony,15250
furniture,poor,Otobi,1750
bicycle,poor,Hero,13450
appliance,poor,Whirlpool,14350
fashion,poor,Generic,550
books,poor,Nilkhet,1200
gaming,poor,Nintendo,12350
accessories,poor,Apple,3650
phone,new,Samsung,34000
laptop,new,Apple,67950
camera,new,Nikon,121800
furniture,new,Regal,32550
bicycle,new,Hero,14000
appliance,new,Walton,81900
fashion,new,Aarong,15600
books,new,Cambridge,3800
gaming,new,Razer,42600
accessories,new,Baseus,21250
phone,excellent,Google,76650
laptop,excellent,Apple,76450
camera,excellent,Sony,52050
furniture,excellent,Hatil,28800
bicycle,excellent,Hero,20000
appliance,excellent,Whirlpool,32450
fashion,excellent,Ecstasy,7250
books,excellent,Nilkhet,2400
gaming,excellent,Nintendo,67200
accessories,excellent,Anker,9900
phone,good,OnePlus,60700
laptop,good,Asus,48450
camera,good,Panasonic,65350
furniture,good,Otobi,27150
bicycle,good,Giant,12700
appliance,good,Samsung,49500
fashion,good,Sailor,4700
books,good,Nilkhet,2900
gaming,good,Logitech,2000
accessories,good,Baseus,3650
phone,fair,OnePlus,16500
laptop,fair,Lenovo,68400
camera,fair,Nikon,33900
furniture,fair,Otobi,14050
bicycle,fair,Trek,10950
appliance,fair,LG,26150
fashion,fair,Sailor,8250
books,fair,OReilly,350
gaming,fair,Logitech,15900
accessories,fair,Apple,7750
phone,poor,OnePlus,21400
laptop,poor,Lenovo,17400
camera,poor,Canon,24050
furniture,poor,Regal,7000
bicycle,poor,Phoenix,2800
appliance,poor,Walton,1250
fashion,poor,Yellow,2700
books,poor,Nilkhet,400
gaming,poor,Logitech,11250
accessories,poor,Anker,2100
phone,new,Samsung,16400
laptop,new,Apple,85500
camera,new,Sony,84700
furniture,new,Local,46800
bicycle,new,Duranta,29650
appliance,new,Singer,78150
fashion,new,Yellow,1300
books,new,Pearson,2900
gaming,new,Microsoft,9150
accessories,new,Apple,7150
phone,excellent,Google,88100
laptop,excellent,Apple,127250
camera,excellent,Canon,35350
furniture,excellent,Local,16800
bicycle,excellent,Phoenix,18000
appliance,excellent,Whirlpool,49150
fashion,excellent,Yellow,5900
books,excellent,Penguin,2550
gaming,excellent,Microsoft,32850
accessories,excellent,Generic,10350
phone,good,Xiaomi,43350
laptop,good,HP,31100
camera,good,Panasonic,22950
furniture,good,Local,26750
bicycle,good,Duranta,39450
appliance,good,Singer,14850
fashion,good,Generic,650
books,good,Cambridge,1650
gaming,good,Logitech,18300
accessories,good,Generic,4650
phone,fair,Realme,43750
laptop,fair,Asus,37000
camera,fair,Panasonic,15550
furniture,fair,Otobi,17400
bicycle,fair,Trek,21050
appliance,fair,LG,15100
fashion,fair,Sailor,5450
books,fair,Nilkhet,2200
gaming,fair,Sony,3000
accessories,fair,Baseus,2000
phone,poor,Realme,23800
laptop,poor,Acer,30100
camera,poor,Panasonic,13450
furniture,poor,Regal,5000
bicycle,poor,Duranta,12650
appliance,poor,Walton,15400
fashion,poor,Sailor,2350
books,poor,Nilkhet,1250
gaming,poor,Microsoft,10900
accessories,poor,Samsung,3350
phone,new,Apple,106250
laptop,new,Lenovo,106000
camera,new,Fujifilm,66400
furniture,new,IKEA,36600
bicycle,new,Duranta,16250
appliance,new,LG,21400
fashion,new,Sailor,6650
books,new,Nilkhet,5050
gaming,new,Razer,61650
accessories,new,Apple,2050
phone,excellent,Samsung,39150
laptop,excellent,Acer,122000
camera,excellent,Sony,51050
furniture,excellent,Local,9400
bicycle,excellent,Phoenix,33500
appliance,excellent,Whirlpool,64200
fashion,excellent,Generic,2150
books,excellent,Cambridge,3750
gaming,excellent,Razer,27050
accessories,excellent,Generic,9850
phone,good,Xiaomi,64300
laptop,good,HP,55550
camera,good,Panasonic,22100
furniture,good,Otobi,3450
bicycle,good,Phoenix,23750
appliance,good,LG,37150
fashion,good,Generic,500
books,good,Pearson,2400
gaming,good,Logitech,37650
accessories,good,Samsung,10950
phone,fair,OnePlus,29350
laptop,fair,Acer,12750
camera,fair,Panasonic,43350
furniture,fair,Local,24200
bicycle,fair,Duranta,32600
appliance,fair,Whirlpool,34850
fashion,fair,Aarong,4950
books,fair,Pearson,1800
gaming,fair,Logitech,40150
accessories,fair,Anker,6850
phone,poor,Samsung,21500
laptop,poor,Apple,14750
camera,poor,Sony,27300
furniture,poor,Otobi,2050
bicycle,poor,Phoenix,17200
appliance,poor,Whirlpool,6000
fashion,poor,Aarong,2150
books,poor,Cambridge,1250
gaming,poor,Microsoft,6150
accessories,poor,Anker,1450
phone,new,Google,33300
laptop,new,Dell,68550
camera,new,Fujifilm,147900
furniture,new,Local,6800
bicycle,new,Hero,46100
appliance,new,LG,4700
fashion,new,Aarong,12400
books,new,OReilly,1150
gaming,new,Nintendo,6300
accessories,new,Anker,4250
phone,excellent,Realme,71450
laptop,excellent,Asus,54050
camera,excellent,Sony,41250
furniture,excellent,IKEA,36800
bicycle,excellent,Hero,17000
appliance,excellent,Samsung,32050
fashion,excellent,Generic,12600
books,excellent,Nilkhet,2700
gaming,excellent,Razer,64150
accessories,excellent,Samsung,11350
phone,good,Google,65700
laptop,good,Acer,102600
camera,good,Panasonic,81250
furniture,good,Hatil,3000
bicycle,good,Phoenix,44800
appliance,good,Walton,8050
fashion,good,Ecstasy,7000
books,good,Nilkhet,3050
gaming,good,Sony,20100
accessories,good,Anker,1400
phone,fair,Realme,18600
laptop,fair,HP,23750
camera,fair,Canon,8450
furniture,fair,IKEA,20850
bicycle,fair,Trek,12650
appliance,fair,Samsung,5500
fashion,fair,Yellow,7300
books,fair,Penguin,100
gaming,fair,Razer,23050
accessories,fair,Apple,1000
phone,poor,Samsung,19550
laptop,poor,Acer,19650
camera,poor,Canon,10850
furniture,poor,Hatil,2600
bicycle,poor,Trek,4550
appliance,poor,Samsung,4600
fashion,poor,Sailor,1300
books,poor,Nilkhet,1600
gaming,poor,Microsoft,8450
accessories,poor,Baseus,1550
phone,new,Apple,68800
laptop,new,Dell,39050
camera,new,Nikon,128900
furniture,new,Otobi,31150
bicycle,new,Hero,14250
appliance,new,LG,3850
fashion,new,Aarong,5900
books,new,Nilkhet,6300
gaming,new,Razer,97950
accessories,new,Apple,17800
phone,excellent,OnePlus,62250
laptop,excellent,HP,63100
camera,excellent,Panasonic,24100
furniture,excellent,Regal,28100
bicycle,excellent,Phoenix,4950
appliance,excellent,Samsung,56550
fashion,excellent,Yellow,11600
books,excellent,Nilkhet,3100
gaming,excellent,Razer,22600
accessories,excellent,Generic,10250
phone,good,Google,12500
laptop,good,Dell,35500
camera,good,Sony,80050
furniture,good,IKEA,20650
bicycle,good,Duranta,33000
appliance,good,Samsung,2000
fashion,good,Yellow,3300
books,good,Nilkhet,950
gaming,good,Nintendo,30250
accessories,good,Anker,6550
phone,fair,Xiaomi,35100
laptop,fair,Apple,41400
camera,fair,Panasonic,38550
furniture,fair,Otobi,20750
bicycle,fair,Trek,10150
appliance,fair,Samsung,19050
fashion,fair,Yellow,1850
books,fair,Nilkhet,1450
gaming,fair,Sony,8200
accessories,fair,Generic,9100
phone,poor,Apple,5500
laptop,poor,Asus,23500
camera,poor,Nikon,15100
furniture,poor,IKEA,1950
bicycle,poor,Giant,2300
appliance,poor,Samsung,5800
fashion,poor,Sailor,1050
books,poor,Nilkhet,1150
gaming,poor,Sony,7000
accessories,poor,Apple,3050
phone,new,Apple,119750
laptop,new,Lenovo,114100
camera,new,Fujifilm,76400
furniture,new,Regal,23650
bicycle,new,Giant,35650
appliance,new,Whirlpool,10400
fashion,new,Yellow,650
books,new,Penguin,950
gaming,new,Logitech,23350
accessories,new,Baseus,5550
phone,excellent,Google,65050
laptop,excellent,HP,118350
camera,excellent,Panasonic,54700
furniture,excellent,Otobi,38700
bicycle,excellent,Giant,44100
appliance,excellent,LG,29200
fashion,excellent,Sailor,1700
books,excellent,Pearson,200
gaming,excellent,Nintendo,61850
accessories,excellent,Apple,4050
phone,good,OnePlus,37650
laptop,good,Acer,50300
camera,good,Fujifilm,52750
furniture,good,Regal,3100
bicycle,good,Trek,41200
appliance,good,LG,38700
fashion,good,Sailor,2050
books,good,Cambridge,1600
gaming,good,Sony,35400
accessories,good,Apple,5900
phone,fair,OnePlus,23550
laptop,fair,Lenovo,60200
camera,fair,Canon,31050
furniture,fair,Hatil,22400
bicycle,fair,Hero,20050
appliance,fair,LG,1550
fashion,fair,Generic,5100
books,fair,Nilkhet,1650
gaming,fair,Logitech,12100
accessories,fair,Apple,8500
phone,poor,Apple,19100
laptop,poor,Acer,16050
camera,poor,Sony,9250
furniture,poor,Local,6000
bicycle,poor,Trek,8850
appliance,poor,Singer,17000
fashion,poor,Aarong,2900
books,poor,Nilkhet,600
gaming,poor,Nintendo,2600
accessories,poor,Baseus,1150
phone,new,Xiaomi,24200
laptop,new,HP,66700
camera,new,Sony,61900
furniture,new,IKEA,23600
bicycle,new,Phoenix,16450
appliance,new,Samsung,42350
fashion,new,Yellow,13700
books,new,Penguin,1800
gaming,new,Logitech,51900
accessories,new,Baseus,6600
phone,excellent,Realme,82750
laptop,excellent,Lenovo,109450
camera,excellent,Nikon,15450
furniture,excellent,Otobi,33350
bicycle,excellent,Hero,51100
appliance,excellent,Singer,27550
fashion,excellent,Ecstasy,7350
books,excellent,Cambridge,3000
gaming,excellent,Sony,23600
accessories,excellent,Anker,4750
phone,good,Realme,73150
laptop,good,Dell,38700
camera,good,Panasonic,82350
furniture,good,Hatil,34900
bicycle,good,Phoenix,16400
appliance,good,LG,12300
fashion,good,Sailor,9100
books,good,OReilly,3100
gaming,good,Sony,37450
accessories,good,Samsung,12250
phone,fair,Xiaomi,42550
laptop,fair,Apple,58800
camera,fair,Nikon,25200
furniture,fair,IKEA,10700
bicycle,fair,Hero,6900
appliance,fair,Whirlpool,35900
fashion,fair,Generic,1600
books,fair,OReilly,2650
gaming,fair,Microsoft,8750
accessories,fair,Anker,4000
phone,poor,Realme,24400
laptop,poor,Apple,13650
camera,poor,Nikon,15550
furniture,poor,Otobi,950
bicycle,poor,Hero,16350
appliance,poor,Whirlpool,3000
fashion,poor,Sailor,3050
books,poor,Nilkhet,600
gaming,poor,Microsoft,4250
accessories,poor,Apple,5700
phone,new,Xiaomi,43900
laptop,new,HP,120750
camera,new,Panasonic,64150
furniture,new,Otobi,27000
bicycle,new,Duranta,10950
appliance,new,Walton,34300
fashion,new,Generic,1000
books,new,OReilly,6000
gaming,new,Sony,76100
accessories,new,Generic,16050
phone,excellent,Xiaomi,55800
laptop,excellent,Dell,24300
camera,excellent,Panasonic,54250
furniture,excellent,Otobi,4400
bicycle,excellent,Giant,42450
appliance,excellent,Whirlpool,3750
fashion,excellent,Generic,7900
books,excellent,OReilly,3900
gaming,excellent,Razer,61750
accessories,excellent,Samsung,1200
phone,good,Apple,45300
laptop,good,Dell,71650
camera,good,Canon,34250
furniture,good,IKEA,18000
bicycle,good,Hero,42000
appliance,good,Walton,23200
fashion,good,Generic,900
books,good,Pearson,2700
gaming,good,Razer,5200
accessories,good,Apple,5250
phone,fair,Realme,37400
laptop,fair,Lenovo,30500
camera,fair,Panasonic,19000
furniture,fair,Local,1150
bicycle,fair,Giant,36100
appliance,fair,Singer,20550
fashion,fair,Ecstasy,5300
books,fair,Pearson,2950
gaming,fair,Microsoft,32500
accessories,fair,Generic,4700
phone,poor,Google,24700
laptop,poor,HP,9050
camera,poor,Panasonic,30300
furniture,poor,Local,4600
bicycle,poor,Hero,15100
appliance,poor,Walton,8050
fashion,poor,Sailor,3250
books,poor,Cambridge,1050
gaming,poor,Nintendo,6900
accessories,poor,Apple,4550
phone,new,Apple,69450
laptop,new,Acer,73400
camera,new,Fujifilm,126500
furniture,new,Local,56450
bicycle,new,Trek,8700
appliance,new,Whirlpool,43900
fashion,new,Sailor,15000
books,new,Penguin,5300
gaming,new,Sony,70300
accessories,new,Apple,10500
phone,excellent,OnePlus,92900
laptop,excellent,Apple,75950
camera,excellent,Nikon,89400
furniture,excellent,Hatil,11000
bicycle,excellent,Hero,27350
appliance,excellent,Samsung,44850
fashion,excellent,Generic,2300
books,excellent,OReilly,200
gaming,excellent,Sony,23100
accessories,excellent,Anker,5900
phone,good,Xiaomi,83100
laptop,good,Apple,31400
camera,good,Panasonic,42050
furniture,good,Hatil,6700
bicycle,good,Trek,6400
appliance,good,Singer,7500
fashion,good,Generic,1300
books,good,Cambridge,3950
gaming,good,Microsoft,23800
accessories,good,Generic,6350
phone,fair,Google,26950
laptop,fair,Asus,59500
camera,fair,Sony,56300
furniture,fair,Hatil,7000
bicycle,fair,Giant,19700
appliance,fair,Samsung,5750
fashion,fair,Generic,5000
books,fair,OReilly,1550
gaming,fair,Nintendo,14850
accessories,fair,Generic,4100
phone,poor,Google,15050
laptop,poor,HP,17900
camera,poor,Canon,24000
furniture,poor,Hatil,5100
bicycle,poor,Duranta,11800
appliance,poor,Whirlpool,14700
fashion,poor,Aarong,800
books,poor,Penguin,100
gaming,poor,Logitech,6350
accessories,poor,Anker,900
phone,new,Google,51450
laptop,new,Lenovo,127100
camera,new,Fujifilm,148500
furniture,new,Local,5350
bicycle,new,Giant,28300
appliance,new,Samsung,50350
fashion,new,Generic,17350
books,new,Penguin,3850
gaming,new,Nintendo,43400
accessories,new,Generic,300
phone,excellent,Xiaomi,43100
laptop,excellent,Asus,116850
camera,excellent,Panasonic,78750
furniture,excellent,Local,26000
bicycle,excellent,Duranta,63150
appliance,excellent,Singer,10750
fashion,excellent,Generic,12400
books,excellent,Nilkhet,1050
gaming,excellent,Nintendo,9950
accessories,excellent,Anker,1550
phone,good,OnePlus,73100
laptop,good,Lenovo,58850
camera,good,Panasonic,45700
furniture,good,Regal,32450
bicycle,good,Hero,34500
appliance,good,LG,48550
fashion,good,Generic,5450
books,good,Penguin,2100
gaming,good,Nintendo,44150
accessories,good,Samsung,12750
phone,fair,Xiaomi,13550
laptop,fair,Apple,61950
camera,fair,Nikon,40500
furniture,fair,Hatil,1600
bicycle,fair,Duranta,3500
appliance,fair,Singer,13500
fashion,fair,Sailor,1950
books,fair,Penguin,1750
gaming,fair,Sony,27850
accessories,fair,Anker,7100
phone,poor,Xiaomi,18450
laptop,poor,Dell,35400
camera,poor,Panasonic,8800
furniture,poor,IKEA,4000
bicycle,poor,Giant,5600
appliance,poor,LG,8850
fashion,poor,Sailor,2850
books,poor,Cambridge,1400
gaming,poor,Logitech,1750
accessories,poor,Generic,700
phone,new,Google,27250
laptop,new,Acer,138200
camera,new,Sony,117050
furniture,new,IKEA,11600
bicycle,new,Hero,63550
appliance,new,Walton,46700
fashion,new,Sailor,19600
books,new,Nilkhet,2650
gaming,new,Microsoft,31350
accessories,new,Generic,9150
phone,excellent,OnePlus,87250
laptop,excellent,Asus,133650
camera,excellent,Fujifilm,97850
furniture,excellent,Otobi,40950
bicycle,excellent,Giant,51350
appliance,excellent,Walton,54900
fashion,excellent,Generic,5250
books,excellent,OReilly,3800
gaming,excellent,Nintendo,75100
accessories,excellent,Anker,10800
phone,good,Google,17300
laptop,good,Asus,84550
camera,good,Nikon,14000
furniture,good,Local,31100
bicycle,good,Phoenix,3900
appliance,good,Whirlpool,6800
fashion,good,Ecstasy,6650
books,good,Nilkhet,4550
gaming,good,Nintendo,43150
accessories,good,Baseus,12150
phone,fair,Samsung,36600
laptop,fair,Lenovo,27900
camera,fair,Panasonic,17850
furniture,fair,Regal,12500
bicycle,fair,Trek,14800
appliance,fair,Samsung,34800
fashion,fair,Aarong,1100
books,fair,Cambridge,1100
gaming,fair,Logitech,12400
accessories,fair,Samsung,7650
phone,poor,Realme,12550
laptop,poor,Dell,17250
camera,poor,Canon,22350
furniture,poor,IKEA,7550
bicycle,poor,Duranta,2100
appliance,poor,Whirlpool,3550
fashion,poor,Yellow,3150
books,poor,OReilly,550
gaming,poor,Razer,4800
accessories,poor,Samsung,2650
phone,new,Xiaomi,60100
laptop,new,HP,129200
camera,new,Sony,96050
furniture,new,Local,35900
bicycle,new,Phoenix,6700
appliance,new,Walton,31200
fashion,new,Ecstasy,13100
books,new,Penguin,1500
gaming,new,Sony,59400
accessories,new,Apple,2050
phone,excellent,Google,54050
laptop,excellent,Dell,69950
camera,excellent,Nikon,39100
furniture,excellent,Hatil,30350
bicycle,excellent,Duranta,18050
appliance,excellent,Walton,43650
fashion,excellent,Yellow,9400
books,excellent,Cambridge,2900
gaming,excellent,Razer,22900
accessories,excellent,Anker,8100
phone,good,Realme,54350
laptop,good,HP,56300
camera,good,Sony,81300
furniture,good,IKEA,29400
bicycle,good,Hero,17300
appliance,good,Samsung,27700
fashion,good,Aarong,6600
books,good,Pearson,3000
gaming,good,Logitech,14150
accessories,good,Samsung,10800
phone,fair,Samsung,14050
laptop,fair,Asus,68850
camera,fair,Canon,35700
furniture,fair,Hatil,2800
bicycle,fair,Trek,21600
appliance,fair,Samsung,9750
fashion,fair,Generic,1150
books,fair,Pearson,2300
gaming,fair,Nintendo,3050
accessories,fair,Generic,3650
phone,poor,Realme,21100
laptop,poor,Asus,23100
camera,poor,Nikon,30500
furniture,poor,Local,1050
bicycle,poor,Phoenix,18850
appliance,poor,Walton,5800
fashion,poor,Aarong,2100
books,poor,Nilkhet,650
gaming,poor,Microsoft,9550
accessories,poor,Generic,4550
phone,new,Xiaomi,100250
laptop,new,Acer,102550
camera,new,Sony,110500
furniture,new,Regal,11150
bicycle,new,Hero,52650
appliance,new,Whirlpool,14400
fashion,new,Ecstasy,13350
books,new,Penguin,4950
gaming,new,Microsoft,14000
accessories,new,Generic,4100
phone,excellent,Google,83650
laptop,excellent,Dell,37100
camera,excellent,Sony,88400
furniture,excellent,Hatil,39750
bicycle,excellent,Phoenix,41150
appliance,excellent,Whirlpool,31550
fashion,excellent,Generic,9300
books,excellent,Nilkhet,4750
gaming,excellent,Nintendo,61550
accessories,excellent,Generic,4700
phone,good,Xiaomi,66800
laptop,good,Dell,22000
camera,good,Fujifilm,15300
furniture,good,Hatil,25850
bicycle,good,Phoenix,22500
appliance,good,Walton,54600
fashion,good,Aarong,8050
books,good,Penguin,4300
gaming,good,Razer,9650
accessories,good,Generic,7650
phone,fair,Apple,23800
laptop,fair,Apple,71600
camera,fair,Canon,50100
furniture,fair,IKEA,1650
bicycle,fair,Phoenix,22000
appliance,fair,Whirlpool,1400
fashion,fair,Aarong,4550
books,fair,Pearson,2500
gaming,fair,Logitech,19300
accessories,fair,Generic,8800
phone,poor,Xiaomi,18350
laptop,poor,Acer,24600
camera,poor,Canon,21300
furniture,poor,Otobi,7550
bicycle,poor,Phoenix,14850
appliance,poor,Whirlpool,17550
fashion,poor,Yellow,2000
books,poor,Penguin,1550
gaming,poor,Logitech,17700
accessories,poor,Anker,4250
phone,new,Samsung,100550
laptop,new,Acer,147050
camera,new,Nikon,131450
furniture,new,Otobi,14800
bicycle,new,Trek,5950
appliance,new,Whirlpool,17050
fashion,new,Aarong,10850
books,new,OReilly,4300
gaming,new,Logitech,40650
accessories,new,Baseus,5750
phone,excellent,Realme,21000
laptop,excellent,Acer,20550
camera,excellent,Panasonic,62550
furniture,excellent,Regal,7550
bicycle,excellent,Hero,17200
appliance,excellent,Singer,45050
fashion,excellent,Ecstasy,11500
books,excellent,Cambridge,4000
gaming,excellent,Razer,50100
accessories,excellent,Apple,300
phone,good,Samsung,21450
laptop,good,Acer,77100
camera,good,Sony,25750
furniture,good,Hatil,8800
bicycle,good,Phoenix,40800
appliance,good,LG,6000
fashion,good,Sailor,5700
books,good,Penguin,2450
gaming,good,Logitech,31750
accessories,good,Apple,8950
phone,fair,Realme,40800
laptop,fair,Apple,35000
camera,fair,Fujifilm,17650
furniture,fair,Otobi,6750
bicycle,fair,Giant,32600
appliance,fair,Walton,33900
fashion,fair,Aarong,2800
books,fair,Nilkhet,2000
gaming,fair,Razer,10500
accessories,fair,Baseus,8100
phone,poor,Apple,14400
laptop,poor,Dell,31100
camera,poor,Nikon,23900
furniture,poor,IKEA,5200
bicycle,poor,Giant,11450
appliance,poor,Walton,4550
fashion,poor,Ecstasy,1600
books,poor,Nilkhet,500
gaming,poor,Razer,6150
accessories,poor,Baseus,850
phone,new,Apple,81300
laptop,new,Lenovo,48000
camera,new,Canon,125750
furniture,new,IKEA,41400
bicycle,new,Trek,66400
appliance,new,Singer,53700
fashion,new,Generic,12950
books,new,OReilly,5500
gaming,new,Razer,35800
accessories,new,Samsung,18300
phone,excellent,Samsung,42650
laptop,excellent,HP,95200
camera,excellent,Canon,84950
furniture,excellent,Hatil,13600
bicycle,excellent,Hero,20600
appliance,excellent,Whirlpool,16150
fashion,excellent,Generic,3450
books,excellent,Penguin,600
gaming,excellent,Logitech,14750
accessories,excellent,Generic,1100
phone,good,Realme,49300
laptop,good,Acer,30900
camera,good,Canon,29600
furniture,good,Local,5050
bicycle,good,Giant,44700
appliance,good,Samsung,41300
fashion,good,Ecstasy,6450
books,good,Pearson,3350
gaming,good,Nintendo,25750
accessories,good,Baseus,14900
phone,fair,Apple,36850
laptop,fair,Asus,72900
camera,fair,Sony,12350
furniture,fair,Hatil,2250
bicycle,fair,Trek,7750
appliance,fair,Walton,15850
fashion,fair,Aarong,1150
books,fair,Penguin,1450
gaming,fair,Microsoft,29450
accessories,fair,Apple,1950
phone,poor,Samsung,16500
laptop,poor,Lenovo,29700
camera,poor,Fujifilm,13300
furniture,poor,IKEA,5450
bicycle,poor,Hero,10550
appliance,poor,LG,19200
fashion,poor,Aarong,850
books,poor,Pearson,1000
gaming,poor,Microsoft,7900
accessories,poor,Anker,3700
phone,new,Samsung,121700
laptop,new,HP,55600
camera,new,Panasonic,55100
furniture,new,Regal,5600
bicycle,new,Hero,82400
appliance,new,Walton,36550
fashion,new,Yellow,8900
books,new,Pearson,2250
gaming,new,Microsoft,50850
accessories,new,Anker,9200
phone,excellent,Realme,82800
laptop,excellent,Lenovo,58550
camera,excellent,Sony,45200
furniture,excellent,Local,6600
bicycle,excellent,Hero,32200
appliance,excellent,Whirlpool,3750
fashion,excellent,Sailor,11600
books,excellent,Pearson,4350
gaming,excellent,Razer,22650
accessories,excellent,Generic,650
phone,good,OnePlus,29750
laptop,good,HP,72700
camera,good,Nikon,49700
furniture,good,Otobi,3000
bicycle,good,Hero,23650
appliance,good,Singer,4700
fashion,good,Ecstasy,1300
books,good,Cambridge,1250
gaming,good,Nintendo,8050
accessories,good,Generic,300
phone,fair,Google,53700
laptop,fair,Dell,28800
camera,fair,Fujifilm,25400
furniture,fair,Local,21100
bicycle,fair,Phoenix,6200
appliance,fair,Singer,15100
fashion,fair,Yellow,4550
books,fair,Nilkhet,500
gaming,fair,Logitech,17300
accessories,fair,Apple,4050
phone,poor,Apple,13950
laptop,poor,Dell,6300
camera,poor,Canon,18450
furniture,poor,Regal,9200
bicycle,poor,Giant,14150
appliance,poor,Walton,950
fashion,poor,Ecstasy,4250
books,poor,Nilkhet,700
gaming,poor,Razer,5300
accessories,poor,Generic,2000
phone,new,Realme,26250
laptop,new,Acer,128700
camera,new,Fujifilm,127700
furniture,new,IKEA,42300
bicycle,new,Duranta,21300
appliance,new,Whirlpool,47950
fashion,new,Sailor,5400
books,new,Pearson,2000
gaming,new,Microsoft,75600
accessories,new,Apple,11400
phone,excellent,Realme,53100
laptop,excellent,Lenovo,119400
camera,excellent,Nikon,66800
furniture,excellent,Local,3700
bicycle,excellent,Giant,46500
appliance,excellent,Whirlpool,57200
fashion,excellent,Aarong,7350
books,excellent,OReilly,5050
gaming,excellent,Microsoft,56950
accessories,excellent,Samsung,5700
phone,good,Samsung,25750
laptop,good,HP,41200
camera,good,Canon,90100
furniture,good,Regal,29600
bicycle,good,Phoenix,26850
appliance,good,LG,44700
fashion,good,Sailor,6800
books,good,Nilkhet,3300
gaming,good,Nintendo,47550
accessories,good,Anker,1750
phone,fair,Samsung,23700
laptop,fair,Asus,15300
camera,fair,Canon,53550
furniture,fair,Otobi,8400
bicycle,fair,Duranta,18800
appliance,fair,Walton,8700
fashion,fair,Yellow,2600
books,fair,Nilkhet,1950
gaming,fair,Nintendo,16750
accessories,fair,Generic,7200
phone,poor,OnePlus,11300
laptop,poor,Asus,20250
camera,poor,Sony,33700
furniture,poor,Local,10550
bicycle,poor,Phoenix,2350
appliance,poor,LG,6450
fashion,poor,Generic,3900
books,poor,Penguin,850
gaming,poor,Razer,2050
accessories,poor,Anker,2450
phone,new,Google,91050
laptop,new,Dell,53100
camera,new,Sony,84800
furniture,new,Local,8750
bicycle,new,Phoenix,68550
appliance,new,LG,22350
fashion,new,Ecstasy,6750
books,new,Pearson,150
gaming,new,Logitech,82000
accessories,new,Generic,13700
phone,excellent,OnePlus,80950
laptop,excellent,Lenovo,145500
camera,excellent,Canon,126600
furniture,excellent,Otobi,44000
bicycle,excellent,Hero,33750
appliance,excellent,Samsung,33800
fashion,excellent,Sailor,950
books,excellent,Nilkhet,2550
gaming,excellent,Sony,19350
accessories,excellent,Generic,1900
phone,good,Xiaomi,77250
laptop,good,HP,89400
camera,good,Fujifilm,73900
furniture,good,Otobi,33000
bicycle,good,Trek,60600
appliance,good,Walton,25250
fashion,good,Sailor,1500
books,good,Nilkhet,3550
gaming,good,Razer,37350
accessories,good,Apple,3200
phone,fair,Apple,24350
laptop,fair,Asus,40700
camera,fair,Canon,35050
furniture,fair,Regal,17300
bicycle,fair,Phoenix,31800
appliance,fair,Singer,22350
fashion,fair,Yellow,5650
books,fair,Pearson,200
gaming,fair,Sony,33350
accessories,fair,Apple,4300
phone,poor,Xiaomi,14450
laptop,poor,Asus,10250
camera,poor,Fujifilm,21000
furniture,poor,Otobi,9500
bicycle,poor,Giant,12750
appliance,poor,Singer,9100
fashion,poor,Yellow,2450
books,poor,Penguin,1250
gaming,poor,Razer,20550
accessories,poor,Anker,5200
phone,new,Realme,105550
laptop,new,Asus,139550
camera,new,Canon,84450
furniture,new,Otobi,30450
bicycle,new,Giant,28850
appliance,new,Samsung,37800
fashion,new,Generic,5750
books,new,OReilly,3250
gaming,new,Nintendo,46200
accessories,new,Apple,10600
phone,excellent,Apple,62450
laptop,excellent,HP,142800
camera,excellent,Canon,95450
furniture,excellent,Regal,37850
bicycle,excellent,Hero,43650
appliance,excellent,Samsung,53700
fashion,excellent,Sailor,8050
books,excellent,Nilkhet,1500
gaming,excellent,Nintendo,15450
accessories,excellent,Apple,15950
phone,good,OnePlus,39000
laptop,good,Asus,96400
camera,good,Sony,96000
furniture,good,Otobi,2750
bicycle,good,Giant,48000
appliance,good,Walton,12600
fashion,good,Yellow,11050
books,good,Nilkhet,3050
gaming,good,Razer,13000
accessories,good,Anker,9350
phone,fair,Google,47250
laptop,fair,Lenovo,28650
camera,fair,Canon,63700
furniture,fair,Local,7900
bicycle,fair,Duranta,25100
appliance,fair,Singer,19800
fashion,fair,Yellow,3550
books,fair,Cambridge,1450
gaming,fair,Microsoft,21950
accessories,fair,Apple,300
phone,poor,Realme,11750
laptop,poor,Lenovo,39350
camera,poor,Canon,17800
furniture,poor,Otobi,3500
bicycle,poor,Duranta,15600
appliance,poor,LG,11250
fashion,poor,Aarong,3700
books,poor,Penguin,1200
gaming,poor,Microsoft,9300
accessories,poor,Baseus,3400
phone,new,Google,91550
laptop,new,Acer,136700
camera,new,Sony,115950
furniture,new,Regal,33100
bicycle,new,Trek,33100
appliance,new,Whirlpool,52800
fashion,new,Aarong,7800
books,new,OReilly,4750
gaming,new,Microsoft,38550
accessories,new,Baseus,9450
phone,excellent,Xiaomi,37650
laptop,excellent,Dell,62800
camera,excellent,Canon,70200
furniture,excellent,Regal,33450
bicycle,excellent,Duranta,30350
appliance,excellent,Samsung,40850
fashion,excellent,Yellow,10150
books,excellent,Nilkhet,1650
gaming,excellent,Sony,58250
accessories,excellent,Generic,14250
phone,good,Google,54250
laptop,good,Lenovo,79950
camera,good,Canon,42150
furniture,good,Hatil,22300
bicycle,good,Duranta,23850
appliance,good,Whirlpool,47550
fashion,good,Yellow,5350
books,good,OReilly,1900
gaming,good,Nintendo,49100
accessories,good,Generic,10200
phone,fair,Apple,47800
laptop,fair,Asus,68350
camera,fair,Panasonic,19000
furniture,fair,IKEA,18750
bicycle,fair,Duranta,2900
appliance,fair,Whirlpool,33050
fashion,fair,Ecstasy,5450
books,fair,Cambridge,1050
gaming,fair,Nintendo,27650
accessories,fair,Anker,9850
phone,poor,Xiaomi,24300
laptop,poor,Apple,11250
camera,poor,Panasonic,23700
furniture,poor,Regal,8800
bicycle,poor,Phoenix,5050
appliance,poor,Singer,10850
fashion,poor,Aarong,2250
books,poor,Penguin,1050
gaming,poor,Logitech,8950
accessories,poor,Generic,1350
phone,new,Samsung,72350
laptop,new,Asus,108300
camera,new,Nikon,136000
furniture,new,Local,2500
bicycle,new,Phoenix,68250
appliance,new,Walton,51900
fashion,new,Sailor,13750
books,new,Nilkhet,450
gaming,new,Sony,68200
accessories,new,Samsung,21250
phone,excellent,Xiaomi,52550
laptop,excellent,Asus,101850
camera,excellent,Panasonic,108250
furniture,excellent,Regal,27800
bicycle,excellent,Trek,8000
appliance,excellent,Samsung,42350
fashion,excellent,Ecstasy,12100
books,excellent,Pearson,1850
gaming,excellent,Nintendo,13800
accessories,excellent,Generic,18650
phone,good,OnePlus,45950
laptop,good,Asus,34450
camera,good,Fujifilm,57200
furniture,good,Regal,26300
bicycle,good,Hero,40500
appliance,good,Whirlpool,57900
fashion,good,Aarong,8950
books,good,Cambridge,2400
gaming,good,Sony,24050
accessories,good,Anker,13100
phone,fair,Xiaomi,39350
laptop,fair,Asus,41500
camera,fair,Sony,41400
furniture,fair,Regal,9200
bicycle,fair,Phoenix,5850
appliance,fair,LG,16450
fashion,fair,Ecstasy,1500
books,fair,Pearson,1950
gaming,fair,Sony,17400
accessories,fair,Baseus,8400
phone,poor,Samsung,18550
laptop,poor,Apple,34350
camera,poor,Panasonic,8950
furniture,poor,Otobi,5350
bicycle,poor,Phoenix,19650
appliance,poor,LG,4800
fashion,poor,Sailor,2350
books,poor,OReilly,250
gaming,poor,Microsoft,17650
accessories,poor,Apple,5200
phone,new,Apple,76950
laptop,new,Dell,140450
camera,new,Fujifilm,54550
furniture,new,Regal,7200
bicycle,new,Phoenix,31950
appliance,new,Singer,36200
fashion,new,Yellow,750
books,new,Nilkhet,4500
gaming,new,Logitech,80600
accessories,new,Generic,12150
phone,excellent,Apple,26350
laptop,excellent,Lenovo,33350
camera,excellent,Sony,118400
furniture,excellent,Otobi,23950
bicycle,excellent,Trek,19900
appliance,excellent,Singer,27500
fashion,excellent,Ecstasy,4750
books,excellent,OReilly,3650
gaming,excellent,Nintendo,21100
accessories,excellent,Generic,2500
phone,good,OnePlus,19950
laptop,good,Apple,65850
camera,good,Nikon,77700
furniture,good,Otobi,24750
bicycle,good,Hero,43100
appliance,good,Samsung,40500
fashion,good,Sailor,2600
books,good,Penguin,2950
gaming,good,Razer,50350
accessories,good,Baseus,12850
phone,fair,Realme,13500
laptop,fair,Asus,16250
camera,fair,Sony,60500
furniture,fair,Regal,21350
bicycle,fair,Phoenix,15700
appliance,fair,Whirlpool,28400
fashion,fair,Ecstasy,3350
books,fair,Pearson,950
gaming,fair,Microsoft,28950
accessories,fair,Baseus,3350
phone,poor,Apple,26450
laptop,poor,Lenovo,7300
camera,poor,Sony,6350
furniture,poor,IKEA,3050
bicycle,poor,Phoenix,8100
appliance,poor,LG,3500
fashion,poor,Yellow,2550
books,poor,Penguin,250
gaming,poor,Sony,13200
accessories,poor,Baseus,3550
phone,new,Google,28150
laptop,new,Apple,47350
camera,new,Panasonic,107200
furniture,new,Hatil,26500
bicycle,new,Duranta,79800
appliance,new,LG,17250
fashion,new,Ecstasy,13700
books,new,Nilkhet,1500
gaming,new,Nintendo,80450
accessories,new,Anker,19650
phone,excellent,Realme,74200
laptop,excellent,Lenovo,101900
camera,excellent,Nikon,58450
furniture,excellent,IKEA,3300
bicycle,excellent,Phoenix,19750
appliance,excellent,LG,49450
fashion,excellent,Yellow,2300
books,excellent,OReilly,2400
gaming,excellent,Sony,18500
accessories,excellent,Anker,12400
phone,good,Xiaomi,64750
laptop,good,Apple,48750
camera,good,Panasonic,29750
furniture,good,Hatil,20150
bicycle,good,Hero,28800
appliance,good,Samsung,10450
fashion,good,Ecstasy,11050
books,good,Pearson,3000
gaming,good,Razer,14300
accessories,good,Samsung,11650
phone,fair,Apple,19200
laptop,fair,Dell,31800
camera,fair,Panasonic,67550
furniture,fair,Local,8550
bicycle,fair,Trek,39550
appliance,fair,Whirlpool,3350
fashion,fair,Generic,5350
books,fair,Pearson,500
gaming,fair,Logitech,11250
accessories,fair,Samsung,7600
phone,poor,OnePlus,9000
laptop,poor,Apple,18350
camera,poor,Canon,27350
furniture,poor,Hatil,5450
bicycle,poor,Phoenix,21900
appliance,poor,Samsung,6150
fashion,poor,Ecstasy,4150
books,poor,Penguin,150
gaming,poor,Microsoft,14250
accessories,poor,Baseus,2050
phone,new,Samsung,41550
laptop,new,Asus,125450
camera,new,Canon,107200
furniture,new,Regal,50000
bicycle,new,Trek,53700
appliance,new,Singer,52250
fashion,new,Generic,7850
books,new,OReilly,2700
gaming,new,Logitech,47050
accessories,new,Baseus,2650
phone,excellent,Xiaomi,71050
laptop,excellent,HP,67600
camera,excellent,Sony,30000
furniture,excellent,Otobi,25250
bicycle,excellent,Duranta,34950
appliance,excellent,Singer,8550
fashion,excellent,Aarong,12900
books,excellent,Pearson,5550
gaming,excellent,Microsoft,76850
accessories,excellent,Anker,8150
phone,good,Realme,77900
laptop,good,HP,38450
camera,good,Canon,66500
furniture,good,Regal,31200
bicycle,good,Phoenix,17350
appliance,good,Whirlpool,17350
fashion,good,Aarong,3600
books,good,Cambridge,3050
gaming,good,Microsoft,32350
accessories,good,Baseus,1350
phone,fair,Samsung,23200
laptop,fair,Lenovo,19350
camera,fair,Fujifilm,15950
furniture,fair,Otobi,19600
bicycle,fair,Trek,23500
appliance,fair,Whirlpool,9450
fashion,fair,Sailor,8800
books,fair,Nilkhet,2750
gaming,fair,Nintendo,5700
accessories,fair,Anker,4450
phone,poor,Google,18950
laptop,poor,Apple,31850
camera,poor,Fujifilm,18050
furniture,poor,Otobi,8650
bicycle,poor,Hero,9100
appliance,poor,Walton,21050
fashion,poor,Yellow,3550
books,poor,OReilly,1500
gaming,poor,Razer,17550
accessories,poor,Anker,1900
phone,new,Xiaomi,83050
laptop,new,Lenovo,136000
camera,new,Panasonic,98000
furniture,new,Hatil,47650
bicycle,new,Giant,17650
appliance,new,Samsung,58200
fashion,new,Generic,15250
books,new,Cambridge,3650
gaming,new,Nintendo,79250
accessories,new,Generic,4900
phone,excellent,Apple,33700
laptop,excellent,Apple,115600
camera,excellent,Canon,56000
furniture,excellent,Local,35150
bicycle,excellent,Trek,49350
appliance,excellent,Walton,37650
fashion,excellent,Sailor,4950
books,excellent,Penguin,3000
gaming,excellent,Nintendo,43500
accessories,excellent,Anker,8450
phone,good,Apple,62050
laptop,good,Dell,78900
camera,good,Sony,13700
furniture,good,Local,19800
bicycle,good,Duranta,56000
appliance,good,LG,12350
fashion,good,Ecstasy,3050
books,good,Pearson,2100
gaming,good,Razer,11400
accessories,good,Generic,4300
phone,fair,Google,15300
laptop,fair,Acer,57200
camera,fair,Nikon,62200
furniture,fair,IKEA,9050
bicycle,fair,Trek,22000
appliance,fair,Walton,20200
fashion,fair,Aarong,4050
books,fair,Nilkhet,1350
gaming,fair,Razer,34450
accessories,fair,Generic,6750
phone,poor,Xiaomi,12850
laptop,poor,HP,18150
camera,poor,Fujifilm,27000
furniture,poor,Hatil,1450
bicycle,poor,Giant,2300
appliance,poor,LG,12350
fashion,poor,Generic,400
books,poor,OReilly,1200
gaming,poor,Razer,21900
accessories,poor,Apple,1050
phone,new,Apple,30700
laptop,new,Lenovo,139900
camera,new,Panasonic,107450
furniture,new,Local,17000
bicycle,new,Duranta,57650
appliance,new,LG,88850
fashion,new,Sailor,4750
books,new,Penguin,3100
gaming,new,Logitech,48300
accessories,new,Generic,9250
phone,excellent,Samsung,66550
laptop,excellent,Apple,84300
camera,excellent,Canon,39300
furniture,excellent,Otobi,14550
bicycle,excellent,Phoenix,55600
appliance,excellent,Singer,43800
fashion,excellent,Ecstasy,15100
books,excellent,Nilkhet,1200
gaming,excellent,Sony,3550
accessories,excellent,Baseus,2150
phone,good,OnePlus,13300
laptop,good,Dell,92950
camera,good,Fujifilm,50150
furniture,good,Regal,5500
bicycle,good,Phoenix,20150
appliance,good,Samsung,42300
fashion,good,Sailor,9300
books,good,Nilkhet,2950
gaming,good,Sony,31700
accessories,good,Anker,3700
phone,fair,Apple,45950
laptop,fair,Asus,70500
camera,fair,Fujifilm,23100
furniture,fair,IKEA,16500
bicycle,fair,Giant,26650
appliance,fair,LG,33350
fashion,fair,Generic,2900
books,fair,OReilly,500
gaming,fair,Sony,17900
accessories,fair,Apple,4350
phone,poor,Google,24750
laptop,poor,Lenovo,32850
camera,poor,Sony,30600
furniture,poor,Otobi,6850
bicycle,poor,Duranta,4250
appliance,poor,Samsung,18650
fashion,poor,Yellow,3300
books,poor,Cambridge,1300
gaming,poor,Microsoft,650
accessories,poor,Anker,4450
phone,new,Xiaomi,58550
laptop,new,HP,57150
camera,new,Canon,143450
furniture,new,IKEA,32500
bicycle,new,Phoenix,24550
appliance,new,Samsung,2400
fashion,new,Yellow,14800
books,new,Cambridge,1550
gaming,new,Razer,29750
accessories,new,Samsung,950
phone,excellent,Realme,44100
laptop,excellent,HP,108200
camera,excellent,Nikon,33450
furniture,excellent,Otobi,39650
bicycle,excellent,Duranta,8200
appliance,excellent,Singer,43150
fashion,excellent,Aarong,11650
books,excellent,Nilkhet,4800
gaming,excellent,Microsoft,34950
accessories,excellent,Anker,13400
phone,good,Xiaomi,63550
laptop,good,Acer,62850
camera,good,Nikon,57400
furniture,good,Otobi,29900
bicycle,good,Phoenix,6050
appliance,good,Samsung,24250
fashion,good,Sailor,5950
books,good,Cambridge,3200
gaming,good,Razer,6750
accessories,good,Apple,12750
phone,fair,Google,18200
laptop,fair,HP,36600
camera,fair,Fujifilm,11500
furniture,fair,Regal,20350
bicycle,fair,Giant,36350
appliance,fair,LG,10250
fashion,fair,Aarong,6000
books,fair,Nilkhet,2300
gaming,fair,Microsoft,30500
accessories,fair,Samsung,4000
phone,poor,Google,15900
laptop,poor,Apple,8550
camera,poor,Canon,7750
furniture,poor,Hatil,2450
bicycle,poor,Trek,19000
appliance,poor,Whirlpool,20600
fashion,poor,Ecstasy,3700
books,poor,Penguin,450
gaming,poor,Nintendo,5400
accessories,poor,Apple,2750
phone,new,Samsung,118450
laptop,new,Apple,154750
camera,new,Nikon,125400
furniture,new,Regal,6750
bicycle,new,Phoenix,61000
appliance,new,Whirlpool,46950
fashion,new,Yellow,15550
books,new,Nilkhet,2950
gaming,new,Microsoft,73100
accessories,new,Apple,19900
phone,excellent,Realme,47900
laptop,excellent,HP,62100
camera,excellent,Sony,22400
furniture,excellent,Local,31950
bicycle,excellent,Hero,54000
appliance,excellent,Samsung,9850
fashion,excellent,Yellow,10800
books,excellent,Penguin,5100
gaming,excellent,Sony,19300
accessories,excellent,Baseus,12600
phone,good,Xiaomi,45650
laptop,good,Acer,96000
camera,good,Fujifilm,66750
furniture,good,Hatil,4100
bicycle,good,Duranta,35350
appliance,good,Whirlpool,39700
fashion,good,Yellow,6550
books,good,Penguin,1800
gaming,good,Logitech,22300
accessories,good,Samsung,1700
phone,fair,Google,10750
laptop,fair,HP,63400
camera,fair,Fujifilm,24000
furniture,fair,Hatil,15050
bicycle,fair,Phoenix,36000
appliance,fair,Walton,11550
fashion,fair,Yellow,4000
books,fair,Nilkhet,1650
gaming,fair,Logitech,7050
accessories,fair,Samsung,6700
phone,poor,Samsung,27400
laptop,poor,Dell,7450
camera,poor,Panasonic,18200
furniture,poor,Otobi,3050
bicycle,poor,Hero,13200
appliance,poor,Samsung,3450
fashion,poor,Generic,1000
books,poor,Nilkhet,800
gaming,poor,Microsoft,650
accessories,poor,Apple,1650
phone,new,Xiaomi,91150
laptop,new,Asus,128350
camera,new,Panasonic,110300
furniture,new,Hatil,21350
bicycle,new,Duranta,65900
appliance,new,Whirlpool,60400
fashion,new,Ecstasy,13200
books,new,Cambridge,4200
gaming,new,Logitech,26850
accessories,new,Samsung,7950
phone,excellent,Realme,61200
laptop,excellent,Apple,23000
camera,excellent,Sony,59300
furniture,excellent,Hatil,2850
bicycle,excellent,Duranta,60750
appliance,excellent,Walton,76900
fashion,excellent,Ecstasy,5850
books,excellent,Pearson,1750
gaming,excellent,Logitech,25550
accessories,excellent,Anker,16450
phone,good,OnePlus,35700
laptop,good,Dell,46100
camera,good,Fujifilm,17100
furniture,good,Otobi,2250
bicycle,good,Duranta,48250
appliance,good,Singer,10250
fashion,good,Ecstasy,9050
books,good,Cambridge,4200
gaming,good,Microsoft,12900
accessories,good,Apple,11300
phone,fair,Google,43700
laptop,fair,Asus,25950
camera,fair,Panasonic,28600
furniture,fair,Hatil,17600
bicycle,fair,Duranta,30100
appliance,fair,Walton,16000
fashion,fair,Sailor,3800
books,fair,Penguin,650
gaming,fair,Sony,36000
accessories,fair,Apple,5600
phone,poor,Apple,20200
laptop,poor,HP,21200
camera,poor,Fujifilm,31400
furniture,poor,Regal,10400
bicycle,poor,Phoenix,22700
appliance,poor,Whirlpool,14650
fashion,poor,Yellow,2500
books,poor,Cambridge,750
gaming,poor,Microsoft,9750
accessories,poor,Apple,3450
phone,new,Apple,101250
laptop,new,Lenovo,79350
camera,new,Nikon,112350
furniture,new,Hatil,35550
bicycle,new,Hero,47400
appliance,new,Samsung,41300
fashion,new,Ecstasy,3400
books,new,Pearson,5050
gaming,new,Razer,28450
accessories,new,Apple,11000
phone,excellent,Samsung,36750
laptop,excellent,Acer,77150
camera,excellent,Canon,92650
furniture,excellent,Otobi,6950
bicycle,excellent,Duranta,7800
appliance,excellent,Walton,29000
fashion,excellent,Ecstasy,450
books,excellent,Pearson,300
gaming,excellent,Nintendo,63250
accessories,excellent,Baseus,8000
phone,good,Xiaomi,18500
laptop,good,Asus,33050
camera,good,Canon,23150
furniture,good,Otobi,15100
bicycle,good,Trek,12200
appliance,good,Whirlpool,20450
fashion,good,Ecstasy,2600
books,good,Cambridge,2850
gaming,good,Razer,23400
accessories,good,Samsung,9700
phone,fair,Samsung,12450
laptop,fair,Apple,55500
camera,fair,Panasonic,47300
furniture,fair,IKEA,5800
bicycle,fair,Trek,25450
appliance,fair,Singer,23500
fashion,fair,Aarong,5000
books,fair,Penguin,1850
gaming,fair,Logitech,27900
accessories,fair,Apple,3000
phone,poor,Google,31050
laptop,poor,Asus,15850
camera,poor,Nikon,28000
furniture,poor,Hatil,7300
bicycle,poor,Duranta,1250
appliance,poor,Walton,10450
fashion,poor,Sailor,3200
books,poor,Cambridge,950
gaming,poor,Microsoft,14600
accessories,poor,Anker,2200
phone,new,Xiaomi,77400
laptop,new,Acer,122950
camera,new,Sony,83650
furniture,new,Otobi,48750
bicycle,new,Hero,83050
appliance,new,Samsung,29800
fashion,new,Yellow,3700
books,new,OReilly,5150
gaming,new,Sony,36100
accessories,new,Baseus,15250
phone,excellent,Xiaomi,37300
laptop,excellent,Dell,101000
camera,excellent,Sony,56550
furniture,excellent,Otobi,30050
bicycle,excellent,Giant,64250
appliance,excellent,Singer,15350
fashion,excellent,Generic,3250
books,excellent,Pearson,500
gaming,excellent,Microsoft,36200
accessories,excellent,Apple,7200
phone,good,Realme,18600
laptop,good,Acer,43050
camera,good,Fujifilm,41550
furniture,good,Local,28600
bicycle,good,Trek,22250
appliance,good,LG,29350
fashion,good,Yellow,5700
books,good,Penguin,3800
gaming,good,Sony,60750
accessories,good,Apple,10650
phone,fair,OnePlus,34300
laptop,fair,Dell,73750
camera,fair,Panasonic,6350
furniture,fair,Local,17550
bicycle,fair,Hero,21700
appliance,fair,Walton,22700
fashion,fair,Sailor,5100
books,fair,OReilly,1550
gaming,fair,Logitech,27600
accessories,fair,Apple,6150
phone,poor,Google,23100
laptop,poor,Dell,21950
camera,poor,Fujifilm,18500
furniture,poor,Hatil,800
bicycle,poor,Trek,14200
appliance,poor,Whirlpool,1650
fashion,poor,Aarong,3800
books,poor,OReilly,700
gaming,poor,Logitech,13650
accessories,poor,Generic,1650
phone,new,Apple,68000
laptop,new,Asus,103650
camera,new,Nikon,20450
furniture,new,IKEA,22750
bicycle,new,Hero,46250
appliance,new,Singer,11950
fashion,new,Aarong,2250
books,new,Nilkhet,1400
gaming,new,Nintendo,9700
accessories,new,Generic,4050
phone,excellent,Apple,25800
laptop,excellent,Acer,120750
camera,excellent,Fujifilm,58800
furniture,excellent,IKEA,37950
bicycle,excellent,Duranta,21400
appliance,excellent,Whirlpool,55350
fashion,excellent,Yellow,9450
books,excellent,Cambridge,5550
gaming,excellent,Nintendo,58900
accessories,excellent,Baseus,7200
phone,good,Google,48000
laptop,good,Lenovo,83750
camera,good,Canon,57050
furniture,good,Hatil,8550
bicycle,good,Hero,56300
appliance,good,Singer,36100
fashion,good,Aarong,12100
books,good,Pearson,3800
gaming,good,Nintendo,34550
accessories,good,Anker,15200
phone,fair,Apple,20000
laptop,fair,HP,33550
camera,fair,Panasonic,44400
furniture,fair,Otobi,22800
bicycle,fair,Duranta,30950
appliance,fair,Walton,18200
fashion,fair,Sailor,6750
books,fair,Penguin,1450
gaming,fair,Nintendo,27750
accessories,fair,Apple,8000
phone,poor,Realme,20500
laptop,poor,Acer,25650
camera,poor,Fujifilm,19300
furniture,poor,Hatil,3150
bicycle,poor,Hero,1200
appliance,poor,LG,19000
fashion,poor,Yellow,2600
books,poor,Pearson,1500
gaming,poor,Razer,9500
accessories,poor,Baseus,3600
phone,new,Apple,44950
laptop,new,Apple,117350
camera,new,Sony,94400
furniture,new,Otobi,5300
bicycle,new,Duranta,19500
appliance,new,LG,55450
fashion,new,Generic,11450
books,new,Pearson,5200
gaming,new,Razer,78000
accessories,new,Apple,3250
phone,excellent,Google,68150
laptop,excellent,Lenovo,144250
camera,excellent,Fujifilm,68850
furniture,excellent,Hatil,34750
bicycle,excellent,Giant,13000
appliance,excellent,LG,6250
fashion,excellent,Aarong,4200
books,excellent,OReilly,4350
gaming,excellent,Nintendo,40900
accessories,excellent,Samsung,3700
phone,good,Realme,12700
laptop,good,Asus,46100
camera,good,Panasonic,83300
furniture,good,IKEA,6500
bicycle,good,Phoenix,8750
appliance,good,Samsung,54900
fashion,good,Aarong,2300
books,good,Penguin,200
gaming,good,Microsoft,28850
accessories,good,Anker,6100
phone,fair,Apple,28500
laptop,fair,Asus,59500
camera,fair,Canon,46050
furniture,fair,Regal,21850
bicycle,fair,Phoenix,10350
appliance,fair,LG,20700
fashion,fair,Sailor,650
books,fair,Nilkhet,1800
gaming,fair,Razer,43900
accessories,fair,Anker,3450
phone,poor,OnePlus,4400
laptop,poor,Lenovo,34550
camera,poor,Canon,34900
furniture,poor,Hatil,900
bicycle,poor,Duranta,12250
appliance,poor,LG,8200
fashion,poor,Ecstasy,3350
books,poor,Cambridge,800
gaming,poor,Microsoft,2500
accessories,poor,Generic,5350
phone,new,Samsung,99300
laptop,new,Apple,99550
camera,new,Sony,40450
furniture,new,IKEA,7350
bicycle,new,Hero,92650
appliance,new,LG,66850
fashion,new,Ecstasy,2150
books,new,Cambridge,2850
gaming,new,Microsoft,76200
accessories,new,Baseus,3050
phone,excellent,Samsung,86550
laptop,excellent,Dell,35950
camera,excellent,Canon,47900
furniture,excellent,Otobi,16450
bicycle,excellent,Duranta,37500
appliance,excellent,LG,14950
fashion,excellent,Generic,3200
books,excellent,OReilly,2850
gaming,excellent,Razer,21700
accessories,excellent,Generic,13900
phone,good,OnePlus,31850
laptop,good,Apple,84400
camera,good,Panasonic,37750
furniture,good,IKEA,19400
bicycle,good,Hero,40350
appliance,good,Walton,39350
fashion,good,Yellow,7000
books,good,Cambridge,3650
gaming,good,Sony,46350
accessories,good,Samsung,6200
phone,fair,Apple,19950
laptop,fair,Asus,40100
camera,fair,Panasonic,46600
furniture,fair,Hatil,13650
bicycle,fair,Giant,33350
appliance,fair,Samsung,30250
fashion,fair,Ecstasy,1800
books,fair,Cambridge,1250
gaming,fair,Razer,12850
accessories,fair,Samsung,6400
phone,poor,Google,10200
laptop,poor,Acer,22200
camera,poor,Nikon,28200
furniture,poor,IKEA,7900
bicycle,poor,Giant,13850
appliance,poor,Walton,24500
fashion,poor,Aarong,3600
books,poor,OReilly,650
gaming,poor,Nintendo,13450
accessories,poor,Samsung,2050
phone,new,OnePlus,58600
laptop,new,HP,74050
camera,new,Fujifilm,24700
furniture,new,Otobi,39900
bicycle,new,Phoenix,35750
appliance,new,Singer,40100
fashion,new,Aarong,6850
books,new,Nilkhet,5050
gaming,new,Razer,64300
accessories,new,Anker,3400
phone,excellent,OnePlus,70150
laptop,excellent,Asus,31150
camera,excellent,Fujifilm,60750
furniture,excellent,IKEA,12200
bicycle,excellent,Giant,9950
appliance,excellent,Walton,53450
fashion,excellent,Aarong,2900
books,excellent,Nilkhet,200
gaming,excellent,Logitech,61350
accessories,excellent,Samsung,700
phone,good,Google,44050
laptop,good,Dell,51200
camera,good,Fujifilm,52150
furniture,good,Otobi,18950
bicycle,good,Phoenix,29800
appliance,good,Samsung,38100
fashion,good,Generic,9200
books,good,Pearson,2750
gaming,good,Logitech,6200
accessories,good,Apple,11550
phone,fair,Samsung,16600
laptop,fair,Acer,32300
camera,fair,Panasonic,6450
furniture,fair,Local,21250
bicycle,fair,Phoenix,33000
appliance,fair,LG,33000
fashion,fair,Sailor,3800
books,fair,Cambridge,2050
gaming,fair,Razer,26900
accessories,fair,Samsung,6150
phone,poor,Samsung,22400
laptop,poor,Dell,38300
camera,poor,Sony,17250
furniture,poor,IKEA,1050
bicycle,poor,Duranta,18450
appliance,poor,Samsung,3150
fashion,poor,Aarong,2450
books,poor,Cambridge,1250
gaming,poor,Razer,650
accessories,poor,Anker,900
phone,new,OnePlus,37050
laptop,new,HP,146650
camera,new,Panasonic,31050
furniture,new,IKEA,26250
bicycle,new,Giant,31550
appliance,new,Samsung,37850
fashion,new,Sailor,18950
books,new,Cambridge,300
gaming,new,Nintendo,11900
accessories,new,Baseus,2450
phone,excellent,Xiaomi,42850
laptop,excellent,HP,73050
camera,excellent,Panasonic,89700
furniture,excellent,Local,22100
bicycle,excellent,Hero,11450
appliance,excellent,Samsung,17550
fashion,excellent,Sailor,1250
books,excellent,Penguin,1950
gaming,excellent,Microsoft,33150
accessories,excellent,Anker,600
phone,good,Apple,56000
laptop,good,HP,45650
camera,good,Sony,42250
furniture,good,Local,18550
bicycle,good,Duranta,53250
appliance,good,Singer,50700
fashion,good,Ecstasy,6000
books,good,Cambridge,1350
gaming,good,Nintendo,10750
accessories,good,Anker,4450
phone,fair,Google,35850
laptop,fair,Asus,33150
camera,fair,Sony,41250
furniture,fair,Hatil,11500
bicycle,fair,Trek,3550
appliance,fair,Samsung,34500
fashion,fair,Yellow,5200
books,fair,Nilkhet,2450
gaming,fair,Logitech,9650
accessories,fair,Generic,450
phone,poor,Realme,22250
laptop,poor,Asus,9650
camera,poor,Fujifilm,13100
furniture,poor,Hatil,12350
bicycle,poor,Duranta,1600
appliance,poor,Whirlpool,18450
fashion,poor,Yellow,2900
books,poor,OReilly,200
gaming,poor,Microsoft,20050
accessories,poor,Samsung,1300
phone,new,OnePlus,33000
laptop,new,Acer,109850
camera,new,Sony,44400
furniture,new,Hatil,25650
bicycle,new,Phoenix,12350
appliance,new,Singer,8650
fashion,new,Ecstasy,550
books,new,Cambridge,4550
gaming,new,Nintendo,22800
accessories,new,Anker,13650
phone,excellent,Xiaomi,32450
laptop,excellent,Apple,100950
camera,excellent,Nikon,63450
furniture,excellent,Local,38550
bicycle,excellent,Giant,7450
appliance,excellent,Whirlpool,60500
fashion,excellent,Generic,2100
books,excellent,Pearson,3950
gaming,excellent,Sony,41450
accessories,excellent,Anker,16200
phone,good,Samsung,31750
laptop,good,HP,47400
camera,good,Canon,16150
furniture,good,Regal,19200
bicycle,good,Hero,24050
appliance,good,LG,18600
fashion,good,Sailor,8000
books,good,Penguin,3000
gaming,good,Sony,8900
accessories,good,Anker,14550
phone,fair,Apple,50000
laptop,fair,Lenovo,22250
camera,fair,Sony,30750
furniture,fair,Otobi,18350
bicycle,fair,Duranta,5600
appliance,fair,Samsung,31300
fashion,fair,Ecstasy,4050
books,fair,OReilly,2550
gaming,fair,Razer,30400
accessories,fair,Apple,8650
phone,poor,OnePlus,23750
laptop,poor,HP,43000
camera,poor,Sony,16050
furniture,poor,Regal,11300
bicycle,poor,Giant,10950
appliance,poor,Singer,22300
fashion,poor,Yellow,3950
books,poor,Nilkhet,1150
gaming,poor,Microsoft,22900
accessories,poor,Anker,100
phone,new,Samsung,27550
laptop,new,Lenovo,106150
camera,new,Canon,38800
furniture,new,Local,18850
bicycle,new,Hero,69750
appliance,new,Walton,47100
fashion,new,Aarong,600
books,new,Cambridge,4400
gaming,new,Nintendo,14650
accessories,new,Baseus,16950
phone,excellent,Xiaomi,24350
laptop,excellent,Asus,24000
camera,excellent,Fujifilm,30250
furniture,excellent,Otobi,16700
bicycle,excellent,Giant,13950
appliance,excellent,LG,39600
fashion,excellent,Aarong,9550
books,excellent,Nilkhet,2300
gaming,excellent,Nintendo,10300
accessories,excellent,Baseus,1000
phone,good,Xiaomi,41350
laptop,good,Asus,59900
camera,good,Panasonic,94750
furniture,good,Hatil,6150
bicycle,good,Duranta,20650
appliance,good,Samsung,13700
fashion,good,Yellow,900
books,good,Cambridge,950
gaming,good,Logitech,44450
accessories,good,Baseus,13100
phone,fair,Apple,9450
laptop,fair,Dell,32850
camera,fair,Fujifilm,54050
furniture,fair,IKEA,17550
bicycle,fair,Giant,8100
appliance,fair,Singer,22900
fashion,fair,Aarong,1550
books,fair,Pearson,300
gaming,fair,Razer,5150
accessories,fair,Samsung,2600
phone,poor,Google,21550
laptop,poor,Acer,6050
camera,poor,Sony,20500
furniture,poor,IKEA,450
bicycle,poor,Trek,1500
appliance,poor,Singer,12600
fashion,poor,Sailor,800
books,poor,Nilkhet,1250
gaming,poor,Sony,6800
accessories,poor,Baseus,2300
phone,new,Samsung,75000
laptop,new,HP,83600
camera,new,Canon,50100
furniture,new,IKEA,40950
bicycle,new,Trek,36000
appliance,new,LG,16950
fashion,new,Aarong,13600
books,new,Nilkhet,2900
gaming,new,Microsoft,6600
accessories,new,Anker,9050
phone,excellent,Apple,48850
laptop,excellent,Apple,41950
camera,excellent,Sony,108650
furniture,excellent,Local,30950
bicycle,excellent,Phoenix,6700
appliance,excellent,Singer,30050
fashion,excellent,Yellow,11950
books,excellent,Nilkhet,950
gaming,excellent,Sony,25100
accessories,excellent,Baseus,11250
phone,good,Google,64550
laptop,good,Dell,76150
camera,good,Nikon,58000
furniture,good,Local,27900
bicycle,good,Hero,5900
appliance,good,Samsung,7950
fashion,good,Sailor,11300
books,good,Pearson,1950
gaming,good,Nintendo,18400
accessories,good,Anker,1950
phone,fair,Samsung,32000
laptop,fair,Dell,65000
camera,fair,Nikon,19750
furniture,fair,IKEA,1100
bicycle,fair,Trek,14050
appliance,fair,Samsung,27800
fashion,fair,Generic,3750
books,fair,Penguin,800
gaming,fair,Microsoft,8450
accessories,fair,Apple,1650
phone,poor,Samsung,18650
laptop,poor,Asus,30500
camera,poor,Nikon,10600
furniture,poor,Regal,10200
bicycle,poor,Duranta,15900
appliance,poor,Samsung,2250
fashion,poor,Ecstasy,2850
books,poor,Cambridge,350
gaming,poor,Microsoft,18900
accessories,poor,Anker,3750
phone,new,Realme,118000
laptop,new,Apple,38000
camera,new,Canon,129700
furniture,new,Local,37650
bicycle,new,Phoenix,58750
appliance,new,Whirlpool,12850
fashion,new,Generic,17250
books,new,Penguin,4650
gaming,new,Nintendo,62250
accessories,new,Apple,19950
phone,excellent,Xiaomi,15000
laptop,excellent,Dell,57900
camera,excellent,Canon,38700
furniture,excellent,Hatil,40600
bicycle,excellent,Phoenix,51550
appliance,excellent,LG,31700
fashion,excellent,Ecstasy,7700
books,excellent,Penguin,3050
gaming,excellent,Microsoft,69100
accessories,excellent,Anker,13200
phone,good,Google,65450
laptop,good,Dell,58750
camera,good,Panasonic,40300
furniture,good,Hatil,12350
bicycle,good,Hero,29850
appliance,good,Walton,18550
fashion,good,Generic,11800
books,good,Cambridge,1750
gaming,good,Razer,21000
accessories,good,Anker,3800
phone,fair,Samsung,36100
laptop,fair,Acer,54200
camera,fair,Fujifilm,12100
furniture,fair,Regal,8750
bicycle,fair,Hero,35500
appliance,fair,Samsung,13300
fashion,fair,Aarong,1300
books,fair,OReilly,1000
gaming,fair,Logitech,37900
accessories,fair,Generic,2850
phone,poor,Apple,18900
laptop,poor,Acer,17900
camera,poor,Fujifilm,27700
furniture,poor,Regal,11700
bicycle,poor,Trek,2500
appliance,poor,Singer,4050
fashion,poor,Aarong,3650
books,poor,OReilly,900
gaming,poor,Sony,9700
accessories,poor,Apple,350
phone,new,Apple,64750
laptop,new,Lenovo,145450
camera,new,Nikon,73850
furniture,new,Hatil,34550
bicycle,new,Hero,11150
appliance,new,Singer,33200
fashion,new,Sailor,1500
books,new,Penguin,3450
gaming,new,Sony,18500
accessories,new,Apple,15050
phone,excellent,OnePlus,49200
laptop,excellent,Acer,75950
camera,excellent,Canon,18250
furniture,excellent,Local,19450
bicycle,excellent,Phoenix,59700
appliance,excellent,Walton,4550
fashion,excellent,Generic,10650
books,excellent,OReilly,2400
gaming,excellent,Nintendo,29550
accessories,excellent,Generic,11450
phone,good,Google,51200
laptop,good,Apple,56900
camera,good,Sony,52800
furniture,good,IKEA,24750
bicycle,good,Duranta,8000
appliance,good,LG,52400
fashion,good,Sailor,11300
books,good,Nilkhet,3700
gaming,good,Nintendo,34550
accessories,good,Generic,10700
phone,fair,Apple,11300
laptop,fair,Acer,11300
camera,fair,Nikon,22950
furniture,fair,Local,15150
bicycle,fair,Hero,27250
appliance,fair,Whirlpool,12050
fashion,fair,Ecstasy,800
books,fair,Nilkhet,2400
gaming,fair,Sony,10950
accessories,fair,Baseus,7450
phone,poor,Google,17650
laptop,poor,Apple,33950
camera,poor,Panasonic,18250
furniture,poor,Hatil,11850
bicycle,poor,Hero,9350
appliance,poor,Walton,1100
fashion,poor,Yellow,2400
books,poor,OReilly,1200
gaming,poor,Logitech,19000
accessories,poor,Samsung,2050
phone,new,Realme,121000
laptop,new,Dell,74950
camera,new,Canon,47750
furniture,new,IKEA,19050
bicycle,new,Hero,71500
appliance,new,Singer,80350
fashion,new,Generic,1100
books,new,Penguin,3300
gaming,new,Microsoft,77000
accessories,new,Baseus,5750
phone,excellent,Google,61050
laptop,excellent,Dell,109100
camera,excellent,Fujifilm,65250
furniture,excellent,Hatil,22500
bicycle,excellent,Giant,6950
appliance,excellent,Singer,43050
fashion,excellent,Yellow,1100
books,excellent,OReilly,4250
gaming,excellent,Logitech,74750
accessories,excellent,Anker,1700
phone,good,Apple,14950
laptop,good,Acer,86500
camera,good,Fujifilm,12650
furniture,good,IKEA,15000
bicycle,good,Hero,32200
appliance,good,Whirlpool,19950
fashion,good,Aarong,2800
books,good,Nilkhet,3900
gaming,good,Microsoft,51650
accessories,good,Anker,5750
phone,fair,Google,21850
laptop,fair,Acer,13750
camera,fair,Fujifilm,48200
furniture,fair,Local,3250
bicycle,fair,Trek,13350
appliance,fair,Whirlpool,35200
fashion,fair,Yellow,3300
books,fair,Pearson,1850
gaming,fair,Razer,20150
accessories,fair,Anker,5550
phone,poor,Xiaomi,4150
laptop,poor,Lenovo,32250
camera,poor,Fujifilm,21350
furniture,poor,Local,1050
bicycle,poor,Trek,4300
appliance,poor,Walton,6600
fashion,poor,Sailor,2300
books,poor,OReilly,500
gaming,poor,Razer,8850
accessories,poor,Baseus,1650
phone,new,Google,61500
laptop,new,Asus,134300
camera,new,Sony,57800
furniture,new,Regal,18700
bicycle,new,Giant,41250
appliance,new,LG,16100
fashion,new,Generic,12750
books,new,Cambridge,350
gaming,new,Razer,37700
accessories,new,Anker,2550
phone,excellent,Realme,76350
laptop,excellent,Dell,90300
camera,excellent,Sony,50850
furniture,excellent,Hatil,21250
bicycle,excellent,Giant,48100
appliance,excellent,LG,7100
fashion,excellent,Aarong,5550
books,excellent,OReilly,3700
gaming,excellent,Nintendo,48350
accessories,excellent,Generic,10200
phone,good,Samsung,43300
laptop,good,Acer,43150
camera,good,Fujifilm,64850
furniture,good,Hatil,9450
bicycle,good,Trek,44300
appliance,good,Walton,43600
fashion,good,Aarong,4700
books,good,Penguin,2450
gaming,good,Microsoft,24350
accessories,good,Apple,11000
phone,fair,Samsung,31650
laptop,fair,Dell,47150
camera,fair,Nikon,21300
furniture,fair,IKEA,9350
bicycle,fair,Phoenix,34200
appliance,fair,Walton,37800
fashion,fair,Yellow,5400
books,fair,Penguin,1500
gaming,fair,Sony,20350
accessories,fair,Apple,3200
phone,poor,OnePlus,12600
laptop,poor,Dell,19950
camera,poor,Canon,19950
furniture,poor,Regal,6350
bicycle,poor,Hero,1650
appliance,poor,Samsung,8950
fashion,poor,Aarong,3450
books,poor,Nilkhet,100
gaming,poor,Sony,2600
accessories,poor,Baseus,1950
phone,new,Xiaomi,96650
laptop,new,HP,68600
camera,new,Sony,59300
furniture,new,IKEA,21050
bicycle,new,Phoenix,23900
appliance,new,LG,33550
fashion,new,Sailor,10750
books,new,OReilly,3350
gaming,new,Razer,3250
accessories,new,Baseus,9850
phone,excellent,Apple,73500
laptop,excellent,Lenovo,119300
camera,excellent,Fujifilm,56800
furniture,excellent,Hatil,34850
bicycle,excellent,Duranta,58800
appliance,excellent,LG,46450
fashion,excellent,Ecstasy,3750
books,excellent,Cambridge,1850
gaming,excellent,Razer,71850
accessories,excellent,Samsung,6150
phone,good,Google,58800
laptop,good,Dell,40650
camera,good,Fujifilm,59900
furniture,good,Hatil,5450
bicycle,good,Trek,53700
appliance,good,LG,8850
fashion,good,Yellow,5050
books,good,Penguin,3500
gaming,good,Nintendo,25550
accessories,good,Samsung,8900
phone,fair,Xiaomi,21850
laptop,fair,Dell,35050
camera,fair,Canon,22700
furniture,fair,Regal,18550
bicycle,fair,Giant,3700
appliance,fair,Samsung,1400
fashion,fair,Generic,2800
books,fair,Pearson,400
gaming,fair,Logitech,22900
accessories,fair,Anker,7400
phone,poor,Samsung,19600
laptop,poor,HP,28950
camera,poor,Sony,21500
furniture,poor,Otobi,7800
bicycle,poor,Phoenix,13800
appliance,poor,LG,16350
fashion,poor,Ecstasy,2250
books,poor,Pearson,1400
gaming,poor,Microsoft,4950
accessories,poor,Baseus,650
phone,new,Apple,94050
laptop,new,HP,61300
camera,new,Fujifilm,124600
furniture,new,Otobi,41550
bicycle,new,Hero,29300
appliance,new,Singer,5650
fashion,new,Yellow,3400
books,new,Nilkhet,2200
gaming,new,Logitech,54000
accessories,new,Samsung,4650
phone,excellent,Realme,71050
laptop,excellent,Asus,85500
camera,excellent,Sony,37200
furniture,excellent,IKEA,19600
bicycle,excellent,Phoenix,34400
appliance,excellent,Whirlpool,46450
fashion,excellent,Yellow,14350
books,excellent,Penguin,4750
gaming,excellent,Razer,45100
accessories,excellent,Generic,1850
phone,good,Apple,77950
laptop,good,Dell,101550
camera,good,Canon,30300
furniture,good,Local,26250
bicycle,good,Phoenix,3050
appliance,good,LG,53500
fashion,good,Generic,9900
books,good,Pearson,700
gaming,good,Razer,28800
accessories,good,Apple,9400
phone,fair,Google,32000
laptop,fair,Lenovo,14250
camera,fair,Fujifilm,19950
furniture,fair,IKEA,15700
bicycle,fair,Giant,25150
appliance,fair,Singer,4750
fashion,fair,Generic,7400
books,fair,Pearson,700
gaming,fair,Microsoft,2700
accessories,fair,Baseus,7450
phone,poor,Xiaomi,6400
laptop,poor,Asus,18950
camera,poor,Canon,7600
furniture,poor,Local,11800
bicycle,poor,Phoenix,16150
